price,surface,rooms,governorate,property_type,log_price,log_surface
310000.0,150.0,3,Monastir,Appart,12.644330802262578,5.017279836814924
621626.0,150.0,3,Sousse,Appart,13.340095513385682,5.017279836814924
605561.0,148.0,3,Sousse,Appart,13.313912231448414,5.003946305945459
620152.0,132.0,2,Sousse,Appart,13.33772150077108,4.890349128221754
2700000.0,476.0,6,Ariana,House,14.80876270134486,6.1675164908883415
365000.0,105.0,2,Nabeul,Appart,12.807655372286902,4.663439094112067
563644.0,135.0,2,Sousse,Appart,13.242179899680204,4.912654885736052
514701.0,115.0,2,Sousse,Appart,13.151343371391992,4.7535901911063645
506961.0,116.0,2,Sousse,Appart,13.136191329074041,4.762173934797756
342775.0,74.0,1,Sousse,Appart,12.74483245158622,4.31748811353631
415524.0,107.0,2,Sousse,Appart,12.93729805993931,4.68213122712422
604877.0,150.0,3,Sousse,Appart,13.312782063785738,5.017279836814924
298230.0,67.0,1,Sousse,Appart,12.6056236329854,4.219507705176107
426690.0,112.0,2,Sousse,Appart,12.96381537685147,4.727387818712341
330810.0,73.0,1,Sousse,Appart,12.709302494299491,4.30406509320417
309900.0,96.0,2,Ariana,Appart,12.644008170618003,4.574710978503383
650000.0,300.0,10,Ariana,Appart,13.384729180332174,5.707110264748875
340000.0,157.0,3,Ariana,Appart,12.73670383776449,5.062595033026967
490000.0,179.0,3,Ariana,Appart,13.102162710901053,5.19295685089021
450000.0,338.0,2,Ariana,House,13.017005083966255,5.82600010738045
1800000.0,751.0,5,Ariana,House,14.403297778421795,6.62273632394984
235000.0,121.0,2,Manouba,Appart,12.367345048436391,4.804021044733257
360000.0,174.0,4,Tunis,Appart,12.793862088206213,5.1647859739235145
2200000.0,500.0,5,Ariana,House,14.603968372873895,6.2166061010848646
1150000.0,450.0,7,Ariana,House,13.955273369904273,6.111467339502679
145000.0,64.0,3,Ben Arous,Appart,11.884495917930655,4.174387269895637
300000.0,127.0,2,Tunis,Appart,12.611541086966115,4.852030263919617
285000.0,83.0,2,Tunis,Appart,12.560247968016562,4.430816798843313
720000.0,160.0,3,Tunis,Appart,13.487007879880162,5.081404364984463
576000.0,118.0,2,Tunis,Appart,13.263864675787632,4.77912349311153
622000.0,136.0,3,Tunis,Appart,13.340696979437066,4.919980925828125
316100.0,104.0,1,Ariana,Appart,12.663817061754543,4.653960350157523
375200.0,137.0,2,Ariana,Appart,12.835217161355857,4.927253685157205
2700000.0,500.0,1,Tunis,House,14.80876270134486,6.2166061010848646
720000.0,219.0,4,Nabeul,House,13.487007879880162,5.393627546352362
560000.0,270.0,4,Nabeul,House,13.235693848424024,5.602118820879701
350000.0,210.0,3,Nabeul,Appart,12.765691290604371,5.351858133476067
145000.0,101.0,1,Ariana,House,11.884495917930655,4.624972813284271
750000.0,230.0,3,Nabeul,House,13.527829818844937,5.442417710521793
538000.0,163.0,3,Ariana,Appart,13.195615697878253,5.099866427824199
295000.0,100.0,2,Tunis,House,12.59473402514672,4.61512051684126
235000.0,107.0,2,Tunis,Appart,12.367345048436391,4.68213122712422
1300000.0,440.0,3,Tunis,House,14.077875591662238,6.089044875446846
526000.0,104.0,2,Nabeul,Appart,13.173058392858724,4.653960350157523
390000.0,140.0,3,Ariana,Appart,12.873904582205107,4.948759890378168
395000.0,150.0,4,Ariana,Appart,12.886643575525625,5.017279836814924
650000.0,105.0,2,Tunis,House,13.384729180332174,4.663439094112067
580000.0,139.0,3,Tunis,Appart,13.270785106659046,4.941642422609304
1100000.0,350.0,3,Nabeul,House,13.910821646859095,5.860786223465865
1050000.0,280.0,4,Nabeul,House,13.864301674514206,5.638354669333745
1700000.0,130.0,4,Nabeul,House,14.346139397261565,4.875197323201151
230000.0,1400.0,3,Nabeul,House,12.345838935721968,7.244941546337007
320000.0,150.0,3,Ben Arous,House,12.676079399771027,5.017279836814924
382000.0,100.0,2,Nabeul,Appart,12.853178505386333,4.61512051684126
268000.0,57.0,1,Nabeul,Appart,12.498745990829315,4.060443010546419
690000.0,385.0,3,Nabeul,House,13.444448325847754,5.955837369464831
390000.0,132.0,2,Nabeul,Appart,12.873904582205107,4.890349128221754
630000.0,90.0,2,Tunis,House,13.353476685668044,4.51085950651685
230000.0,100.0,2,Nabeul,Appart,12.345838935721968,4.61512051684126
1190000.0,365.0,5,Nabeul,House,13.989464705423494,5.902633333401366
860000.0,500.0,5,Nabeul,House,13.664688831019712,6.2166061010848646
160000.0,75.0,2,Nabeul,Appart,11.982935344196433,4.330733340286331
220000.0,170.0,3,Nabeul,House,12.301387370778713,5.14166355650266
230000.0,106.0,2,Nabeul,Appart,12.345838935721968,4.672828834461906
590000.0,156.0,3,Nabeul,Appart,13.28787951079572,5.056245805348308
250000.0,200.0,3,Nabeul,Appart,12.429220196836383,5.303304908059076
1800000.0,600.0,8,Nabeul,House,14.403297778421795,6.398594934535208
400000.0,240.0,2,Nabeul,Appart,12.899222326086994,5.484796933490655
1238000.0,188.0,3,Tunis,Appart,14.029008539980795,5.241747015059643
165000.0,55.0,1,Nabeul,Appart,12.013706813470414,4.02535169073515
1250000.0,360.0,3,Nabeul,House,14.038654909278163,5.8888779583328805
480000.0,280.0,5,Nabeul,House,13.081543466215237,5.638354669333745
370000.0,200.0,3,Nabeul,House,12.821260987319457,5.303304908059076
864000.0,149.0,2,Tunis,Appart,13.66932920519293,5.0106352940962555
472000.0,132.0,3,Tunis,Appart,13.064736383209516,4.890349128221754
420000.0,75.0,1,Tunis,Appart,12.948012371209098,4.330733340286331
980000.0,275.0,4,Tunis,Appart,13.795308871054397,5.62040086571715
582000.0,176.0,2,Ariana,Appart,13.274227444925158,5.176149732573829
420000.0,512.0,2,Nabeul,House,12.948012371209098,6.240275845170769
1500000.0,680.0,4,Nabeul,House,14.220976332738882,6.523562306149512
360000.0,204.0,4,Nabeul,House,12.793862088206213,5.3230099791384085
230000.0,177.0,2,Nabeul,House,12.345838935721968,5.181783550292085
260000.0,77.0,2,Nabeul,Appart,12.468440756144114,4.356708826689592
120000.0,50.0,1,Nabeul,Appart,11.695255355062795,3.9318256327243257
790000.0,725.0,6,Kairouan,House,13.579789490265188,6.587550014824796
160000.0,79.0,2,Kairouan,Appart,11.982935344196433,4.382026634673881
433000.0,150.0,3,Tunis,Appart,12.978495316450783,5.017279836814924
570000.0,156.0,2,Tunis,Appart,13.25339339419516,5.056245805348308
680000.0,131.0,2,Tunis,Appart,13.429849547739444,4.882801922586371
209000.0,83.0,1,Tunis,Appart,12.250094315624496,4.430816798843313
2100000.0,331.0,4,Tunis,House,14.557448378884015,5.805134968916488
650000.0,130.0,2,Nabeul,House,13.384729180332174,4.875197323201151
210000.0,145.0,3,Nabeul,House,12.25486757159303,4.983606621708336
330000.0,300.0,3,Nabeul,House,12.706850963741102,5.707110264748875
165000.0,90.0,2,Nabeul,Appart,12.013706813470414,4.51085950651685
240000.0,216.0,2,Nabeul,House,12.388398368982115,5.37989735354046
412000.0,103.0,2,Ariana,Appart,12.928781055513184,4.6443908991413725
650000.0,170.0,3,Ariana,Appart,13.384729180332174,5.14166355650266
478000.0,128.0,3,Ariana,Appart,13.077368103521614,4.859812404361672
2500000.0,1150.0,2,Tunis,Appart,14.731801689838349,7.048386408721883
280000.0,88.0,2,Sfax,Appart,12.54254845357358,4.48863636973214
527000.0,128.0,3,Ariana,Appart,13.174957725054906,4.859812404361672
220000.0,47.0,1,Ariana,Appart,12.301387370778713,3.871201010907891
2700000.0,400.0,9,Nabeul,House,14.80876270134486,5.993961427306569
570000.0,217.0,3,Tunis,Appart,13.25339339419516,5.384495062789089
1200000.0,305.0,4,Ben Arous,House,13.997832948091215,5.723585101952381
580000.0,200.0,2,Mednine,House,13.270785106659046,5.303304908059076
370000.0,86.0,2,Ariana,Appart,12.821260987319457,4.465908118654584
630000.0,168.0,3,Tunis,Appart,13.353476685668044,5.1298987149230735
1050000.0,220.0,3,Tunis,Appart,13.864301674514206,5.3981627015177525
700000.0,140.0,4,Tunis,Appart,13.45883704259595,4.948759890378168
1260000.0,180.0,2,Tunis,House,14.04662307257814,5.198497031265826
850000.0,473.0,4,Tunis,House,13.652992804936396,6.161207321695077
1650000.0,476.0,2,Tunis,House,14.316286451937186,6.1675164908883415
900000.0,313.0,6,Nabeul,House,13.710151153416941,5.749392985908253
320000.0,131.0,4,Ariana,Appart,12.676079399771027,4.882801922586371
380000.0,160.0,2,Tunis,Appart,12.847929163278053,5.081404364984463
232000.0,62.0,1,Tunis,Appart,12.354496960983985,4.143134726391533
592500.0,279.0,3,Nabeul,Appart,13.292107839753712,5.634789603169249
230000.0,110.0,2,Nabeul,House,12.345838935721968,4.709530201312334
470000.0,170.0,6,Nabeul,House,13.060490101343552,5.14166355650266
540000.0,207.0,1,Tunis,House,13.199326270390594,5.337538079701318
291292.0,110.0,2,Kairouan,Appart,12.582084912449389,4.709530201312334
450000.0,145.0,2,Nabeul,Appart,13.017005083966255,4.983606621708336
420000.0,100.0,2,Nabeul,Appart,12.948012371209098,4.61512051684126
375000.0,140.0,2,Tunis,Appart,12.834683971615659,4.948759890378168
295000.0,109.0,2,Ariana,Appart,12.59473402514672,4.700480365792417
660000.0,263.0,6,Tunis,House,13.399996629152975,5.575949103146316
880000.0,415.0,2,Tunis,Appart,13.68767832281738,6.030685260261263
850000.0,284.0,3,Tunis,House,13.652992804936396,5.652489180268651
209000.0,83.0,1,Tunis,Appart,12.250094315624496,4.430816798843313
390000.0,185.0,2,Tunis,Appart,12.873904582205107,5.225746673713202
224190.0,95.0,2,Kairouan,Appart,12.32025364608475,4.564348191467836
890000.0,500.0,4,Nabeul,House,13.698977865303197,6.2166061010848646
190000.0,65.0,1,Tunis,Appart,12.154784614286667,4.189654742026425
480000.0,129.0,3,Tunis,Appart,13.081543466215237,4.867534450455582
1300000.0,200.0,3,Tunis,Appart,14.077875591662238,5.303304908059076
850000.0,235.0,7,Tunis,House,13.652992804936396,5.4638318050256105
1100000.0,530.0,4,Ariana,House,13.910821646859095,6.274762021241939
257500.0,100.0,3,Manouba,House,12.458778882573533,4.61512051684126
250000.0,120.0,3,Ariana,Appart,12.429220196836383,4.795790545596741
425000.0,176.0,4,Tunis,Appart,12.959846800844963,5.176149732573829
460000.0,157.0,3,Ariana,Appart,13.038983942375959,5.062595033026967
291292.0,105.0,2,Kairouan,Appart,12.582084912449389,4.663439094112067
223532.0,95.0,2,Kairouan,Appart,12.317314333143134,4.564348191467836
188634.0,80.0,2,Kairouan,Appart,12.147569209906774,4.394449154672439
1260000.0,208.0,3,Tunis,Appart,14.04662307257814,5.342334251964811
470000.0,203.0,4,Nabeul,House,13.060490101343552,5.318119993844216
650000.0,550.0,2,Tunis,House,13.384729180332174,6.311734809152915
166000.0,82.0,2,Sousse,Appart,12.019749091416921,4.418840607796598
590000.0,151.0,3,Tunis,Appart,13.28787951079572,5.0238805208462765
290000.0,150.0,3,Tunis,House,12.577639650232573,5.017279836814924
350000.0,310.0,7,Tunis,House,12.765691290604371,5.739792912179234
98000.0,75.0,2,Tunis,Appart,11.49273296168228,4.330733340286331
350000.0,220.0,8,Tunis,House,12.765691290604371,5.3981627015177525
1260000.0,250.0,3,Tunis,Appart,14.04662307257814,5.5254529391317835
240000.0,120.0,2,Sousse,Appart,12.388398368982115,4.795790545596741
720192.0,218.0,3,Sousse,Appart,13.487274510627323,5.389071729816501
485760.0,147.0,3,Sousse,Appart,13.093472012377005,4.997212273764115
306000.0,113.0,2,Sousse,Appart,12.631343648903034,4.736198448394496
170000.0,64.0,1,Ariana,Appart,12.04355959836804,4.174387269895637
1200000.0,493.0,2,Ariana,House,13.997832948091215,6.202535517187923
830000.0,166.0,3,Tunis,Appart,13.629182184591333,5.117993812416755
829000.0,143.0,2,Tunis,Appart,13.627976640389322,4.969813299576001
410000.0,120.0,2,Tunis,Appart,12.923914877701906,4.795790545596741
490000.0,160.0,3,Nabeul,Appart,13.102162710901053,5.081404364984463
780000.0,183.0,3,Nabeul,House,13.567050480716235,5.214935757608986
850000.0,530.0,4,Nabeul,House,13.652992804936396,6.274762021241939
330000.0,220.0,4,Nabeul,House,12.706850963741102,5.3981627015177525
270000.0,107.0,2,Ariana,Appart,12.506180941677357,4.68213122712422
180000.0,150.0,4,Ben Arous,Appart,12.100717685412471,5.017279836814924
900000.0,320.0,6,Ben Arous,House,13.710151153416941,5.771441123130016
380000.0,171.0,4,Ariana,Appart,12.847929163278053,5.147494476813453
200000.0,117.0,4,Tunis,Appart,12.206077645517674,4.770684624465665
300000.0,225.0,3,Nabeul,House,12.611541086966115,5.420534999272286
580000.0,200.0,2,Tunis,Appart,13.270785106659046,5.303304908059076
588000.0,140.0,3,Sousse,Appart,13.28448392755959,4.948759890378168
150000.0,68.0,2,Kairouan,Appart,11.918397239722838,4.23410650459726
480000.0,280.0,3,Kairouan,House,13.081543466215237,5.638354669333745
230000.0,200.0,5,Kairouan,House,12.345838935721968,5.303304908059076
800000.0,200.0,3,Ariana,Appart,13.592368256649284,5.303304908059076
183000.0,53.0,1,Tunis,Appart,12.117246896289503,3.9889840465642745
540000.0,207.0,4,Tunis,Appart,13.199326270390594,5.337538079701318
190000.0,52.0,1,Nabeul,Appart,12.154784614286667,3.970291913552122
1700000.0,206.0,3,Tunis,Appart,14.346139397261565,5.332718793265369
690000.0,130.0,2,Tunis,Appart,13.444448325847754,4.875197323201151
365000.0,63.0,1,Tunis,Appart,12.807655372286902,4.1588830833596715
575000.0,174.0,3,Ariana,Appart,13.26212705890841,5.1647859739235145
4000000.0,500.0,5,Tunis,House,15.201805169084134,6.2166061010848646
820000.0,140.0,2,Tunis,Appart,13.617060838751888,4.948759890378168
458000.0,139.0,3,Ariana,Appart,13.034626646500051,4.941642422609304
440000.0,150.0,4,Ariana,Appart,12.994532278619134,5.017279836814924
230000.0,55.0,1,Nabeul,Appart,12.345838935721968,4.02535169073515
750000.0,250.0,3,Ariana,House,13.527829818844937,5.5254529391317835
255000.0,61.0,1,Nabeul,Appart,12.449022745701502,4.127134385045092
370000.0,200.0,2,Nabeul,House,12.821260987319457,5.303304908059076
980000.0,221.0,4,Nabeul,House,13.795308871054397,5.402677381872279
690000.0,250.0,3,Nabeul,House,13.444448325847754,5.5254529391317835
750000.0,174.0,4,Nabeul,House,13.527829818844937,5.1647859739235145
470000.0,350.0,3,Nabeul,House,13.060490101343552,5.860786223465865
380000.0,97.0,2,Tunis,Appart,12.847929163278053,4.584967478670572
385000.0,140.0,2,Tunis,Appart,12.861001210669146,4.948759890378168
1100000.0,1012.0,3,Nabeul,House,13.910821646859095,6.920671504248683
750000.0,230.0,3,Nabeul,House,13.527829818844937,5.442417710521793
950000.0,460.0,4,Nabeul,House,13.76421831620775,6.133398042996649
680000.0,130.0,3,Nabeul,Appart,13.429849547739444,4.875197323201151
285000.0,57.0,1,Nabeul,Appart,12.560247968016562,4.060443010546419
360000.0,116.0,2,Nabeul,Appart,12.793862088206213,4.762173934797756
490000.0,145.0,3,Nabeul,House,13.102162710901053,4.983606621708336
1189000.0,205.0,3,Tunis,Appart,13.988624016715459,5.327876168789581
415000.0,72.0,1,Tunis,Appart,12.936036208848487,4.290459441148391
379000.0,110.0,2,Tunis,Appart,12.84529412258351,4.709530201312334
388000.0,119.0,2,Tunis,Appart,12.868763195921677,4.787491742782046
370000.0,100.0,2,Ariana,Appart,12.821260987319457,4.61512051684126
399900.0,180.0,3,Ariana,Appart,12.89897229545694,5.198497031265826
1950000.0,4650.0,6,Ariana,House,14.48334044336031,8.444837529224097
155000.0,133.0,2,Nabeul,House,11.951186847493476,4.897839799950911
650000.0,93.0,3,Tunis,Appart,13.384729180332174,4.543294782270004
760000.0,179.0,3,Nabeul,House,13.541075028051122,5.19295685089021
2300000.0,580.0,6,Nabeul,House,14.648420115681892,6.364750756851911
380000.0,110.0,2,Nabeul,Appart,12.847929163278053,4.709530201312334
396000.0,120.0,2,Ariana,Appart,12.889172015485954,4.795790545596741
750000.0,250.0,4,Nabeul,House,13.527829818844937,5.5254529391317835
920000.0,325.0,4,Nabeul,House,13.732130035981154,5.786897381366708
750000.0,220.0,3,Nabeul,House,13.527829818844937,5.3981627015177525
295000.0,100.0,2,Ariana,Appart,12.59473402514672,4.61512051684126
268000.0,125.0,3,Ariana,Appart,12.498745990829315,4.836281906951478
225000.0,59.0,1,Ariana,Appart,12.323860125621126,4.0943445622221
499900.0,180.0,3,Tunis,Appart,13.12216535779974,5.198497031265826
100000.0,70.0,1,Kairouan,Appart,11.51293546492023,4.2626798770413155
3800000.0,700.0,6,Ariana,House,15.150511887854474,6.55250788703459
2300000.0,250.0,4,Ariana,House,14.648420115681892,5.5254529391317835
2000000.0,450.0,5,Ariana,House,14.508658238524095,6.111467339502679
1500000.0,600.0,6,Ariana,House,14.220976332738882,6.398594934535208
330000.0,118.0,3,Tunis,Appart,12.706850963741102,4.77912349311153
2500000.0,547.0,5,Ariana,House,14.731801689838349,6.306275286948016
1200000.0,300.0,6,Ariana,House,13.997832948091215,5.707110264748875
1500000.0,500.0,6,Ariana,House,14.220976332738882,6.2166061010848646
550000.0,250.0,3,Sousse,Appart,13.217675375388819,5.5254529391317835
4200000.0,1200.0,8,Monastir,House,15.250595321348806,7.0909098220799835
5000000.0,1450.0,5,Monastir,House,15.424948670398354,7.280008252884188
360000.0,109.0,2,Sousse,Appart,12.793862088206213,4.700480365792417
760000.0,746.0,4,Nabeul,House,13.541075028051122,6.616065185132817
950000.0,905.0,3,Tunis,House,13.76421831620775,6.80903930604298
255000.0,120.0,3,Ariana,Appart,12.449022745701502,4.795790545596741
315000.0,126.0,3,Manouba,Appart,12.660331092405906,4.844187086458591
525000.0,120.0,3,Tunis,Appart,13.171155446333852,4.795790545596741
645000.0,450.0,4,Nabeul,House,13.377007146164305,6.111467339502679
240000.0,120.0,4,Kairouan,House,12.388398368982115,4.795790545596741
990000.0,232.0,3,Tunis,Appart,13.805461232211272,5.4510384535657
90000.0,50.0,2,Kairouan,Appart,11.407576060361786,3.9318256327243257
950000.0,450.0,5,Sousse,House,13.76421831620775,6.111467339502679
380000.0,100.0,3,Sousse,Appart,12.847929163278053,4.61512051684126
190000.0,80.0,2,Ben Arous,House,12.154784614286667,4.394449154672439
338000.0,150.0,3,Ariana,Appart,12.73080413304066,5.017279836814924
540000.0,147.0,2,Nabeul,Appart,13.199326270390594,4.997212273764115
220000.0,132.0,3,Ben Arous,Appart,12.301387370778713,4.890349128221754
180000.0,110.0,3,Ben Arous,Appart,12.100717685412471,4.709530201312334
383000.0,116.0,2,Ariana,Appart,12.855792879125431,4.762173934797756
406000.0,123.0,3,Ariana,Appart,12.914110901635024,4.820281565605037
255000.0,65.0,1,Tunis,Appart,12.449022745701502,4.189654742026425
442000.0,138.0,3,Sfax,Appart,12.999067423500716,4.9344739331306915
422000.0,107.0,2,Ariana,Appart,12.952762962683588,4.68213122712422
630000.0,150.0,3,Ariana,Appart,13.353476685668044,5.017279836814924
1950000.0,340.0,5,Nabeul,House,14.48334044336031,5.831882477283517
265000.0,140.0,3,Ariana,Appart,12.487488878546145,4.948759890378168
163000.0,70.0,2,Tunis,Appart,12.001511614739405,4.2626798770413155
449000.0,136.0,2,Ariana,Appart,13.014780393893403,4.919980925828125
1450000.0,640.0,10,Nabeul,House,14.187074804051692,6.46302945692067
490000.0,140.0,3,Nabeul,House,13.102162710901053,4.948759890378168
560000.0,146.0,4,Tunis,Appart,13.235693848424024,4.990432586778736
3900000.0,1081.0,8,Tunis,House,15.176487367510099,6.9865664594064265
950000.0,212.0,3,Tunis,Appart,13.76421831620775,5.3612921657094255
620000.0,300.0,3,Tunis,House,13.3374763699232,5.707110264748875
660000.0,200.0,4,Ariana,Appart,13.399996629152975,5.303304908059076
358000.0,108.0,2,Ariana,Appart,12.788291058675025,4.6913478822291435
520000.0,140.0,3,Mednine,House,13.161586013632684,4.948759890378168
440000.0,260.0,2,Nabeul,House,12.994532278619134,5.564520407322694
685000.0,203.0,3,Nabeul,House,13.437175577097312,5.318119993844216
355000.0,122.0,2,Sousse,Appart,12.779875885354993,4.812184355372417
750000.0,200.0,5,Nabeul,House,13.527829818844937,5.303304908059076
870000.0,280.0,4,Nabeul,House,13.676249640055394,5.638354669333745
1100000.0,347.0,4,Nabeul,House,13.910821646859095,5.8522024797744745
1250000.0,500.0,5,Nabeul,House,14.038654909278163,6.2166061010848646
415000.0,160.0,4,Ariana,Appart,12.936036208848487,5.081404364984463
420000.0,127.0,2,Nabeul,Appart,12.948012371209098,4.852030263919617
750000.0,226.0,2,Nabeul,House,13.527829818844937,5.424950017481403
850000.0,350.0,3,Nabeul,House,13.652992804936396,5.860786223465865
835000.0,290.0,6,Nabeul,House,13.635188201437066,5.673323267171493
985000.0,280.0,3,Nabeul,House,13.800397935382136,5.638354669333745
350000.0,107.0,2,Nabeul,Appart,12.765691290604371,4.68213122712422
340000.0,94.0,2,Nabeul,Appart,12.73670383776449,4.553876891600541
900000.0,224.0,4,Mednine,House,13.710151153416941,5.41610040220442
380000.0,116.0,2,Nabeul,Appart,12.847929163278053,4.762173934797756
340000.0,78.0,1,Nabeul,Appart,12.73670383776449,4.3694478524670215
350000.0,180.0,3,Tunis,Appart,12.765691290604371,5.198497031265826
135000.0,61.0,1,Nabeul,Appart,11.813037464800539,4.127134385045092
185000.0,80.0,2,Nabeul,Appart,12.128116509451258,4.394449154672439
2300000.0,250.0,5,Nabeul,House,14.648420115681892,5.5254529391317835
532000.0,140.0,3,Tunis,House,13.184400648021263,4.948759890378168
115000.0,49.0,1,Tunis,Appart,11.652696102959753,3.912023005428146
675000.0,156.0,3,Tunis,Appart,13.42246945133505,5.056245805348308
6200000.0,750.0,5,Tunis,House,15.64006001130563,6.621405651764134
1500000.0,600.0,8,Tunis,House,14.220976332738882,6.398594934535208
450000.0,150.0,3,Tunis,Appart,13.017005083966255,5.017279836814924
750000.0,192.0,3,Tunis,Appart,13.527829818844937,5.262690188904886
340000.0,141.0,3,Ariana,Appart,12.73670383776449,4.955827057601261
870000.0,288.0,4,Nabeul,House,13.676249640055394,5.666426688112432
580000.0,200.0,4,Nabeul,House,13.270785106659046,5.303304908059076
225000.0,70.0,2,Ariana,Appart,12.323860125621126,4.2626798770413155
1750000.0,180.0,2,Tunis,House,14.375126917328105,5.198497031265826
400000.0,153.0,3,Ariana,Appart,12.899222326086994,5.0369526024136295
395000.0,260.0,6,Tunis,House,12.886643575525625,5.564520407322694
340000.0,63.0,2,Tunis,Appart,12.73670383776449,4.1588830833596715
680000.0,140.0,4,Nabeul,House,13.429849547739444,4.948759890378168
1580000.0,315.0,3,Tunis,Appart,14.272936037914342,5.755742213586912
195000.0,75.0,1,Ariana,Appart,12.180759965737863,4.330733340286331
320000.0,130.0,3,Sousse,Appart,12.676079399771027,4.875197323201151
566000.0,106.0,2,Tunis,Appart,13.246351123968212,4.672828834461906
425000.0,87.0,2,Tunis,Appart,12.959846800844963,4.477336814478207
1550000.0,504.0,4,Tunis,House,14.253766134056512,6.22455842927536
2500000.0,200.0,4,Tunis,House,14.731801689838349,5.303304908059076
440000.0,192.0,4,Ariana,Appart,12.994532278619134,5.262690188904886
490000.0,120.0,2,Nabeul,Appart,13.102162710901053,4.795790545596741
1270000.0,500.0,3,Nabeul,House,14.054528245836039,6.2166061010848646
2300000.0,600.0,3,Nabeul,House,14.648420115681892,6.398594934535208
260000.0,90.0,2,Nabeul,Appart,12.468440756144114,4.51085950651685
220000.0,70.0,1,Nabeul,Appart,12.301387370778713,4.2626798770413155
1500000.0,400.0,4,Nabeul,House,14.220976332738882,5.993961427306569
850000.0,160.0,3,Tunis,Appart,13.652992804936396,5.081404364984463
890000.0,300.0,4,Nabeul,House,13.698977865303197,5.707110264748875
500000.0,56.0,1,Tunis,Appart,13.122365377402328,4.04305126783455
3000000.0,395.0,4,Tunis,House,14.914123179965662,5.981414211254481
510000.0,163.0,3,Nabeul,Appart,13.1421679654829,5.099866427824199
340000.0,100.0,2,Nabeul,Appart,12.73670383776449,4.61512051684126
900000.0,400.0,4,Nabeul,House,13.710151153416941,5.993961427306569
1500000.0,270.0,4,Nabeul,House,14.220976332738882,5.602118820879701
650000.0,149.0,3,Tunis,Appart,13.384729180332174,5.0106352940962555
2050000.0,300.0,5,Tunis,House,14.53335083891935,5.707110264748875
980000.0,231.0,4,Tunis,Appart,13.795308871054397,5.44673737166631
750000.0,159.0,3,Tunis,Appart,13.527829818844937,5.075173815233827
325000.0,65.0,1,Tunis,Appart,12.691583538230217,4.189654742026425
470000.0,127.0,2,Nabeul,Appart,13.060490101343552,4.852030263919617
290000.0,63.0,1,Nabeul,Appart,12.577639650232573,4.1588830833596715
1150000.0,540.0,7,Sousse,House,13.955273369904273,6.293419278846481
168000.0,80.0,2,Sousse,Appart,12.031725210748633,4.394449154672439
420000.0,170.0,3,Mednine,House,12.948012371209098,5.14166355650266
80000.0,200.0,3,Nabeul,House,11.289794413577894,5.303304908059076
1580000.0,236.0,3,Tunis,House,14.272936037914342,5.4680601411351315
740000.0,203.0,3,Ariana,Appart,13.51440681653079,5.318119993844216
420000.0,165.0,3,Sousse,Appart,12.948012371209098,5.111987788356544
475000.0,146.0,3,Sousse,Appart,13.07107218827772,4.990432586778736
630000.0,286.0,4,Sousse,House,13.353476685668044,5.659482215759621
300000.0,105.0,2,Sousse,Appart,12.611541086966115,4.663439094112067
540000.0,167.0,3,Sousse,Appart,13.199326270390594,5.123963979403259
380000.0,97.0,2,Tunis,Appart,12.847929163278053,4.584967478670572
910000.0,300.0,3,Mahdia,House,13.721200977393528,5.707110264748875
360000.0,90.0,2,Nabeul,Appart,12.793862088206213,4.51085950651685
3000000.0,900.0,5,Tunis,House,14.914123179965662,6.803505257608338
375000.0,142.0,3,Manouba,Appart,12.834683971615659,4.962844630259907
390000.0,113.0,2,Tunis,Appart,12.873904582205107,4.736198448394496
1800000.0,310.0,4,Tunis,House,14.403297778421795,5.739792912179234
1300000.0,243.0,2,Tunis,Appart,14.077875591662238,5.497168225293202
950000.0,170.0,5,Tunis,House,13.76421831620775,5.14166355650266
108000.0,80.0,2,Tunis,Appart,11.58989576532275,4.394449154672439
1800000.0,650.0,5,Tunis,House,14.403297778421795,6.478509642208569
1440000.0,500.0,5,Sfax,House,14.180154365996387,6.2166061010848646
950000.0,322.0,3,Tunis,House,13.76421831620775,5.777652323222656
340000.0,70.0,2,Nabeul,Appart,12.73670383776449,4.2626798770413155
700000.0,225.0,4,Tunis,Appart,13.45883704259595,5.420534999272286
1900000.0,557.0,3,Tunis,House,14.45736497045232,6.324358962381311
592000.0,186.0,3,Tunis,Appart,13.291263603053904,5.231108616854587
380000.0,175.0,4,Nabeul,Appart,12.847929163278053,5.170483995038151
165000.0,36.0,1,Nabeul,Appart,12.013706813470414,3.6109179126442243
700000.0,250.0,3,Tunis,House,13.45883704259595,5.5254529391317835
755000.0,168.0,3,Tunis,Appart,13.534474352733596,5.1298987149230735
610000.0,370.0,6,Monastir,House,13.321215875492413,5.916202062607435
445000.0,119.0,3,Nabeul,Appart,13.005831808336863,4.787491742782046
1179900.0,340.0,5,Ariana,House,13.980941094617103,5.831882477283517
1399000.0,500.0,4,Tunis,Appart,14.151268968443645,6.2166061010848646
327000.0,72.0,1,Nabeul,Appart,12.69771850797869,4.290459441148391
450000.0,135.0,3,Nabeul,Appart,13.017005083966255,4.912654885736052
436000.0,135.0,2,Nabeul,Appart,12.985399815906522,4.912654885736052
560000.0,158.0,2,Nabeul,Appart,13.235693848424024,5.0689042022202315
378000.0,102.0,2,Nabeul,Appart,12.84265212010087,4.634728988229636
350000.0,111.0,4,Tunis,Appart,12.765691290604371,4.718498871295094
580000.0,200.0,3,Nabeul,House,13.270785106659046,5.303304908059076
1750000.0,485.0,4,Tunis,House,14.375126917328105,6.186208623900494
850000.0,305.0,5,Tunis,House,13.652992804936396,5.723585101952381
325000.0,134.0,3,Tunis,Appart,12.691583538230217,4.90527477843843
220000.0,66.0,2,Tunis,Appart,12.301387370778713,4.204692619390966
350000.0,220.0,1,Nabeul,House,12.765691290604371,5.3981627015177525
230000.0,70.0,2,Nabeul,House,12.345838935721968,4.2626798770413155
220000.0,135.0,2,Nabeul,House,12.301387370778713,4.912654885736052
880000.0,340.0,4,Nabeul,House,13.68767832281738,5.831882477283517
760000.0,320.0,4,Nabeul,House,13.541075028051122,5.771441123130016
780000.0,208.0,3,Nabeul,House,13.567050480716235,5.342334251964811
850000.0,250.0,4,Nabeul,House,13.652992804936396,5.5254529391317835
900000.0,450.0,5,Nabeul,House,13.710151153416941,6.111467339502679
1200000.0,640.0,6,Nabeul,House,13.997832948091215,6.46302945692067
450000.0,140.0,3,Nabeul,House,13.017005083966255,4.948759890378168
6600000.0,450.0,4,Nabeul,House,15.702580358511794,6.111467339502679
700000.0,500.0,10,Ben Arous,House,13.45883704259595,6.2166061010848646
350000.0,91.0,2,Nabeul,Appart,12.765691290604371,4.5217885770490405
480000.0,230.0,3,Ariana,House,13.081543466215237,5.442417710521793
850000.0,520.0,7,Tunis,House,13.652992804936396,6.255750041753367
120000.0,98.0,3,Tunis,Appart,11.695255355062795,4.59511985013459
575000.0,175.0,3,Ariana,Appart,13.26212705890841,5.170483995038151
215000.0,100.0,3,Ariana,Appart,12.278397958261774,4.61512051684126
256000.0,58.0,1,Nabeul,Appart,12.45293662970407,4.07753744390572
530000.0,141.0,3,Nabeul,Appart,13.180634172318978,4.955827057601261
570000.0,230.0,2,Nabeul,Appart,13.25339339419516,5.442417710521793
2700000.0,820.0,6,Nabeul,House,14.80876270134486,6.710523109452428
300000.0,78.0,2,Nabeul,Appart,12.611541086966115,4.3694478524670215
800000.0,340.0,4,Nabeul,House,13.592368256649284,5.831882477283517
205000.0,59.0,1,Ariana,Appart,12.230770136157428,4.0943445622221
980000.0,200.0,3,Tunis,Appart,13.795308871054397,5.303304908059076
939000.0,322.0,6,Tunis,House,13.752571823152559,5.777652323222656
2100000.0,350.0,3,Tunis,House,14.557448378884015,5.860786223465865
2700000.0,650.0,4,Tunis,Appart,14.80876270134486,6.478509642208569
720000.0,200.0,3,Nabeul,House,13.487007879880162,5.303304908059076
1050000.0,440.0,4,Nabeul,House,13.864301674514206,6.089044875446846
385000.0,57.0,1,Tunis,Appart,12.861001210669146,4.060443010546419
2200000.0,550.0,4,Tunis,House,14.603968372873895,6.311734809152915
950000.0,450.0,6,Zaghouan,House,13.76421831620775,6.111467339502679
386100.0,143.0,2,Ariana,Appart,12.863854272251563,4.969813299576001
576000.0,118.0,2,Tunis,Appart,13.263864675787632,4.77912349311153
590000.0,110.0,2,Tunis,Appart,13.28787951079572,4.709530201312334
595000.0,147.0,3,Tunis,Appart,13.296318365198623,4.997212273764115
1200000.0,400.0,7,Ariana,House,13.997832948091215,5.993961427306569
150000.0,40.0,1,Tunis,Appart,11.918397239722838,3.713572066704308
450000.0,103.0,3,Ariana,House,13.017005083966255,4.6443908991413725
160000.0,60.0,1,Tunis,Appart,11.982935344196433,4.110873864173311
160000.0,65.0,1,Tunis,Appart,11.982935344196433,4.189654742026425
140000.0,75.0,2,Ariana,Appart,11.849404844423074,4.330733340286331
210000.0,180.0,3,Nabeul,House,12.25486757159303,5.198497031265826
1200000.0,400.0,5,Nabeul,House,13.997832948091215,5.993961427306569
330000.0,89.0,1,Nabeul,Appart,12.706850963741102,4.499809670330265
250000.0,319.0,4,Sousse,House,12.429220196836383,5.768320995793772
220000.0,78.0,2,Nabeul,Appart,12.301387370778713,4.3694478524670215
220000.0,105.0,3,Nabeul,House,12.301387370778713,4.663439094112067
1200000.0,430.0,6,Nabeul,House,13.997832948091215,6.066108090103747
256000.0,64.0,1,Nabeul,Appart,12.45293662970407,4.174387269895637
524000.0,117.0,2,Nabeul,Appart,13.169248871698304,4.770684624465665
400000.0,130.0,3,Nabeul,Appart,12.899222326086994,4.875197323201151
420000.0,105.0,2,Nabeul,Appart,12.948012371209098,4.663439094112067
280000.0,106.0,2,Nabeul,Appart,12.54254845357358,4.672828834461906
395000.0,104.0,2,Nabeul,Appart,12.886643575525625,4.653960350157523
700000.0,180.0,1,Nabeul,Appart,13.45883704259595,5.198497031265826
1300000.0,240.0,3,Tunis,House,14.077875591662238,5.484796933490655
1350000.0,220.0,3,Tunis,Appart,14.115615891155079,5.3981627015177525
3900000.0,1081.0,8,Tunis,House,15.176487367510099,6.9865664594064265
525000.0,131.0,2,Tunis,Appart,13.171155446333852,4.882801922586371
685000.0,204.0,3,Nabeul,House,13.437175577097312,5.3230099791384085
890000.0,280.0,4,Nabeul,House,13.698977865303197,5.638354669333745
950000.0,230.0,3,Tunis,Appart,13.76421831620775,5.442417710521793
1350000.0,210.0,3,Tunis,House,14.115615891155079,5.351858133476067
2000000.0,450.0,3,Tunis,House,14.508658238524095,6.111467339502679
450000.0,186.0,7,Tunis,House,13.017005083966255,5.231108616854587
140000.0,85.0,2,Tunis,Appart,11.849404844423074,4.454347296253507
390000.0,140.0,5,Tunis,House,12.873904582205107,4.948759890378168
310000.0,100.0,2,Nabeul,Appart,12.644330802262578,4.61512051684126
250000.0,68.0,1,Tunis,Appart,12.429220196836383,4.23410650459726
750000.0,600.0,10,Nabeul,House,13.527829818844937,6.398594934535208
1000000.0,250.0,3,Nabeul,House,13.815511557963774,5.5254529391317835
390000.0,116.0,2,Tunis,Appart,12.873904582205107,4.762173934797756
650000.0,145.0,3,Tunis,Appart,13.384729180332174,4.983606621708336
420000.0,177.0,2,Sousse,House,12.948012371209098,5.181783550292085
1033000.0,173.0,3,Tunis,Appart,13.847978716155518,5.159055299214529
595000.0,110.0,2,Tunis,Appart,13.296318365198623,4.709530201312334
228000.0,50.0,1,Tunis,Appart,12.337105293891872,3.9318256327243257
360000.0,105.0,2,Sousse,Appart,12.793862088206213,4.663439094112067
350000.0,120.0,6,Nabeul,House,12.765691290604371,4.795790545596741
1870000.0,335.0,6,Tunis,House,14.441449523589984,5.817111159963204
460000.0,120.0,2,Sousse,Appart,13.038983942375959,4.795790545596741
380000.0,130.0,3,Sousse,Appart,12.847929163278053,4.875197323201151
770000.0,151.0,4,Sousse,House,13.554147092530322,5.0238805208462765
190000.0,36.0,1,Sousse,Appart,12.154784614286667,3.6109179126442243
350000.0,45.0,1,Sousse,Appart,12.765691290604371,3.828641396489095
220000.0,61.0,1,Ariana,Appart,12.301387370778713,4.127134385045092
509000.0,146.0,2,Ariana,Appart,13.140205260167273,4.990432586778736
279900.0,134.0,3,Ariana,Appart,12.5421912482017,4.90527477843843
390000.0,160.0,3,Sousse,Appart,12.873904582205107,5.081404364984463
440000.0,116.0,3,Sousse,Appart,12.994532278619134,4.762173934797756
1250000.0,300.0,3,Tunis,House,14.038654909278163,5.707110264748875
2000000.0,900.0,7,Ariana,House,14.508658238524095,6.803505257608338
390000.0,135.0,2,Tunis,Appart,12.873904582205107,4.912654885736052
1850000.0,405.0,4,Tunis,House,14.430696737594902,6.0063531596017325
450000.0,135.0,3,Nabeul,Appart,13.017005083966255,4.912654885736052
830000.0,320.0,4,Nabeul,House,13.629182184591333,5.771441123130016
217600.0,68.0,1,Sousse,Appart,12.2904183895416,4.23410650459726
370000.0,147.0,3,Ariana,Appart,12.821260987319457,4.997212273764115
380000.0,175.0,3,Tunis,Appart,12.847929163278053,5.170483995038151
450000.0,145.0,3,Nabeul,House,13.017005083966255,4.983606621708336
1150000.0,590.0,6,Nabeul,House,13.955273369904273,6.3818160174060985
450000.0,130.0,2,Nabeul,Appart,13.017005083966255,4.875197323201151
335000.0,103.0,2,Nabeul,Appart,12.721888795877375,4.6443908991413725
680000.0,150.0,4,Ben Arous,Appart,13.429849547739444,5.017279836814924
400000.0,155.0,3,Ariana,House,12.899222326086994,5.049856007249537
500000.0,150.0,3,Ariana,Appart,13.122365377402328,5.017279836814924
1500000.0,459.0,4,Ariana,House,14.220976332738882,6.131226489483141
750000.0,170.0,6,Ben Arous,House,13.527829818844937,5.14166355650266
700000.0,300.0,6,Ben Arous,House,13.45883704259595,5.707110264748875
1800000.0,284.0,3,Tunis,House,14.403297778421795,5.652489180268651
650000.0,135.0,3,Nabeul,Appart,13.384729180332174,4.912654885736052
680000.0,131.0,3,Nabeul,Appart,13.429849547739444,4.882801922586371
1200000.0,474.0,6,Ariana,House,13.997832948091215,6.163314804034641
400000.0,380.0,5,Ariana,House,12.899222326086994,5.942799375126701
404000.0,143.0,2,Ariana,Appart,12.90917263218775,4.969813299576001
411000.0,147.0,3,Ariana,Appart,12.926350926565435,4.997212273764115
2300000.0,460.0,5,Ariana,House,14.648420115681892,6.133398042996649
480000.0,330.0,5,Ariana,House,13.081543466215237,5.802118375377063
650000.0,428.0,3,Ariana,House,13.384729180332174,6.061456918928017
520000.0,280.0,5,Ariana,House,13.161586013632684,5.638354669333745
1000000.0,500.0,6,Ariana,House,13.815511557963774,6.2166061010848646
1200000.0,600.0,5,Ariana,House,13.997832948091215,6.398594934535208
450000.0,350.0,3,Ariana,House,13.017005083966255,5.860786223465865
850000.0,225.0,3,Ariana,House,13.652992804936396,5.420534999272286
600000.0,625.0,5,Ariana,House,13.304686600863562,6.439350371100098
2200000.0,500.0,6,Ariana,House,14.603968372873895,6.2166061010848646
800000.0,135.0,4,Ben Arous,Appart,13.592368256649284,4.912654885736052
1600000.0,700.0,5,Ben Arous,House,14.285514812209815,6.55250788703459
750000.0,370.0,6,Ben Arous,House,13.527829818844937,5.916202062607435
2800000.0,702.0,9,Ariana,House,14.845130332288226,6.555356891810665
600000.0,700.0,6,Ariana,House,13.304686600863562,6.55250788703459
690000.0,450.0,5,Ariana,House,13.444448325847754,6.111467339502679
470000.0,150.0,9,Ben Arous,House,13.060490101343552,5.017279836814924
290000.0,200.0,2,Ariana,House,12.577639650232573,5.303304908059076
514000.0,400.0,7,Ariana,House,13.1499804899607,5.993961427306569
3300000.0,500.0,4,Ariana,House,15.009433329466965,6.2166061010848646
1500000.0,510.0,8,Ben Arous,House,14.220976332738882,6.236369590203704
900000.0,500.0,5,Nabeul,House,13.710151153416941,6.2166061010848646
720000.0,600.0,8,Ben Arous,House,13.487007879880162,6.398594934535208
1200000.0,505.0,8,Ben Arous,House,13.997832948091215,6.226536669287466
750000.0,240.0,6,Ben Arous,House,13.527829818844937,5.484796933490655
700000.0,160.0,4,Ariana,House,13.45883704259595,5.081404364984463
900000.0,400.0,7,Ariana,House,13.710151153416941,5.993961427306569
870000.0,470.0,5,Ariana,Appart,13.676249640055394,6.154858094016418
1000000.0,511.0,5,Ben Arous,House,13.815511557963774,6.238324625039508
870000.0,260.0,3,Ben Arous,House,13.676249640055394,5.564520407322694
700000.0,631.0,5,Ariana,House,13.45883704259595,6.448889394146858
800000.0,413.0,4,Ben Arous,House,13.592368256649284,6.025865973825314
600000.0,200.0,3,Ariana,House,13.304686600863562,5.303304908059076
640000.0,740.0,4,Ariana,House,13.369225017834633,6.608000625296087
920000.0,242.0,6,Ariana,House,13.732130035981154,5.493061443340548
2000000.0,514.0,6,Ariana,House,14.508658238524095,6.244166900663736
487200.0,174.0,3,Ariana,Appart,13.096432047920874,5.1647859739235145
1750000.0,800.0,6,Ariana,House,14.375126917328105,6.68586094706836
1200000.0,240.0,5,Ariana,House,13.997832948091215,5.484796933490655
205000.0,57.0,1,Tunis,Appart,12.230770136157428,4.060443010546419
230000.0,101.0,2,Nabeul,Appart,12.345838935721968,4.624972813284271
200000.0,60.0,1,Sousse,Appart,12.206077645517674,4.110873864173311
1500000.0,700.0,4,Mednine,House,14.220976332738882,6.55250788703459
330000.0,100.0,2,Sousse,Appart,12.706850963741102,4.61512051684126
190000.0,56.0,1,Ariana,Appart,12.154784614286667,4.04305126783455
280000.0,90.0,2,Tunis,Appart,12.54254845357358,4.51085950651685
550000.0,500.0,3,Manouba,House,13.217675375388819,6.2166061010848646
675000.0,240.0,4,Nabeul,House,13.42246945133505,5.484796933490655
780000.0,250.0,3,Nabeul,House,13.567050480716235,5.5254529391317835
140000.0,95.0,1,Nabeul,Appart,11.849404844423074,4.564348191467836
360000.0,130.0,2,Tunis,Appart,12.793862088206213,4.875197323201151
570000.0,250.0,4,Nabeul,House,13.25339339419516,5.5254529391317835
245000.0,65.0,1,Nabeul,Appart,12.409017571151187,4.189654742026425
464000.0,188.0,2,Tunis,Appart,13.047641986378483,5.241747015059643
300000.0,100.0,2,Nabeul,Appart,12.611541086966115,4.61512051684126
2500000.0,950.0,4,Sousse,House,14.731801689838349,6.85751406254539
2100000.0,400.0,6,Nabeul,House,14.557448378884015,5.993961427306569
390000.0,116.0,2,Nabeul,Appart,12.873904582205107,4.762173934797756
490000.0,205.0,3,Mednine,House,13.102162710901053,5.327876168789581
350000.0,130.0,3,Mednine,House,12.765691290604371,4.875197323201151
980000.0,640.0,5,Nabeul,House,13.795308871054397,6.46302945692067
470000.0,299.0,5,Nabeul,House,13.060490101343552,5.703782474656201
120000.0,65.0,2,Tunis,Appart,11.695255355062795,4.189654742026425
400000.0,97.0,2,Nabeul,Appart,12.899222326086994,4.584967478670572
600000.0,135.0,2,Nabeul,Appart,13.304686600863562,4.912654885736052
1050000.0,400.0,4,Nabeul,House,13.864301674514206,5.993961427306569
600000.0,155.0,3,Nabeul,House,13.304686600863562,5.049856007249537
120000.0,999.0,4,Nabeul,Appart,11.695255355062795,6.907755278982137
1600000.0,500.0,4,Tunis,House,14.285514812209815,6.2166061010848646
1090000.0,228.0,4,Ariana,House,13.901689171636098,5.43372200355424
370000.0,400.0,3,Mednine,House,12.821260987319457,5.993961427306569
890000.0,340.0,4,Nabeul,House,13.698977865303197,5.831882477283517
1290000.0,600.0,9,Ariana,House,14.070153551531353,6.398594934535208
720000.0,220.0,3,Nabeul,House,13.487007879880162,5.3981627015177525
160000.0,56.0,1,Sousse,Appart,11.982935344196433,4.04305126783455
350000.0,91.0,2,Nabeul,Appart,12.765691290604371,4.5217885770490405
440000.0,130.0,2,Nabeul,Appart,12.994532278619134,4.875197323201151
440000.0,138.0,2,Sousse,Appart,12.994532278619134,4.9344739331306915
600000.0,161.0,4,Sousse,Appart,13.304686600863562,5.087596335232384
1010000.0,570.0,4,Sousse,House,13.825461878915961,6.3473892096560105
1500000.0,670.0,3,Sousse,House,14.220976332738882,6.508769136971682
977000.0,575.0,6,Sousse,House,13.79224295456585,6.3561076606958915
1100000.0,350.0,6,Ariana,House,13.910821646859095,5.860786223465865
215000.0,64.0,1,Nabeul,Appart,12.278397958261774,4.174387269895637
395000.0,265.0,3,Nabeul,House,12.886643575525625,5.583496308781699
600000.0,112.0,2,Monastir,Appart,13.304686600863562,4.727387818712341
650000.0,189.0,3,Tunis,Appart,13.384729180332174,5.247024072160486
950000.0,500.0,3,Tunis,House,13.76421831620775,6.2166061010848646
810000.0,690.0,7,Tunis,House,13.60479076121576,6.53813982376767
2550000.0,680.0,7,Tunis,House,14.751604309291395,6.523562306149512
655000.0,189.0,3,Tunis,Appart,13.39239204133378,5.247024072160486
280000.0,65.0,2,Tunis,Appart,12.54254845357358,4.189654742026425
1350000.0,224.0,4,Tunis,Appart,14.115615891155079,5.41610040220442
650000.0,1000.0,5,Nabeul,House,13.384729180332174,6.90875477931522
110000.0,200.0,3,Ariana,House,11.608244735642321,5.303304908059076
480000.0,250.0,5,Ariana,House,13.081543466215237,5.5254529391317835
715000.0,193.0,3,Tunis,House,13.480039220276565,5.267858159063328
340000.0,90.0,2,Sousse,Appart,12.73670383776449,4.51085950651685
350000.0,145.0,3,Sousse,Appart,12.765691290604371,4.983606621708336
540000.0,158.0,3,Nabeul,Appart,13.199326270390594,5.0689042022202315
275000.0,100.0,3,Sousse,Appart,12.524530013005734,4.61512051684126
760000.0,280.0,4,Nabeul,House,13.541075028051122,5.638354669333745
235000.0,56.0,1,Nabeul,Appart,12.367345048436391,4.04305126783455
870000.0,290.0,4,Nabeul,House,13.676249640055394,5.673323267171493
730000.0,250.0,3,Nabeul,House,13.500801182986649,5.5254529391317835
980000.0,360.0,5,Nabeul,House,13.795308871054397,5.8888779583328805
480000.0,128.0,2,Nabeul,Appart,13.081543466215237,4.859812404361672
985000.0,600.0,4,Ariana,House,13.800397935382136,6.398594934535208
520000.0,240.0,3,Nabeul,Appart,13.161586013632684,5.484796933490655
310000.0,225.0,2,Tunis,Appart,12.644330802262578,5.420534999272286
180000.0,100.0,2,Nabeul,Appart,12.100717685412471,4.61512051684126
590000.0,200.0,5,Tunis,House,13.28787951079572,5.303304908059076
415000.0,65.0,1,Tunis,Appart,12.936036208848487,4.189654742026425
160000.0,65.0,1,Tunis,Appart,11.982935344196433,4.189654742026425
680000.0,110.0,2,Tunis,Appart,13.429849547739444,4.709530201312334
1071000.0,170.0,3,Tunis,Appart,13.884104283136265,5.14166355650266
1181000.0,420.0,6,Ariana,House,13.981872941919192,6.042632833682381
159000.0,65.0,2,Sousse,Appart,11.976665770490767,4.189654742026425
152000.0,170.0,8,Tunis,Appart,11.931642378754141,5.14166355650266
700000.0,240.0,3,Nabeul,House,13.45883704259595,5.484796933490655
140000.0,180.0,2,Nabeul,House,11.849404844423074,5.198497031265826
400000.0,120.0,2,Tunis,Appart,12.899222326086994,4.795790545596741
1750000.0,700.0,10,Nabeul,House,14.375126917328105,6.55250788703459
700000.0,507.0,4,Nabeul,House,13.45883704259595,6.230481447578482
1080000.0,600.0,7,Ariana,House,13.8924725250259,6.398594934535208
950000.0,200.0,4,Tunis,Appart,13.76421831620775,5.303304908059076
1659000.0,587.0,4,Ariana,House,14.321726171945155,6.376726947898627
530000.0,130.0,3,Nabeul,Appart,13.180634172318978,4.875197323201151
355000.0,129.0,3,Ariana,Appart,12.779875885354993,4.867534450455582
750000.0,248.0,5,Nabeul,House,13.527829818844937,5.517452896464707
225000.0,67.0,1,Ariana,Appart,12.323860125621126,4.219507705176107
150000.0,100.0,3,Tunis,Appart,11.918397239722838,4.61512051684126
200000.0,73.0,1,Tunis,Appart,12.206077645517674,4.30406509320417
755000.0,212.0,3,Sousse,Appart,13.534474352733596,5.3612921657094255
890000.0,340.0,4,Nabeul,House,13.698977865303197,5.831882477283517
770000.0,220.0,4,Nabeul,House,13.554147092530322,5.3981627015177525
295000.0,114.0,2,Tunis,Appart,12.59473402514672,4.74493212836325
1200000.0,200.0,4,Tunis,House,13.997832948091215,5.303304908059076
320000.0,175.0,3,Kairouan,House,12.676079399771027,5.170483995038151
1500000.0,155.0,3,Tunis,House,14.220976332738882,5.049856007249537
229000.0,57.0,1,Ariana,Appart,12.34148164933907,4.060443010546419
350000.0,130.0,3,Ariana,Appart,12.765691290604371,4.875197323201151
890000.0,300.0,4,Nabeul,House,13.698977865303197,5.707110264748875
128000.0,60.0,2,Tunis,Appart,11.759793355371237,4.110873864173311
830000.0,2200.0,3,Tunis,House,13.629182184591333,7.696667081526462
320000.0,157.0,4,Ariana,Appart,12.676079399771027,5.062595033026967
450000.0,125.0,2,Nabeul,Appart,13.017005083966255,4.836281906951478
500000.0,62.0,1,Tunis,Appart,13.122365377402328,4.143134726391533
1100000.0,185.0,4,Tunis,Appart,13.910821646859095,5.225746673713202
512198.0,88.0,2,Tunis,Appart,13.146468500383298,4.48863636973214
916777.0,156.0,3,Tunis,Appart,13.728620628145093,5.056245805348308
260000.0,95.0,2,Nabeul,Appart,12.468440756144114,4.564348191467836
450000.0,128.0,2,Nabeul,Appart,13.017005083966255,4.859812404361672
240000.0,70.0,1,Nabeul,Appart,12.388398368982115,4.2626798770413155
150000.0,57.0,2,Manouba,Appart,11.918397239722838,4.060443010546419
1780000.0,223.0,3,Tunis,Appart,14.392124484065864,5.4116460518550396
1800000.0,327.0,4,Tunis,Appart,14.403297778421795,5.793013608384144
340000.0,120.0,2,Sousse,Appart,12.73670383776449,4.795790545596741
400000.0,135.0,3,Sousse,Appart,12.899222326086994,4.912654885736052
895000.0,216.0,4,Nabeul,House,13.704580114574805,5.37989735354046
750000.0,250.0,4,Nabeul,House,13.527829818844937,5.5254529391317835
315000.0,41.0,1,Tunis,Appart,12.660331092405906,3.7376696182833684
2600000.0,900.0,8,Tunis,House,14.77102238760702,6.803505257608338
180000.0,1300.0,3,Sfax,House,12.100717685412471,7.170888478512505
770000.0,198.0,3,Ariana,Appart,13.554147092530322,5.293304824724492
1580000.0,155.0,3,Tunis,House,14.272936037914342,5.049856007249537
710000.0,158.0,3,Tunis,Appart,13.47302165746721,5.0689042022202315
1380000.0,292.0,3,Tunis,House,14.137594781770806,5.680172609017068
1700000.0,813.0,3,Sousse,House,14.346139397261565,6.70196036600254
1470000.0,240.0,4,Tunis,House,14.200773639026796,5.484796933490655
330000.0,130.0,3,Ariana,Appart,12.706850963741102,4.875197323201151
260000.0,99.0,3,Ariana,Appart,12.468440756144114,4.605170185988092
1280000.0,188.0,3,Tunis,Appart,14.062371417145494,5.241747015059643
1300000.0,312.0,3,Tunis,House,14.077875591662238,5.746203190540153
260000.0,69.0,1,Tunis,Appart,12.468440756144114,4.248495242049359
580000.0,136.0,3,Ariana,House,13.270785106659046,4.919980925828125
850000.0,280.0,4,Tunis,House,13.652992804936396,5.638354669333745
780000.0,158.0,1,Tunis,Appart,13.567050480716235,5.0689042022202315
1200000.0,750.0,5,Sousse,House,13.997832948091215,6.621405651764134
250000.0,170.0,3,Tunis,House,12.429220196836383,5.14166355650266
235000.0,120.0,2,Nabeul,Appart,12.367345048436391,4.795790545596741
580000.0,170.0,3,Nabeul,House,13.270785106659046,5.14166355650266
400000.0,187.0,3,Tunis,Appart,12.899222326086994,5.236441962829949
340000.0,124.0,2,Tunis,Appart,12.73670383776449,4.8283137373023015
260000.0,115.0,3,Tunis,Appart,12.468440756144114,4.7535901911063645
1060000.0,220.0,4,Sousse,Appart,13.87378040948403,5.3981627015177525
550000.0,175.0,3,Sousse,Appart,13.217675375388819,5.170483995038151
1180000.0,302.0,3,Sousse,House,13.981025843899115,5.713732805509369
620000.0,535.0,9,Sousse,House,13.3374763699232,6.284134161070802
970000.0,211.0,3,Tunis,Appart,13.785052381406869,5.356586274672012
410000.0,70.0,1,Tunis,Appart,12.923914877701906,4.2626798770413155
1450000.0,510.0,9,Tunis,Appart,14.187074804051692,6.236369590203704
950000.0,152.0,7,Tunis,House,13.76421831620775,5.030437921392435
1100000.0,410.0,8,Tunis,House,13.910821646859095,6.018593214496234
400000.0,85.0,1,Tunis,Appart,12.899222326086994,4.454347296253507
1100000.0,250.0,5,Tunis,House,13.910821646859095,5.5254529391317835
950000.0,200.0,2,Tunis,House,13.76421831620775,5.303304908059076
550000.0,153.0,3,Tunis,Appart,13.217675375388819,5.0369526024136295
1800000.0,700.0,4,Tunis,House,14.403297778421795,6.55250788703459
630000.0,197.0,2,Tunis,Appart,13.353476685668044,5.288267030694535
420000.0,198.0,4,Tunis,Appart,12.948012371209098,5.293304824724492
1600000.0,320.0,4,Tunis,House,14.285514812209815,5.771441123130016
1000000.0,160.0,3,Tunis,House,13.815511557963774,5.081404364984463
338000.0,145.0,3,Ariana,Appart,12.73080413304066,4.983606621708336
2100000.0,400.0,8,Tunis,House,14.557448378884015,5.993961427306569
1500000.0,252.0,4,Tunis,House,14.220976332738882,5.53338948872752
780000.0,398.0,3,Tunis,Appart,13.567050480716235,5.988961416889864
173400.0,58.0,1,Ariana,Appart,12.063362110324636,4.07753744390572
1600000.0,312.0,3,Tunis,House,14.285514812209815,5.746203190540153
500000.0,120.0,2,Tunis,Appart,13.122365377402328,4.795790545596741
900000.0,600.0,3,Tunis,House,13.710151153416941,6.398594934535208
2100000.0,750.0,7,Tunis,House,14.557448378884015,6.621405651764134
3500000.0,550.0,4,Tunis,House,15.068273812173887,6.311734809152915
1050000.0,260.0,4,Tunis,House,13.864301674514206,5.564520407322694
1700000.0,220.0,3,Tunis,House,14.346139397261565,5.3981627015177525
175000.0,65.0,1,Nabeul,Appart,12.07254696717504,4.189654742026425
130000.0,130.0,2,Nabeul,House,11.775297421715827,4.875197323201151
420000.0,240.0,2,Nabeul,House,12.948012371209098,5.484796933490655
480000.0,78.0,1,Monastir,Appart,13.081543466215237,4.3694478524670215
710000.0,475.0,8,Monastir,House,13.47302165746721,6.16541785423142
975000.0,109.0,2,Tunis,Appart,13.790193775620484,4.700480365792417
1800000.0,290.0,3,Tunis,Appart,14.403297778421795,5.673323267171493
215000.0,56.0,1,Tunis,Appart,12.278397958261774,4.04305126783455
1179900.0,280.0,4,Tunis,Appart,13.980941094617103,5.638354669333745
624900.0,165.0,3,Ariana,Appart,13.345348516171933,5.111987788356544
435000.0,120.0,3,Tunis,Appart,12.983103608918753,4.795790545596741
3900000.0,1080.0,5,Tunis,House,15.176487367510099,6.985641817639208
330000.0,63.0,1,Tunis,Appart,12.706850963741102,4.1588830833596715
560000.0,250.0,3,Tunis,House,13.235693848424024,5.5254529391317835
1200000.0,240.0,7,Manouba,House,13.997832948091215,5.484796933490655
950000.0,242.0,3,Tunis,House,13.76421831620775,5.493061443340548
891900.0,288.0,4,Ariana,Appart,13.701110418855599,5.666426688112432
355000.0,80.0,2,Sousse,Appart,12.779875885354993,4.394449154672439
780000.0,290.0,4,Nabeul,House,13.567050480716235,5.673323267171493
385000.0,100.0,2,Nabeul,Appart,12.861001210669146,4.61512051684126
485000.0,100.0,2,Nabeul,Appart,13.091906231773164,4.61512051684126
1990000.0,450.0,5,Ariana,House,14.503645699213111,6.111467339502679
3100000.0,672.0,5,Ariana,House,14.946912992035967,6.511745329644728
320000.0,320.0,5,Nabeul,House,12.676079399771027,5.771441123130016
330000.0,95.0,2,Nabeul,Appart,12.706850963741102,4.564348191467836
2400000.0,1000.0,8,Nabeul,House,14.690979711984754,6.90875477931522
400000.0,97.0,1,Nabeul,Appart,12.899222326086994,4.584967478670572
1300000.0,535.0,7,Ariana,House,14.077875591662238,6.284134161070802
200000.0,130.0,3,Nabeul,Appart,12.206077645517674,4.875197323201151
690000.0,300.0,6,Nabeul,House,13.444448325847754,5.707110264748875
320000.0,83.0,1,Nabeul,Appart,12.676079399771027,4.430816798843313
376761.0,105.0,2,Sousse,Appart,12.839368967341816,4.663439094112067
1436000.0,189.0,3,Tunis,Appart,14.177372724968894,5.247024072160486
630000.0,195.0,4,Nabeul,Appart,13.353476685668044,5.278114659230517
1200000.0,400.0,5,Nabeul,House,13.997832948091215,5.993961427306569
900000.0,220.0,4,Nabeul,House,13.710151153416941,5.3981627015177525
250000.0,70.0,1,Sousse,Appart,12.429220196836383,4.2626798770413155
2200000.0,830.0,7,Sousse,House,14.603968372873895,6.7226297948554485
420000.0,80.0,1,Sousse,Appart,12.948012371209098,4.394449154672439
600000.0,152.0,3,Mednine,House,13.304686600863562,5.030437921392435
350000.0,127.0,2,Tunis,Appart,12.765691290604371,4.852030263919617
240000.0,69.0,1,Tunis,Appart,12.388398368982115,4.248495242049359
720000.0,150.0,3,Nabeul,House,13.487007879880162,5.017279836814924
160000.0,100.0,3,Tunis,Appart,11.982935344196433,4.61512051684126
750000.0,170.0,3,Ariana,House,13.527829818844937,5.14166355650266
168000.0,197.0,2,Sousse,Appart,12.031725210748633,5.288267030694535
140000.0,60.0,2,Tunis,Appart,11.849404844423074,4.110873864173311
160000.0,90.0,2,Tunis,Appart,11.982935344196433,4.51085950651685
570000.0,160.0,4,Tunis,Appart,13.25339339419516,5.081404364984463
650000.0,200.0,3,Ariana,House,13.384729180332174,5.303304908059076
280000.0,116.0,2,Ben Arous,Appart,12.54254845357358,4.762173934797756
850000.0,450.0,7,Tunis,House,13.652992804936396,6.111467339502679
480000.0,570.0,4,Sousse,House,13.081543466215237,6.3473892096560105
270000.0,150.0,3,Nabeul,House,12.506180941677357,5.017279836814924
1580000.0,313.0,3,Tunis,House,14.272936037914342,5.749392985908253
1500000.0,289.0,3,Tunis,Appart,14.220976332738882,5.66988092298052
225000.0,90.0,1,Sousse,Appart,12.323860125621126,4.51085950651685
347000.0,105.0,2,Sousse,Appart,12.757082940769225,4.663439094112067
270000.0,75.0,1,Tunis,Appart,12.506180941677357,4.330733340286331
1050000.0,1000.0,3,Nabeul,House,13.864301674514206,6.90875477931522
680000.0,300.0,4,Nabeul,House,13.429849547739444,5.707110264748875
5900000.0,1200.0,9,Ariana,House,15.59046307836746,7.0909098220799835
1800000.0,223.0,4,Tunis,Appart,14.403297778421795,5.4116460518550396
750000.0,148.0,2,Tunis,Appart,13.527829818844937,5.003946305945459
1320000.0,300.0,3,Tunis,House,14.093143052138025,5.707110264748875
310000.0,115.0,2,Nabeul,Appart,12.644330802262578,4.7535901911063645
1200000.0,385.0,8,Ariana,House,13.997832948091215,5.955837369464831
1550000.0,280.0,3,Tunis,Appart,14.253766134056512,5.638354669333745
770000.0,260.0,4,Nabeul,House,13.554147092530322,5.564520407322694
750000.0,167.0,3,Tunis,Appart,13.527829818844937,5.123963979403259
850000.0,246.0,4,Nabeul,House,13.652992804936396,5.5093883366279774
320000.0,120.0,3,Ariana,Appart,12.676079399771027,4.795790545596741
360000.0,120.0,2,Sousse,Appart,12.793862088206213,4.795790545596741
740000.0,167.0,3,Tunis,Appart,13.51440681653079,5.123963979403259
350000.0,85.0,2,Nabeul,Appart,12.765691290604371,4.454347296253507
600000.0,150.0,3,Nabeul,House,13.304686600863562,5.017279836814924
280000.0,120.0,3,Tunis,Appart,12.54254845357358,4.795790545596741
500000.0,150.0,3,Ariana,Appart,13.122365377402328,5.017279836814924
1380000.0,167.0,3,Tunis,House,14.137594781770806,5.123963979403259
300000.0,106.0,2,Tunis,Appart,12.611541086966115,4.672828834461906
720000.0,331.0,4,Ariana,House,13.487007879880162,5.805134968916488
230000.0,64.0,1,Ariana,Appart,12.345838935721968,4.174387269895637
350000.0,150.0,3,Ariana,Appart,12.765691290604371,5.017279836814924
850000.0,225.0,4,Tunis,House,13.652992804936396,5.420534999272286
330000.0,290.0,5,Ariana,Appart,12.706850963741102,5.673323267171493
980000.0,220.0,3,Nabeul,House,13.795308871054397,5.3981627015177525
590000.0,180.0,3,Tunis,House,13.28787951079572,5.198497031265826
250000.0,80.0,1,Nabeul,Appart,12.429220196836383,4.394449154672439
850000.0,260.0,4,Nabeul,House,13.652992804936396,5.564520407322694
260000.0,100.0,2,Nabeul,House,12.468440756144114,4.61512051684126
2200000.0,840.0,7,Nabeul,House,14.603968372873895,6.734591659972948
220000.0,110.0,2,Nabeul,Appart,12.301387370778713,4.709530201312334
410000.0,95.0,2,Nabeul,Appart,12.923914877701906,4.564348191467836
390000.0,116.0,2,Nabeul,Appart,12.873904582205107,4.762173934797756
400000.0,75.0,2,Ariana,Appart,12.899222326086994,4.330733340286331
150000.0,200.0,3,Tunis,House,11.918397239722838,5.303304908059076
650000.0,180.0,4,Nabeul,House,13.384729180332174,5.198497031265826
1100000.0,260.0,4,Nabeul,House,13.910821646859095,5.564520407322694
980000.0,300.0,4,Nabeul,House,13.795308871054397,5.707110264748875
1700000.0,300.0,4,Tunis,House,14.346139397261565,5.707110264748875
1080000.0,220.0,3,Tunis,House,13.8924725250259,5.3981627015177525
3900000.0,1158.0,6,Tunis,House,15.176487367510099,7.055312843339752
1300000.0,400.0,4,Tunis,House,14.077875591662238,5.993961427306569
770000.0,350.0,4,Nabeul,House,13.554147092530322,5.860786223465865
330000.0,160.0,2,Nabeul,Appart,12.706850963741102,5.081404364984463
930000.0,280.0,4,Nabeul,House,13.742940940397677,5.638354669333745
1320000.0,270.0,3,Tunis,House,14.093143052138025,5.602118820879701
210000.0,170.0,2,Sfax,Appart,12.25486757159303,5.14166355650266
2800000.0,400.0,5,Tunis,House,14.845130332288226,5.993961427306569
695000.0,1769.0,3,Sfax,House,13.451668563394815,7.478734825567875
830000.0,140.0,2,Tunis,House,13.629182184591333,4.948759890378168
430000.0,120.0,2,Tunis,Appart,12.971542813248437,4.795790545596741
100000.0,110.0,2,Nabeul,House,11.51293546492023,4.709530201312334
350000.0,93.0,2,Nabeul,Appart,12.765691290604371,4.543294782270004
260000.0,71.0,2,Nabeul,Appart,12.468440756144114,4.276666119016055
350000.0,100.0,2,Nabeul,Appart,12.765691290604371,4.61512051684126
375000.0,99.0,3,Nabeul,Appart,12.834683971615659,4.605170185988092
780000.0,300.0,4,Nabeul,House,13.567050480716235,5.707110264748875
1285000.0,297.0,3,Tunis,Appart,14.06627005452127,5.697093486505405
1100000.0,280.0,3,Tunis,House,13.910821646859095,5.638354669333745
1000000.0,1190.0,7,Sfax,House,13.815511557963774,7.0825485693553
320000.0,100.0,2,Tunis,Appart,12.676079399771027,4.61512051684126
690000.0,131.0,3,Tunis,Appart,13.444448325847754,4.882801922586371
880000.0,200.0,4,Nabeul,House,13.68767832281738,5.303304908059076
650000.0,1250.0,5,Sfax,House,13.384729180332174,7.1316985104669115
450000.0,100.0,2,Ben Arous,Appart,13.017005083966255,4.61512051684126
750000.0,211.0,3,Ariana,Appart,13.527829818844937,5.356586274672012
590000.0,229.0,4,Ariana,Appart,13.28787951079572,5.438079308923196
368000.0,120.0,2,Ariana,Appart,12.81584093453868,4.795790545596741
750000.0,260.0,3,Ariana,House,13.527829818844937,5.564520407322694
710000.0,829.0,3,Sfax,House,13.47302165746721,6.721425700790643
360000.0,62.0,1,Tunis,Appart,12.793862088206213,4.143134726391533
600000.0,103.0,2,Tunis,Appart,13.304686600863562,4.6443908991413725
1400000.0,335.0,3,Tunis,House,14.151983508870947,5.817111159963204
475000.0,93.0,2,Tunis,Appart,13.07107218827772,4.543294782270004
1300000.0,415.0,4,Tunis,House,14.077875591662238,6.030685260261263
400000.0,155.0,3,Nabeul,House,12.899222326086994,5.049856007249537
485000.0,173.0,3,Ariana,Appart,13.091906231773164,5.159055299214529
400000.0,175.0,3,Ariana,Appart,12.899222326086994,5.170483995038151
550000.0,149.0,4,Tunis,Appart,13.217675375388819,5.0106352940962555
465000.0,146.0,3,Ariana,Appart,13.049794835104816,4.990432586778736
490000.0,125.0,4,Nabeul,House,13.102162710901053,4.836281906951478
1800000.0,69.0,2,Ariana,Appart,14.403297778421795,4.248495242049359
620000.0,300.0,6,Mednine,Appart,13.3374763699232,5.707110264748875
320000.0,200.0,1,Tunis,Appart,12.676079399771027,5.303304908059076
580000.0,89.0,2,Tunis,Appart,13.270785106659046,4.499809670330265
2500000.0,250.0,3,Tunis,Appart,14.731801689838349,5.5254529391317835
7200000.0,3600.0,6,Nabeul,House,15.789591722875162,8.188966863648876
240000.0,75.0,1,Nabeul,Appart,12.388398368982115,4.330733340286331
650000.0,500.0,4,Nabeul,House,13.384729180332174,6.2166061010848646
920000.0,465.0,4,Nabeul,House,13.732130035981154,6.144185634125646
570000.0,110.0,2,Monastir,Appart,13.25339339419516,4.709530201312334
650000.0,420.0,5,Sousse,House,13.384729180332174,6.042632833682381
350000.0,75.0,1,Sousse,Appart,12.765691290604371,4.330733340286331
265000.0,90.0,2,Sousse,Appart,12.487488878546145,4.51085950651685
390000.0,120.0,2,Nabeul,Appart,12.873904582205107,4.795790545596741
1800000.0,390.0,5,Sousse,House,14.403297778421795,5.968707559985366
550000.0,159.0,4,Ariana,House,13.217675375388819,5.075173815233827
380000.0,120.0,3,Sousse,House,12.847929163278053,4.795790545596741
835000.0,170.0,3,Tunis,Appart,13.635188201437066,5.14166355650266
490000.0,140.0,3,Nabeul,House,13.102162710901053,4.948759890378168
320000.0,120.0,1,Nabeul,Appart,12.676079399771027,4.795790545596741
135000.0,95.0,3,Ben Arous,Appart,11.813037464800539,4.564348191467836
3200000.0,700.0,4,Tunis,House,14.978661680269907,6.55250788703459
390000.0,86.0,1,Tunis,Appart,12.873904582205107,4.465908118654584
120000.0,49.0,1,Nabeul,Appart,11.695255355062795,3.912023005428146
515000.0,92.0,2,Tunis,Appart,13.151924121391561,4.532599493153256
998700.0,250.0,3,Mednine,House,13.814210713532416,5.5254529391317835
888000.0,210.0,4,Nabeul,House,13.6967281480998,5.351858133476067
470000.0,145.0,3,Tunis,Appart,13.060490101343552,4.983606621708336
235000.0,70.0,1,Ariana,Appart,12.367345048436391,4.2626798770413155
1080000.0,600.0,3,Ariana,House,13.8924725250259,6.398594934535208
880000.0,115.0,2,Tunis,Appart,13.68767832281738,4.7535901911063645
700000.0,210.0,4,Nabeul,House,13.45883704259595,5.351858133476067
950000.0,380.0,5,Nabeul,House,13.76421831620775,5.942799375126701
175000.0,112.0,2,Ben Arous,Appart,12.07254696717504,4.727387818712341
780000.0,980.0,4,Nabeul,House,13.567050480716235,6.8885724595653635
650000.0,770.0,4,Nabeul,House,13.384729180332174,6.647688373563329
780000.0,794.0,3,Nabeul,House,13.567050480716235,6.678342114654332
1250000.0,349.0,3,Nabeul,House,14.038654909278163,5.857933154483459
920000.0,465.0,4,Nabeul,House,13.732130035981154,6.144185634125646
880000.0,127.0,3,Tunis,Appart,13.68767832281738,4.852030263919617
200000.0,70.0,2,Tunis,Appart,12.206077645517674,4.2626798770413155
350000.0,92.0,2,Nabeul,Appart,12.765691290604371,4.532599493153256
395000.0,160.0,3,Nabeul,House,12.886643575525625,5.081404364984463
1300000.0,312.0,3,Tunis,House,14.077875591662238,5.746203190540153
560000.0,100.0,2,Tunis,Appart,13.235693848424024,4.61512051684126
500000.0,80.0,2,Monastir,Appart,13.122365377402328,4.394449154672439
455000.0,155.0,3,Ariana,Appart,13.02805489573287,5.049856007249537
2500000.0,350.0,4,Tunis,House,14.731801689838349,5.860786223465865
2100000.0,410.0,2,Tunis,House,14.557448378884015,6.018593214496234
475000.0,124.0,2,Tunis,Appart,13.07107218827772,4.8283137373023015
880000.0,280.0,5,Tunis,House,13.68767832281738,5.638354669333745
380000.0,95.0,2,Nabeul,Appart,12.847929163278053,4.564348191467836
680000.0,500.0,3,Mednine,House,13.429849547739444,6.2166061010848646
370000.0,145.0,3,Tunis,Appart,12.821260987319457,4.983606621708336
340000.0,70.0,1,Tunis,Appart,12.73670383776449,4.2626798770413155
1500000.0,200.0,2,Sousse,Appart,14.220976332738882,5.303304908059076
1200000.0,250.0,3,Sousse,Appart,13.997832948091215,5.5254529391317835
570000.0,127.0,2,Tunis,Appart,13.25339339419516,4.852030263919617
520000.0,200.0,4,Tunis,House,13.161586013632684,5.303304908059076
700000.0,230.0,3,Nabeul,House,13.45883704259595,5.442417710521793
850000.0,310.0,3,Nabeul,House,13.652992804936396,5.739792912179234
600000.0,240.0,4,Nabeul,House,13.304686600863562,5.484796933490655
890000.0,280.0,4,Nabeul,House,13.698977865303197,5.638354669333745
490000.0,160.0,3,Nabeul,Appart,13.102162710901053,5.081404364984463
550000.0,320.0,5,Nabeul,House,13.217675375388819,5.771441123130016
2600000.0,360.0,4,Nabeul,House,14.77102238760702,5.8888779583328805
650000.0,140.0,3,Nabeul,House,13.384729180332174,4.948759890378168
650000.0,100.0,2,Tunis,Appart,13.384729180332174,4.61512051684126
1150000.0,359.0,3,Ariana,Appart,13.955273369904273,5.886104031450156
1270000.0,330.0,5,Nabeul,House,14.054528245836039,5.802118375377063
320000.0,180.0,4,Ariana,House,12.676079399771027,5.198497031265826
250000.0,105.0,3,Tunis,Appart,12.429220196836383,4.663439094112067
650000.0,250.0,3,Ariana,House,13.384729180332174,5.5254529391317835
1100000.0,330.0,6,Ariana,House,13.910821646859095,5.802118375377063
490000.0,168.0,4,Nabeul,House,13.102162710901053,5.1298987149230735
950000.0,196.0,8,Tunis,House,13.76421831620775,5.2832037287379885
350000.0,130.0,3,Mednine,House,12.765691290604371,4.875197323201151
350000.0,91.0,2,Nabeul,Appart,12.765691290604371,4.5217885770490405
760000.0,180.0,3,Nabeul,House,13.541075028051122,5.198497031265826
353000.0,101.0,2,Nabeul,Appart,12.77422616877261,4.624972813284271
320000.0,300.0,3,Nabeul,House,12.676079399771027,5.707110264748875
7500000.0,600.0,7,Tunis,House,15.830413711839864,6.398594934535208
550000.0,210.0,4,Nabeul,House,13.217675375388819,5.351858133476067
299000.0,100.0,3,Tunis,Appart,12.608202196848836,4.61512051684126
400000.0,170.0,3,Sousse,Appart,12.899222326086994,5.14166355650266
1250000.0,500.0,4,Nabeul,House,14.038654909278163,6.2166061010848646
225000.0,65.0,1,Tunis,Appart,12.323860125621126,4.189654742026425
1450000.0,463.0,5,Tunis,House,14.187074804051692,6.139884552226255
1250000.0,243.0,3,Tunis,House,14.038654909278163,5.497168225293202
320000.0,170.0,5,Tunis,House,12.676079399771027,5.14166355650266
380000.0,128.0,2,Sousse,Appart,12.847929163278053,4.859812404361672
310821.0,55.0,1,Tunis,Appart,12.646975680041269,4.02535169073515
1200000.0,414.0,3,Mednine,House,13.997832948091215,6.028278520230698
1050000.0,510.0,8,Mednine,House,13.864301674514206,6.236369590203704
550000.0,170.0,3,Mednine,House,13.217675375388819,5.14166355650266
600000.0,450.0,6,Nabeul,House,13.304686600863562,6.111467339502679
340000.0,81.0,1,Tunis,Appart,12.73670383776449,4.406719247264253
360000.0,107.0,3,Ben Arous,Appart,12.793862088206213,4.68213122712422
2900000.0,375.0,5,Ben Arous,House,14.88022163978423,5.929589143389895
262000.0,64.0,2,Nabeul,Appart,12.476103599529843,4.174387269895637
130000.0,75.0,2,Ariana,Appart,11.775297421715827,4.330733340286331
275000.0,81.0,2,Ben Arous,Appart,12.524530013005734,4.406719247264253
170000.0,40.0,1,Tunis,Appart,12.04355959836804,3.713572066704308
2480000.0,530.0,5,Tunis,House,14.72376952136689,6.274762021241939
800000.0,239.0,3,Sfax,House,13.592368256649284,5.480638923341991
540000.0,114.0,2,Monastir,Appart,13.199326270390594,4.74493212836325
540000.0,450.0,3,Nabeul,House,13.199326270390594,6.111467339502679
1200000.0,340.0,4,Nabeul,House,13.997832948091215,5.831882477283517
295000.0,100.0,2,Nabeul,Appart,12.59473402514672,4.61512051684126
490000.0,160.0,3,Nabeul,Appart,13.102162710901053,5.081404364984463
1800000.0,400.0,4,Tunis,House,14.403297778421795,5.993961427306569
430000.0,117.0,2,Nabeul,Appart,12.971542813248437,4.770684624465665
920000.0,505.0,8,Tunis,House,13.732130035981154,6.226536669287466
490000.0,104.0,2,Nabeul,Appart,13.102162710901053,4.653960350157523
1200000.0,135.0,3,Tunis,Appart,13.997832948091215,4.912654885736052
2700000.0,380.0,5,Tunis,House,14.80876270134486,5.942799375126701
325000.0,134.0,3,Tunis,Appart,12.691583538230217,4.90527477843843
582000.0,120.0,2,Tunis,Appart,13.274227444925158,4.795790545596741
275000.0,68.0,1,Tunis,Appart,12.524530013005734,4.23410650459726
550000.0,128.0,2,Nabeul,Appart,13.217675375388819,4.859812404361672
360000.0,96.0,1,Tunis,Appart,12.793862088206213,4.574710978503383
470000.0,600.0,3,Nabeul,House,13.060490101343552,6.398594934535208
649000.0,180.0,3,Ariana,Appart,13.38318953651709,5.198497031265826
827000.0,152.0,2,Tunis,Appart,13.62556118319494,5.030437921392435
370000.0,150.0,3,Tunis,Appart,12.821260987319457,5.017279836814924
2900000.0,1111.0,5,Sousse,House,14.88022163978423,7.013915474810528
240000.0,115.0,2,Tunis,Appart,12.388398368982115,4.7535901911063645
385000.0,85.0,2,Tunis,Appart,12.861001210669146,4.454347296253507
257000.0,66.0,1,Nabeul,House,12.456835254920371,4.204692619390966
600000.0,150.0,3,Tunis,House,13.304686600863562,5.017279836814924
370000.0,149.0,2,Ariana,Appart,12.821260987319457,5.0106352940962555
470000.0,117.0,2,Nabeul,Appart,13.060490101343552,4.770684624465665
400000.0,1100.0,4,Ariana,House,12.899222326086994,7.00397413672268
530000.0,140.0,3,Tunis,Appart,13.180634172318978,4.948759890378168
180000.0,100.0,3,Tunis,Appart,12.100717685412471,4.61512051684126
550000.0,122.0,2,Tunis,Appart,13.217675375388819,4.812184355372417
1800000.0,918.0,6,Ariana,House,14.403297778421795,6.823286122355687
648000.0,135.0,3,Tunis,Appart,13.381647518543097,4.912654885736052
1050000.0,280.0,4,Nabeul,House,13.864301674514206,5.638354669333745
320000.0,90.0,2,Nabeul,Appart,12.676079399771027,4.51085950651685
255000.0,50.0,1,Nabeul,Appart,12.449022745701502,3.9318256327243257
1200000.0,230.0,6,Nabeul,House,13.997832948091215,5.442417710521793
293000.0,61.0,1,Sousse,Appart,12.587931300962664,4.127134385045092
1100000.0,207.0,2,Tunis,House,13.910821646859095,5.337538079701318
1100000.0,370.0,3,Sousse,House,13.910821646859095,5.916202062607435
2200000.0,680.0,7,Sousse,House,14.603968372873895,6.523562306149512
320000.0,107.0,2,Nabeul,Appart,12.676079399771027,4.68213122712422
110000.0,80.0,2,Tunis,Appart,11.608244735642321,4.394449154672439
506000.0,1583.0,3,Tunis,Appart,13.134293924552235,7.367708572374371
360000.0,250.0,7,Tunis,House,12.793862088206213,5.5254529391317835
340000.0,180.0,3,Tunis,House,12.73670383776449,5.198497031265826
159900.0,120.0,2,Ariana,Appart,11.982310152711182,4.795790545596741
1700000.0,639.0,4,Nabeul,House,14.346139397261565,6.461468176353717
1180000.0,443.0,4,Nabeul,House,13.981025843899115,6.095824562432225
1175000.0,375.0,4,Tunis,House,13.976779556623864,5.929589143389895
750000.0,240.0,3,Nabeul,House,13.527829818844937,5.484796933490655
350000.0,112.0,2,Tunis,Appart,12.765691290604371,4.727387818712341
795000.0,150.0,4,Tunis,Appart,13.586098651497313,5.017279836814924
390000.0,92.0,2,Nabeul,Appart,12.873904582205107,4.532599493153256
290000.0,128.0,2,Ariana,Appart,12.577639650232573,4.859812404361672
1400000.0,423.0,6,Tunis,House,14.151983508870947,6.049733455231958
650000.0,231.0,3,Nabeul,House,13.384729180332174,5.44673737166631
850000.0,225.0,3,Nabeul,House,13.652992804936396,5.420534999272286
490000.0,593.0,3,Nabeul,House,13.102162710901053,6.386879319362645
315000.0,97.0,2,Tunis,Appart,12.660331092405906,4.584967478670572
230000.0,58.0,1,Tunis,Appart,12.345838935721968,4.07753744390572
320000.0,85.0,2,Nabeul,Appart,12.676079399771027,4.454347296253507
650000.0,389.0,8,Tunis,House,13.384729180332174,5.966146739123692
185000.0,85.0,2,Nabeul,Appart,12.128116509451258,4.454347296253507
1900000.0,500.0,5,Ariana,House,14.45736497045232,6.2166061010848646
800000.0,330.0,3,Nabeul,House,13.592368256649284,5.802118375377063
135000.0,85.0,2,Sousse,Appart,11.813037464800539,4.454347296253507
960000.0,310.0,5,Sousse,House,13.774689605110144,5.739792912179234
1400000.0,120.0,3,Tunis,House,14.151983508870947,4.795790545596741
180000.0,53.0,1,Tunis,Appart,12.100717685412471,3.9889840465642745
540000.0,380.0,8,Manouba,House,13.199326270390594,5.942799375126701
440000.0,120.0,3,Tunis,Appart,12.994532278619134,4.795790545596741
1500000.0,240.0,5,Ben Arous,House,14.220976332738882,5.484796933490655
250000.0,97.0,2,Tunis,Appart,12.429220196836383,4.584967478670572
285000.0,66.0,1,Tunis,Appart,12.560247968016562,4.204692619390966
260000.0,57.0,1,Tunis,Appart,12.468440756144114,4.060443010546419
339000.0,409.0,4,Ariana,House,12.733758336210744,6.016157159698354
218000.0,79.0,1,Tunis,Appart,12.292254928916668,4.382026634673881
355000.0,82.0,2,Nabeul,Appart,12.779875885354993,4.418840607796598
650000.0,135.0,3,Nabeul,Appart,13.384729180332174,4.912654885736052
732000.0,505.0,2,Tunis,House,13.503537159062734,6.226536669287466
890000.0,400.0,5,Nabeul,House,13.698977865303197,5.993961427306569
360000.0,144.0,4,Tunis,House,12.793862088206213,4.976733742420574
3800000.0,876.0,5,Tunis,House,15.150511887854474,6.776506992372183
280000.0,112.0,2,Manouba,Appart,12.54254845357358,4.727387818712341
370000.0,122.0,3,Tunis,Appart,12.821260987319457,4.812184355372417
1850000.0,375.0,6,Tunis,House,14.430696737594902,5.929589143389895
1300000.0,580.0,9,Ariana,House,14.077875591662238,6.364750756851911
1200000.0,315.0,4,Mednine,House,13.997832948091215,5.755742213586912
300000.0,190.0,2,Mednine,House,12.611541086966115,5.25227342804663
520000.0,420.0,3,Mednine,House,13.161586013632684,6.042632833682381
850000.0,1300.0,3,Mednine,House,13.652992804936396,7.170888478512505
420000.0,2214.0,3,Mednine,House,12.948012371209098,7.703007682479236
350000.0,240.0,3,Mednine,House,12.765691290604371,5.484796933490655
450000.0,170.0,3,Tunis,House,13.017005083966255,5.14166355650266
520000.0,433.0,3,Sousse,House,13.161586013632684,6.073044534100405
920000.0,800.0,5,Sousse,House,13.732130035981154,6.68586094706836
570000.0,240.0,6,Sousse,House,13.25339339419516,5.484796933490655
390000.0,380.0,3,Sousse,House,12.873904582205107,5.942799375126701
950000.0,496.0,4,Sousse,House,13.76421831620775,6.208590026096629
870000.0,352.0,4,Tunis,House,13.676249640055394,5.8664680569332965
1828000.0,330.0,4,Tunis,Appart,14.418733578042035,5.802118375377063
1150000.0,480.0,3,Ariana,House,13.955273369904273,6.175867270105761
760000.0,161.0,3,Tunis,Appart,13.541075028051122,5.087596335232384
750000.0,256.0,3,Tunis,Appart,13.527829818844937,5.54907608489522
650000.0,260.0,3,Nabeul,House,13.384729180332174,5.564520407322694
1650000.0,250.0,6,Tunis,House,14.316286451937186,5.5254529391317835
1060000.0,380.0,3,Sousse,House,13.87378040948403,5.942799375126701
990000.0,206.0,3,Tunis,Appart,13.805461232211272,5.332718793265369
335000.0,118.0,2,Tunis,Appart,12.721888795877375,4.77912349311153
900000.0,360.0,7,Nabeul,House,13.710151153416941,5.8888779583328805
750000.0,200.0,3,Nabeul,House,13.527829818844937,5.303304908059076
795000.0,295.0,4,Nabeul,House,13.586098651497313,5.69035945432406
447000.0,167.0,3,Sousse,Appart,13.010316110729669,5.123963979403259
370000.0,118.0,2,Sousse,Appart,12.821260987319457,4.77912349311153
295000.0,110.0,2,Sousse,Appart,12.59473402514672,4.709530201312334
245000.0,70.0,1,Sousse,Appart,12.409017571151187,4.2626798770413155
440000.0,130.0,3,Tunis,Appart,12.994532278619134,4.875197323201151
415000.0,155.0,3,Ariana,Appart,12.936036208848487,5.049856007249537
395000.0,253.0,3,Nabeul,Appart,12.886643575525625,5.537334267018537
320000.0,100.0,2,Nabeul,Appart,12.676079399771027,4.61512051684126
1250000.0,600.0,5,Nabeul,House,14.038654909278163,6.398594934535208
530000.0,100.0,2,Tunis,Appart,13.180634172318978,4.61512051684126
1770000.0,411.0,3,Tunis,House,14.386490669521603,6.021023349349527
1900000.0,450.0,5,Nabeul,House,14.45736497045232,6.111467339502679
325000.0,77.0,2,Tunis,Appart,12.691583538230217,4.356708826689592
269000.0,57.0,1,Tunis,Appart,12.502470376049185,4.060443010546419
390000.0,67.0,2,Sousse,Appart,12.873904582205107,4.219507705176107
850000.0,275.0,4,Ariana,House,13.652992804936396,5.62040086571715
850000.0,300.0,3,Nabeul,House,13.652992804936396,5.707110264748875
450000.0,128.0,3,Ariana,Appart,13.017005083966255,4.859812404361672
275000.0,116.0,2,Tunis,Appart,12.524530013005734,4.762173934797756
438000.0,130.0,3,Tunis,Appart,12.989976472461,4.875197323201151
550000.0,155.0,3,Tunis,Appart,13.217675375388819,5.049856007249537
400000.0,140.0,3,Ariana,Appart,12.899222326086994,4.948759890378168
250000.0,110.0,3,Ariana,Appart,12.429220196836383,4.709530201312334
580000.0,167.0,2,Sousse,Appart,13.270785106659046,5.123963979403259
257000.0,66.0,1,Nabeul,Appart,12.456835254920371,4.204692619390966
790000.0,500.0,6,Nabeul,House,13.579789490265188,6.2166061010848646
470000.0,280.0,3,Nabeul,House,13.060490101343552,5.638354669333745
800000.0,275.0,4,Nabeul,House,13.592368256649284,5.62040086571715
750000.0,1000.0,4,Nabeul,House,13.527829818844937,6.90875477931522
1450000.0,600.0,4,Ariana,House,14.187074804051692,6.398594934535208
590000.0,134.0,2,Tunis,Appart,13.28787951079572,4.90527477843843
680000.0,400.0,3,Ben Arous,House,13.429849547739444,5.993961427306569
350000.0,90.0,2,Nabeul,Appart,12.765691290604371,4.51085950651685
630000.0,123.0,2,Tunis,Appart,13.353476685668044,4.820281565605037
3000000.0,1400.0,7,Manouba,House,14.914123179965662,7.244941546337007
120000.0,81.0,2,Manouba,Appart,11.695255355062795,4.406719247264253
370000.0,270.0,4,Manouba,Appart,12.821260987319457,5.602118820879701
260000.0,100.0,2,Manouba,Appart,12.468440756144114,4.61512051684126
250000.0,117.0,3,Manouba,Appart,12.429220196836383,4.770684624465665
190000.0,80.0,2,Manouba,Appart,12.154784614286667,4.394449154672439
330000.0,150.0,6,Manouba,House,12.706850963741102,5.017279836814924
550000.0,100.0,3,Sousse,Appart,13.217675375388819,4.61512051684126
550000.0,200.0,4,Manouba,House,13.217675375388819,5.303304908059076
900000.0,300.0,4,Sousse,House,13.710151153416941,5.707110264748875
300000.0,87.0,1,Ariana,Appart,12.611541086966115,4.477336814478207
780000.0,420.0,7,Ariana,House,13.567050480716235,6.042632833682381
1050000.0,550.0,4,Ariana,House,13.864301674514206,6.311734809152915
1980000.0,356.0,3,Tunis,Appart,14.498607907721096,5.877735781779639
400000.0,269.0,3,Nabeul,House,12.899222326086994,5.598421958998375
120000.0,100.0,2,Nabeul,Appart,11.695255355062795,4.61512051684126
310000.0,44.0,1,Tunis,Appart,12.644330802262578,3.8066624897703196
890000.0,285.0,4,Tunis,House,13.698977865303197,5.655991810819852
900000.0,157.0,2,Tunis,Appart,13.710151153416941,5.062595033026967
1900000.0,553.0,5,Tunis,House,14.45736497045232,6.317164686747284
265000.0,130.0,1,Nabeul,Appart,12.487488878546145,4.875197323201151
265000.0,120.0,2,Tunis,Appart,12.487488878546145,4.795790545596741
265000.0,65.0,1,Nabeul,Appart,12.487488878546145,4.189654742026425
680000.0,700.0,4,Mednine,House,13.429849547739444,6.55250788703459
255000.0,100.0,2,Sousse,Appart,12.449022745701502,4.61512051684126
300000.0,144.0,2,Sousse,Appart,12.611541086966115,4.976733742420574
690000.0,430.0,3,Sousse,House,13.444448325847754,6.066108090103747
240000.0,62.0,1,Tunis,Appart,12.388398368982115,4.143134726391533
386000.0,117.0,2,Tunis,Appart,12.863595239117187,4.770684624465665
320000.0,65.0,1,Tunis,Appart,12.676079399771027,4.189654742026425
1650000.0,306.0,3,Tunis,House,14.316286451937186,5.726847747587197
1120000.0,480.0,6,Ariana,House,13.928840136128022,6.175867270105761
325000.0,138.0,3,Tunis,Appart,12.691583538230217,4.9344739331306915
900000.0,190.0,3,Tunis,Appart,13.710151153416941,5.25227342804663
1100000.0,450.0,3,Nabeul,House,13.910821646859095,6.111467339502679
2200000.0,450.0,4,Tunis,House,14.603968372873895,6.111467339502679
260000.0,130.0,3,Ariana,Appart,12.468440756144114,4.875197323201151
600000.0,300.0,5,Ariana,House,13.304686600863562,5.707110264748875
380000.0,158.0,3,Ariana,Appart,12.847929163278053,5.0689042022202315
420000.0,112.0,3,Sousse,Appart,12.948012371209098,4.727387818712341
590000.0,134.0,4,Sousse,Appart,13.28787951079572,4.90527477843843
445000.0,107.0,2,Sousse,Appart,13.005831808336863,4.68213122712422
450000.0,155.0,2,Sousse,Appart,13.017005083966255,5.049856007249537
700000.0,324.0,6,Ben Arous,House,13.45883704259595,5.783825182329737
260000.0,63.0,1,Sousse,Appart,12.468440756144114,4.1588830833596715
170000.0,64.0,2,Sousse,Appart,12.04355959836804,4.174387269895637
750000.0,228.0,3,Ariana,House,13.527829818844937,5.43372200355424
300000.0,140.0,4,Sousse,Appart,12.611541086966115,4.948759890378168
630000.0,160.0,2,Sousse,Appart,13.353476685668044,5.081404364984463
735000.0,183.0,3,Sousse,Appart,13.507627138738266,5.214935757608986
365000.0,150.0,3,Ariana,Appart,12.807655372286902,5.017279836814924
384500.0,150.0,3,Ariana,Appart,12.859701668704687,5.017279836814924
749900.0,320.0,3,Ariana,House,13.527696476799726,5.771441123130016
690000.0,131.0,3,Tunis,Appart,13.444448325847754,4.882801922586371
305000.0,100.0,2,Tunis,Appart,12.628070334272698,4.61512051684126
370000.0,114.0,2,Sousse,Appart,12.821260987319457,4.74493212836325
360000.0,130.0,3,Tunis,Appart,12.793862088206213,4.875197323201151
290000.0,70.0,1,Nabeul,Appart,12.577639650232573,4.2626798770413155
540000.0,232.0,4,Nabeul,House,13.199326270390594,5.4510384535657
345000.0,137.0,3,Tunis,Appart,12.75130259456002,4.927253685157205
2800000.0,1440.0,4,Tunis,House,14.845130332288226,7.273092595999522
620000.0,200.0,3,Tunis,Appart,13.3374763699232,5.303304908059076
207000.0,52.0,1,Tunis,Appart,12.240478903153711,3.970291913552122
444000.0,127.0,2,Nabeul,Appart,13.003582093664077,4.852030263919617
650000.0,250.0,5,Nabeul,House,13.384729180332174,5.5254529391317835
700000.0,207.0,3,Mednine,House,13.45883704259595,5.337538079701318
610000.0,192.0,4,Tunis,House,13.321215875492413,5.262690188904886
175000.0,98.0,3,Ben Arous,Appart,12.07254696717504,4.59511985013459
250000.0,65.0,1,Nabeul,Appart,12.429220196836383,4.189654742026425
520000.0,149.0,3,Tunis,Appart,13.161586013632684,5.0106352940962555
1500000.0,1000.0,5,Sousse,House,14.220976332738882,6.90875477931522
450000.0,120.0,2,Nabeul,Appart,13.017005083966255,4.795790545596741
790000.0,400.0,4,Nabeul,House,13.579789490265188,5.993961427306569
300000.0,150.0,3,Tunis,Appart,12.611541086966115,5.017279836814924
675000.0,187.0,3,Tunis,House,13.42246945133505,5.236441962829949
165000.0,90.0,2,Sousse,Appart,12.013706813470414,4.51085950651685
310000.0,154.0,3,Tunis,Appart,12.644330802262578,5.043425116919247
4250000.0,910.0,6,Tunis,House,15.26242977619469,6.814542897259958
1305000.0,275.0,3,Tunis,Appart,14.081714365022162,5.62040086571715
1250000.0,349.0,3,Nabeul,House,14.038654909278163,5.857933154483459
1150000.0,340.0,3,Nabeul,House,13.955273369904273,5.831882477283517
270000.0,69.0,1,Nabeul,Appart,12.506180941677357,4.248495242049359
450000.0,600.0,3,Nabeul,House,13.017005083966255,6.398594934535208
2000000.0,456.0,3,Nabeul,House,14.508658238524095,6.124683390894205
300000.0,450.0,2,Nabeul,House,12.611541086966115,6.111467339502679
700000.0,95.0,6,Ben Arous,House,13.45883704259595,4.564348191467836
890000.0,265.0,3,Tunis,House,13.698977865303197,5.583496308781699
200000.0,80.0,2,Tunis,House,12.206077645517674,4.394449154672439
485000.0,225.0,3,Tunis,House,13.091906231773164,5.420534999272286
2800000.0,800.0,5,Nabeul,House,14.845130332288226,6.68586094706836
960000.0,420.0,5,Sousse,House,13.774689605110144,6.042632833682381
206000.0,56.0,1,Tunis,Appart,12.235636302128867,4.04305126783455
1700000.0,308.0,4,Tunis,Appart,14.346139397261565,5.733341276897746
1700000.0,629.0,4,Ariana,House,14.346139397261565,6.4457198193855785
680000.0,234.0,3,Ariana,Appart,13.429849547739444,5.459585514144159
370000.0,130.0,3,Mednine,House,12.821260987319457,4.875197323201151
310000.0,140.0,3,Tunis,Appart,12.644330802262578,4.948759890378168
409000.0,112.0,2,Ariana,Appart,12.921472880009725,4.727387818712341
325000.0,77.0,2,Tunis,House,12.691583538230217,4.356708826689592
550000.0,680.0,3,Mednine,House,13.217675375388819,6.523562306149512
190000.0,90.0,2,Ariana,House,12.154784614286667,4.51085950651685
390000.0,106.0,1,Ariana,Appart,12.873904582205107,4.672828834461906
335000.0,60.0,1,Tunis,Appart,12.721888795877375,4.110873864173311
880000.0,415.0,2,Tunis,Appart,13.68767832281738,6.030685260261263
69000.0,150.0,3,Nabeul,Appart,11.141876276228,5.017279836814924
245000.0,112.0,2,Tunis,Appart,12.409017571151187,4.727387818712341
470000.0,126.0,2,Sousse,Appart,13.060490101343552,4.844187086458591
320000.0,160.0,3,Ariana,Appart,12.676079399771027,5.081404364984463
400000.0,137.0,3,Ben Arous,Appart,12.899222326086994,4.927253685157205
370000.0,130.0,2,Ariana,Appart,12.821260987319457,4.875197323201151
340000.0,116.0,2,Nabeul,Appart,12.73670383776449,4.762173934797756
150000.0,42.0,1,Nabeul,Appart,11.918397239722838,3.7612001156935624
605000.0,207.0,3,Nabeul,House,13.312985389904174,5.337538079701318
280000.0,62.0,1,Nabeul,Appart,12.54254845357358,4.143134726391533
245000.0,70.0,1,Sousse,Appart,12.409017571151187,4.2626798770413155
210000.0,55.0,1,Sousse,Appart,12.25486757159303,4.02535169073515
370000.0,126.0,2,Sousse,Appart,12.821260987319457,4.844187086458591
2000000.0,680.0,4,Tunis,House,14.508658238524095,6.523562306149512
2150000.0,460.0,4,Tunis,House,14.580978865220017,6.133398042996649
422580.0,192.0,3,Mednine,House,12.954136423380538,5.262690188904886
659200.0,175.0,3,Mednine,House,13.398783774566539,5.170483995038151
1950000.0,747.0,5,Nabeul,House,14.48334044336031,6.617402977974478
2300000.0,2400.0,4,Nabeul,House,14.648420115681892,7.783640596221253
310000.0,54.0,1,Tunis,Appart,12.644330802262578,4.007333185232471
543000.0,92.0,2,Tunis,Appart,13.204866440535003,4.532599493153256
766000.0,132.0,3,Tunis,Appart,13.548938754204904,4.890349128221754
373000.0,65.0,1,Tunis,Appart,12.829336379587506,4.189654742026425
370000.0,74.0,1,Tunis,Appart,12.821260987319457,4.31748811353631
1500000.0,373.0,5,Tunis,Appart,14.220976332738882,5.924255797414532
760000.0,138.0,3,Tunis,Appart,13.541075028051122,4.9344739331306915
400000.0,180.0,3,Ariana,Appart,12.899222326086994,5.198497031265826
650000.0,610.0,6,Ariana,House,13.384729180332174,6.415096959171596
200000.0,80.0,2,Sousse,Appart,12.206077645517674,4.394449154672439
200000.0,80.0,2,Sousse,Appart,12.206077645517674,4.394449154672439
510000.0,280.0,4,Ben Arous,House,13.1421679654829,5.638354669333745
450000.0,170.0,4,Sousse,House,13.017005083966255,5.14166355650266
2700000.0,210.0,5,Tunis,House,14.80876270134486,5.351858133476067
2500000.0,813.0,9,Tunis,House,14.731801689838349,6.70196036600254
1200000.0,200.0,3,Tunis,House,13.997832948091215,5.303304908059076
258400.0,68.0,1,Nabeul,Appart,12.462267920852137,4.23410650459726
150000.0,92.0,2,Ben Arous,Appart,11.918397239722838,4.532599493153256
170000.0,65.0,2,Nabeul,Appart,12.04355959836804,4.189654742026425
75000.0,75.0,2,Tunis,Appart,11.225256725762893,4.330733340286331
530000.0,225.0,3,Ariana,House,13.180634172318978,5.420534999272286
1400000.0,600.0,8,Ariana,House,14.151983508870947,6.398594934535208
600000.0,200.0,3,Nabeul,Appart,13.304686600863562,5.303304908059076
730000.0,313.0,5,Nabeul,House,13.500801182986649,5.749392985908253
500000.0,195.0,4,Nabeul,House,13.122365377402328,5.278114659230517
1500000.0,500.0,7,Ariana,House,14.220976332738882,6.2166061010848646
750000.0,220.0,3,Mednine,House,13.527829818844937,5.3981627015177525
420000.0,105.0,2,Nabeul,Appart,12.948012371209098,4.663439094112067
860000.0,500.0,7,Ariana,House,13.664688831019712,6.2166061010848646
550000.0,170.0,3,Nabeul,House,13.217675375388819,5.14166355650266
1800000.0,223.0,5,Tunis,House,14.403297778421795,5.4116460518550396
195000.0,67.0,1,Tunis,Appart,12.180759965737863,4.219507705176107
178000.0,113.0,3,Tunis,Appart,12.08954444723597,4.736198448394496
450000.0,167.0,3,Tunis,Appart,13.017005083966255,5.123963979403259
487000.0,175.0,3,Nabeul,Appart,13.096021455450709,5.170483995038151
620000.0,206.0,3,Tunis,Appart,13.3374763699232,5.332718793265369
385000.0,102.0,2,Nabeul,Appart,12.861001210669146,4.634728988229636
720000.0,120.0,2,Tunis,House,13.487007879880162,4.795790545596741
260000.0,125.0,2,Ariana,Appart,12.468440756144114,4.836281906951478
230000.0,119.0,2,Ariana,Appart,12.345838935721968,4.787491742782046
140000.0,100.0,2,Ariana,Appart,11.849404844423074,4.61512051684126
850000.0,183.0,3,Tunis,Appart,13.652992804936396,5.214935757608986
355000.0,100.0,3,Ariana,Appart,12.779875885354993,4.61512051684126
170000.0,70.0,2,Sousse,Appart,12.04355959836804,4.2626798770413155
1154000.0,141.0,2,Tunis,House,13.958745592600932,4.955827057601261
490000.0,160.0,3,Nabeul,Appart,13.102162710901053,5.081404364984463
480000.0,130.0,2,Sousse,Appart,13.081543466215237,4.875197323201151
185000.0,90.0,2,Nabeul,Appart,12.128116509451258,4.51085950651685
400000.0,150.0,3,Nabeul,House,12.899222326086994,5.017279836814924
485000.0,225.0,3,Tunis,House,13.091906231773164,5.420534999272286
390000.0,86.0,1,Tunis,Appart,12.873904582205107,4.465908118654584
475000.0,98.0,2,Tunis,Appart,13.07107218827772,4.59511985013459
600000.0,103.0,2,Tunis,Appart,13.304686600863562,4.6443908991413725
250000.0,78.0,1,Tunis,Appart,12.429220196836383,4.3694478524670215
720000.0,210.0,3,Nabeul,House,13.487007879880162,5.351858133476067
566500.0,80.0,2,Sousse,Appart,13.247234124673707,4.394449154672439
1339000.0,140.0,3,Sousse,Appart,14.10743437149902,4.948759890378168
999000.0,235.0,5,Ben Arous,House,13.81451105863119,5.4638318050256105
430000.0,127.0,2,Tunis,Appart,12.971542813248437,4.852030263919617
260000.0,130.0,3,Tunis,House,12.468440756144114,4.875197323201151
795000.0,228.0,3,Tunis,Appart,13.586098651497313,5.43372200355424
1350000.0,400.0,6,Tunis,House,14.115615891155079,5.993961427306569
1370000.0,340.0,5,Tunis,House,14.130322027731049,5.831882477283517
1350000.0,236.0,3,Tunis,Appart,14.115615891155079,5.4680601411351315
490000.0,170.0,3,Ariana,Appart,13.102162710901053,5.14166355650266
203000.0,51.0,1,Tunis,Appart,12.220966184120165,3.9512437185814275
320000.0,125.0,3,Tunis,Appart,12.676079399771027,4.836281906951478
950000.0,450.0,4,Tunis,Appart,13.76421831620775,6.111467339502679
130000.0,75.0,2,Tunis,Appart,11.775297421715827,4.330733340286331
1700000.0,150.0,2,Ariana,House,14.346139397261565,5.017279836814924
1200000.0,370.0,4,Nabeul,House,13.997832948091215,5.916202062607435
500000.0,125.0,2,Tunis,Appart,13.122365377402328,4.836281906951478
800000.0,600.0,1,Ariana,House,13.592368256649284,6.398594934535208
525000.0,152.0,3,Ariana,Appart,13.171155446333852,5.030437921392435
2000000.0,600.0,4,Ariana,House,14.508658238524095,6.398594934535208
430000.0,150.0,3,Nabeul,House,12.971542813248437,5.017279836814924
125000.0,60.0,1,Nabeul,House,11.736077016252437,4.110873864173311
630000.0,135.0,2,Tunis,Appart,13.353476685668044,4.912654885736052
340000.0,144.0,3,Ariana,Appart,12.73670383776449,4.976733742420574
390000.0,110.0,2,Tunis,House,12.873904582205107,4.709530201312334
178000.0,60.0,1,Tunis,Appart,12.08954444723597,4.110873864173311
330000.0,130.0,3,Ariana,Appart,12.706850963741102,4.875197323201151
200000.0,55.0,2,Tunis,Appart,12.206077645517674,4.02535169073515
2900000.0,1000.0,6,Ben Arous,House,14.88022163978423,6.90875477931522
170000.0,200.0,6,Ariana,House,12.04355959836804,5.303304908059076
2900000.0,1000.0,8,Ariana,House,14.88022163978423,6.90875477931522
350000.0,500.0,5,Nabeul,House,12.765691290604371,6.2166061010848646
1940000.0,720.0,7,Tunis,House,14.478199046503295,6.580639137284949
180000.0,105.0,2,Nabeul,Appart,12.100717685412471,4.663439094112067
825000.0,150.0,2,Tunis,Appart,13.623139877437296,5.017279836814924
247000.0,46.0,1,Nabeul,Appart,12.417147664184915,3.8501476017100584
175100.0,100.0,3,Sousse,Appart,12.073118229279908,4.61512051684126
1300000.0,350.0,2,Sousse,House,14.077875591662238,5.860786223465865
220000.0,120.0,2,Nabeul,Appart,12.301387370778713,4.795790545596741
180000.0,200.0,3,Nabeul,House,12.100717685412471,5.303304908059076
185000.0,100.0,2,Nabeul,Appart,12.128116509451258,4.61512051684126
850000.0,270.0,3,Tunis,House,13.652992804936396,5.602118820879701
230000.0,71.0,1,Sousse,Appart,12.345838935721968,4.276666119016055
365000.0,61.0,1,Tunis,Appart,12.807655372286902,4.127134385045092
315000.0,72.0,1,Tunis,Appart,12.660331092405906,4.290459441148391
560000.0,153.0,3,Tunis,Appart,13.235693848424024,5.0369526024136295
399000.0,181.0,3,Tunis,Appart,12.896719202134523,5.204006687076795
850000.0,260.0,4,Nabeul,House,13.652992804936396,5.564520407322694
3500000.0,126.0,3,Tunis,House,15.068273812173887,4.844187086458591
400000.0,100.0,2,Ariana,Appart,12.899222326086994,4.61512051684126
850000.0,509.0,5,Ben Arous,House,13.652992804936396,6.234410725718371
400000.0,442.0,3,Nabeul,House,12.899222326086994,6.093569770045136
260000.0,100.0,2,Ariana,Appart,12.468440756144114,4.61512051684126
450000.0,250.0,4,Ariana,House,13.017005083966255,5.5254529391317835
4000000.0,550.0,6,Tunis,House,15.201805169084134,6.311734809152915
900000.0,300.0,7,Ariana,House,13.710151153416941,5.707110264748875
345000.0,117.0,2,Nabeul,Appart,12.75130259456002,4.770684624465665
300000.0,100.0,3,Sousse,Appart,12.611541086966115,4.61512051684126
950000.0,350.0,5,Tunis,House,13.76421831620775,5.860786223465865
1550000.0,380.0,5,Sousse,House,14.253766134056512,5.942799375126701
125000.0,93.0,3,Sfax,Appart,11.736077016252437,4.543294782270004
340000.0,156.0,3,Ariana,Appart,12.73670383776449,5.056245805348308
581000.0,150.0,3,Tunis,Appart,13.272507757002963,5.017279836814924
599000.0,176.0,3,Ariana,House,13.303018546545275,5.176149732573829
375000.0,160.0,4,Tunis,House,12.834683971615659,5.081404364984463
222000.0,100.0,2,Tunis,Appart,12.310437165348775,4.61512051684126
320000.0,90.0,2,Nabeul,House,12.676079399771027,4.51085950651685
200000.0,45.0,1,Nabeul,Appart,12.206077645517674,3.828641396489095
250000.0,120.0,2,Ariana,Appart,12.429220196836383,4.795790545596741
600000.0,372.0,6,Tunis,House,13.304686600863562,5.921578419643816
430000.0,105.0,2,Tunis,Appart,12.971542813248437,4.663439094112067
250000.0,90.0,2,Ariana,Appart,12.429220196836383,4.51085950651685
450000.0,131.0,2,Nabeul,Appart,13.017005083966255,4.882801922586371
388500.0,305.0,3,Ariana,Appart,12.8700510227891,5.723585101952381
860000.0,211.0,3,Tunis,Appart,13.664688831019712,5.356586274672012
480000.0,157.0,3,Ariana,Appart,13.081543466215237,5.062595033026967
475000.0,100.0,3,Tunis,Appart,13.07107218827772,4.61512051684126
451968.0,136.0,2,Sousse,Appart,13.021368872391577,4.919980925828125
720192.0,218.0,3,Sousse,Appart,13.487274510627323,5.389071729816501
369000.0,123.0,2,Sousse,Appart,12.818554633046093,4.820281565605037
530000.0,193.0,4,Sousse,Appart,13.180634172318978,5.267858159063328
210000.0,60.0,1,Sousse,Appart,12.25486757159303,4.110873864173311
350000.0,146.0,3,Ariana,Appart,12.765691290604371,4.990432586778736
335000.0,136.0,3,Ariana,Appart,12.721888795877375,4.919980925828125
1500000.0,488.0,5,Sousse,House,14.220976332738882,6.192362489474872
810000.0,220.0,3,Nabeul,House,13.60479076121576,5.3981627015177525
790000.0,200.0,2,Nabeul,House,13.579789490265188,5.303304908059076
1000000.0,503.0,4,Tunis,House,13.815511557963774,6.222576268071369
240000.0,65.0,2,Tunis,Appart,12.388398368982115,4.189654742026425
950000.0,480.0,1,Tunis,House,13.76421831620775,6.175867270105761
240000.0,100.0,2,Ariana,Appart,12.388398368982115,4.61512051684126
570000.0,142.0,2,Tunis,Appart,13.25339339419516,4.962844630259907
990000.0,380.0,3,Tunis,Appart,13.805461232211272,5.942799375126701
200000.0,130.0,2,Nabeul,Appart,12.206077645517674,4.875197323201151
500000.0,200.0,3,Nabeul,House,13.122365377402328,5.303304908059076
370000.0,175.0,2,Tunis,Appart,12.821260987319457,5.170483995038151
400000.0,150.0,2,Nabeul,Appart,12.899222326086994,5.017279836814924
350000.0,150.0,2,Tunis,Appart,12.765691290604371,5.017279836814924
160000.0,90.0,3,Sfax,House,11.982935344196433,4.51085950651685
1500000.0,600.0,8,Tunis,House,14.220976332738882,6.398594934535208
290000.0,246.0,3,Nabeul,House,12.577639650232573,5.5093883366279774
1300000.0,386.0,3,Tunis,House,14.077875591662238,5.958424693029782
450000.0,150.0,2,Nabeul,House,13.017005083966255,5.017279836814924
240000.0,78.0,4,Tunis,House,12.388398368982115,4.3694478524670215
590000.0,180.0,3,Nabeul,House,13.28787951079572,5.198497031265826
1080000.0,482.0,8,Tunis,House,13.8924725250259,6.180016653652572
707000.0,170.0,2,Tunis,Appart,13.468787359304866,5.14166355650266
265000.0,300.0,5,Ben Arous,House,12.487488878546145,5.707110264748875
430000.0,500.0,2,Nabeul,House,12.971542813248437,6.2166061010848646
290000.0,150.0,3,Sousse,Appart,12.577639650232573,5.017279836814924
355000.0,140.0,3,Sousse,Appart,12.779875885354993,4.948759890378168
629850.0,212.0,4,Mednine,House,13.353238562458795,5.3612921657094255
500000.0,162.0,3,Tunis,Appart,13.122365377402328,5.093750200806762
140000.0,86.0,2,Tunis,Appart,11.849404844423074,4.465908118654584
190000.0,80.0,2,Ariana,Appart,12.154784614286667,4.394449154672439
200000.0,75.0,2,Ariana,Appart,12.206077645517674,4.330733340286331
733000.0,130.0,2,Tunis,Appart,13.504902345124338,4.875197323201151
599000.0,190.0,3,Ariana,House,13.303018546545275,5.25227342804663
360000.0,136.0,3,Tunis,House,12.793862088206213,4.919980925828125
330000.0,164.0,3,Tunis,Appart,12.706850963741102,5.10594547390058
220000.0,100.0,2,Ariana,Appart,12.301387370778713,4.61512051684126
413000.0,133.0,3,Manouba,Appart,12.931205293247745,4.897839799950911
1200000.0,546.0,4,Nabeul,House,13.997832948091215,6.304448802421981
510000.0,190.0,3,Nabeul,Appart,13.1421679654829,5.25227342804663
789000.0,155.0,3,Tunis,Appart,13.578522867254332,5.049856007249537
1600000.0,330.0,4,Tunis,House,14.285514812209815,5.802118375377063
429000.0,240.0,3,Tunis,House,12.969214528909768,5.484796933490655
395000.0,80.0,2,Sousse,Appart,12.886643575525625,4.394449154672439
2400000.0,450.0,4,Tunis,House,14.690979711984754,6.111467339502679
383600.0,97.0,2,Sousse,Appart,12.857358228870192,4.584967478670572
613772.0,150.0,3,Sousse,Appart,13.327380431930466,5.017279836814924
330000.0,85.0,2,Tunis,Appart,12.706850963741102,4.454347296253507
1200000.0,179.0,3,Tunis,Appart,13.997832948091215,5.19295685089021
850000.0,318.0,1,Nabeul,House,13.652992804936396,5.765191102784844
695000.0,120.0,4,Nabeul,House,13.451668563394815,4.795790545596741
120000.0,65.0,2,Sousse,Appart,11.695255355062795,4.189654742026425
370000.0,150.0,3,Tunis,House,12.821260987319457,5.017279836814924
300000.0,125.0,3,Sousse,Appart,12.611541086966115,4.836281906951478
1170000.0,290.0,3,Tunis,Appart,13.972515161474428,5.673323267171493
1890000.0,347.0,4,Tunis,Appart,14.452087916136215,5.8522024797744745
750000.0,150.0,3,Nabeul,House,13.527829818844937,5.017279836814924
350000.0,90.0,1,Nabeul,Appart,12.765691290604371,4.51085950651685
600000.0,168.0,3,Tunis,Appart,13.304686600863562,5.1298987149230735
1250000.0,540.0,5,Nabeul,House,14.038654909278163,6.293419278846481
1150000.0,366.0,3,Nabeul,Appart,13.955273369904273,5.905361848054571
799000.0,180.0,4,Tunis,Appart,13.591117476312084,5.198497031265826
195000.0,104.0,3,Manouba,Appart,12.180759965737863,4.653960350157523
550000.0,55.0,1,Tunis,Appart,13.217675375388819,4.02535169073515
250000.0,170.0,3,Sousse,Appart,12.429220196836383,5.14166355650266
1700000.0,550.0,6,Tunis,House,14.346139397261565,6.311734809152915
280000.0,95.0,1,Nabeul,Appart,12.54254845357358,4.564348191467836
220000.0,70.0,2,Nabeul,Appart,12.301387370778713,4.2626798770413155
245000.0,163.0,2,Nabeul,House,12.409017571151187,5.099866427824199
165000.0,70.0,3,Ben Arous,House,12.013706813470414,4.2626798770413155
490000.0,440.0,4,Ben Arous,House,13.102162710901053,6.089044875446846
830000.0,1000.0,4,Ben Arous,House,13.629182184591333,6.90875477931522
1350000.0,605.0,4,Ariana,House,14.115615891155079,6.406879986069314
270000.0,270.0,6,Nabeul,House,12.506180941677357,5.602118820879701
420000.0,71.0,2,Nabeul,Appart,12.948012371209098,4.276666119016055
675000.0,135.0,2,Tunis,Appart,13.42246945133505,4.912654885736052
545000.0,145.0,3,Nabeul,Appart,13.208542908506082,4.983606621708336
870000.0,245.0,4,Nabeul,House,13.676249640055394,5.5053315359323625
300000.0,500.0,2,Nabeul,House,12.611541086966115,6.2166061010848646
265000.0,65.0,1,Nabeul,Appart,12.487488878546145,4.189654742026425
225000.0,130.0,3,Tunis,Appart,12.323860125621126,4.875197323201151
850000.0,350.0,5,Ariana,House,13.652992804936396,5.860786223465865
290000.0,135.0,2,Ariana,Appart,12.577639650232573,4.912654885736052
410000.0,65.0,1,Tunis,Appart,12.923914877701906,4.189654742026425
250000.0,45.0,1,Tunis,Appart,12.429220196836383,3.828641396489095
1600000.0,654.0,5,Tunis,House,14.285514812209815,6.484635235635252
420000.0,176.0,4,Tunis,Appart,12.948012371209098,5.176149732573829
230000.0,180.0,3,Tunis,House,12.345838935721968,5.198497031265826
750000.0,400.0,4,Nabeul,House,13.527829818844937,5.993961427306569
500000.0,112.0,2,Tunis,Appart,13.122365377402328,4.727387818712341
1350000.0,600.0,9,Ariana,House,14.115615891155079,6.398594934535208
195000.0,65.0,2,Sousse,Appart,12.180759965737863,4.189654742026425
350000.0,90.0,2,Tunis,Appart,12.765691290604371,4.51085950651685
520000.0,150.0,3,Mednine,House,13.161586013632684,5.017279836814924
400000.0,160.0,4,Nabeul,House,12.899222326086994,5.081404364984463
890000.0,265.0,3,Tunis,House,13.698977865303197,5.583496308781699
620000.0,180.0,2,Nabeul,Appart,13.3374763699232,5.198497031265826
930000.0,310.0,4,Nabeul,House,13.742940940397677,5.739792912179234
1400000.0,650.0,4,Nabeul,House,14.151983508870947,6.478509642208569
420000.0,200.0,3,Ben Arous,House,12.948012371209098,5.303304908059076
805000.0,236.0,4,Nabeul,House,13.598598798635953,5.4680601411351315
120000.0,69.0,2,Tunis,Appart,11.695255355062795,4.248495242049359
330000.0,85.0,2,Nabeul,Appart,12.706850963741102,4.454347296253507
650000.0,140.0,2,Tunis,House,13.384729180332174,4.948759890378168
250000.0,45.0,1,Tunis,Appart,12.429220196836383,3.828641396489095
850000.0,120.0,5,Nabeul,House,13.652992804936396,4.795790545596741
1800000.0,327.0,4,Tunis,Appart,14.403297778421795,5.793013608384144
650000.0,519.0,4,Ben Arous,House,13.384729180332174,6.253828811575473
240000.0,111.0,2,Tunis,Appart,12.388398368982115,4.718498871295094
385000.0,131.0,3,Tunis,Appart,12.861001210669146,4.882801922586371
250000.0,100.0,2,Sousse,Appart,12.429220196836383,4.61512051684126
2000000.0,810.0,9,Nabeul,House,14.508658238524095,6.698268054115413
700000.0,379.0,8,Ariana,House,13.45883704259595,5.940171252720432
8000000.0,1000.0,4,Tunis,House,15.894952224644102,6.90875477931522
526000.0,132.0,3,Tunis,House,13.173058392858724,4.890349128221754
460000.0,127.0,4,Tunis,Appart,13.038983942375959,4.852030263919617
3000000.0,1300.0,9,Ariana,House,14.914123179965662,7.170888478512505
790000.0,200.0,2,Tunis,Appart,13.579789490265188,5.303304908059076
2500000.0,638.0,3,Tunis,House,14.731801689838349,6.459904454377535
1100000.0,490.0,5,Nabeul,House,13.910821646859095,6.19644412779452
900000.0,490.0,3,Ben Arous,House,13.710151153416941,6.19644412779452
550000.0,417.0,3,Nabeul,House,13.217675375388819,6.035481432524756
750000.0,1215.0,4,Nabeul,House,13.527829818844937,7.103322062526113
650000.0,209.0,3,Ariana,Appart,13.384729180332174,5.3471075307174685
795000.0,260.0,4,Nabeul,House,13.586098651497313,5.564520407322694
200000.0,64.0,1,Tunis,Appart,12.206077645517674,4.174387269895637
1550000.0,500.0,8,Ariana,House,14.253766134056512,6.2166061010848646
550000.0,180.0,2,Mednine,House,13.217675375388819,5.198497031265826
1800000.0,502.0,3,Nabeul,House,14.403297778421795,6.220590170099739
1470000.0,278.0,3,Nabeul,House,14.200773639026796,5.631211781821365
750000.0,1500.0,5,Nabeul,House,13.527829818844937,7.313886831633462
570000.0,365.0,4,Nabeul,House,13.25339339419516,5.902633333401366
380000.0,162.0,2,Ariana,Appart,12.847929163278053,5.093750200806762
1850000.0,450.0,5,Ariana,House,14.430696737594902,6.111467339502679
1400000.0,535.0,3,Ariana,House,14.151983508870947,6.284134161070802
350000.0,100.0,2,Nabeul,Appart,12.765691290604371,4.61512051684126
790000.0,275.0,4,Nabeul,House,13.579789490265188,5.62040086571715
1900000.0,500.0,5,Ariana,House,14.45736497045232,6.2166061010848646
465000.0,260.0,4,Ariana,Appart,13.049794835104816,5.564520407322694
150000.0,250.0,3,Kasserine,House,11.918397239722838,5.5254529391317835
2900000.0,50.0,2,Tunis,House,14.88022163978423,3.9318256327243257
1076000.0,192.0,3,Tunis,Appart,13.888761949071464,5.262690188904886
820000.0,137.0,2,Tunis,Appart,13.617060838751888,4.927253685157205
225000.0,90.0,2,Ariana,Appart,12.323860125621126,4.51085950651685
1500000.0,538.0,3,Nabeul,House,14.220976332738882,6.289715570908998
680000.0,298.0,4,Nabeul,House,13.429849547739444,5.700443573390687
200000.0,57.0,1,Sousse,Appart,12.206077645517674,4.060443010546419
1400000.0,600.0,6,Sousse,House,14.151983508870947,6.398594934535208
410000.0,105.0,1,Sousse,Appart,12.923914877701906,4.663439094112067
410000.0,120.0,2,Sousse,Appart,12.923914877701906,4.795790545596741
550000.0,124.0,3,Tunis,House,13.217675375388819,4.8283137373023015
240000.0,155.0,3,Nabeul,Appart,12.388398368982115,5.049856007249537
470000.0,200.0,1,Ben Arous,House,13.060490101343552,5.303304908059076
518000.0,147.0,2,Sousse,Appart,13.157732451741687,4.997212273764115
420000.0,120.0,2,Sousse,Appart,12.948012371209098,4.795790545596741
630000.0,145.0,3,Sousse,Appart,13.353476685668044,4.983606621708336
420000.0,70.0,1,Sousse,Appart,12.948012371209098,4.2626798770413155
610000.0,132.0,2,Sousse,Appart,13.321215875492413,4.890349128221754
265000.0,114.0,2,Sfax,Appart,12.487488878546145,4.74493212836325
1090000.0,167.0,3,Tunis,Appart,13.901689171636098,5.123963979403259
600000.0,110.0,2,Tunis,Appart,13.304686600863562,4.709530201312334
700000.0,183.0,3,Tunis,Appart,13.45883704259595,5.214935757608986
540000.0,160.0,4,Ariana,Appart,13.199326270390594,5.081404364984463
650000.0,128.0,3,Tunis,Appart,13.384729180332174,4.859812404361672
921500.0,243.0,3,Tunis,Appart,13.733759141278622,5.497168225293202
540000.0,500.0,4,Nabeul,House,13.199326270390594,6.2166061010848646
115000.0,75.0,1,Nabeul,Appart,11.652696102959753,4.330733340286331
690000.0,285.0,4,Nabeul,House,13.444448325847754,5.655991810819852
1233000.0,164.0,2,Tunis,Appart,14.02496159317616,5.10594547390058
850000.0,369.0,6,Ariana,House,13.652992804936396,5.91350300563827
85000.0,51.0,2,Tunis,Appart,11.350418300109132,3.9512437185814275
880000.0,280.0,5,Tunis,House,13.68767832281738,5.638354669333745
2230000.0,400.0,6,Ariana,House,14.617512591866694,5.993961427306569
300000.0,117.0,1,Tunis,Appart,12.611541086966115,4.770684624465665
290000.0,90.0,2,Nabeul,Appart,12.577639650232573,4.51085950651685
3700000.0,150.0,3,Nabeul,House,15.123843647884687,5.017279836814924
2700000.0,1150.0,5,Sousse,House,14.80876270134486,7.048386408721883
195000.0,65.0,1,Nabeul,Appart,12.180759965737863,4.189654742026425
300000.0,52.0,1,Nabeul,Appart,12.611541086966115,3.970291913552122
270000.0,200.0,4,Kairouan,House,12.506180941677357,5.303304908059076
300000.0,130.0,9,Manouba,House,12.611541086966115,4.875197323201151
750000.0,233.0,3,Sousse,House,13.527829818844937,5.455321115357702
140000.0,200.0,2,Nabeul,House,11.849404844423074,5.303304908059076
420000.0,250.0,3,Ariana,House,12.948012371209098,5.5254529391317835
320000.0,146.0,3,Nabeul,Appart,12.676079399771027,4.990432586778736
250000.0,100.0,3,Tunis,House,12.429220196836383,4.61512051684126
920000.0,500.0,4,Nabeul,House,13.732130035981154,6.2166061010848646
890000.0,485.0,4,Nabeul,House,13.698977865303197,6.186208623900494
980000.0,1000.0,4,Ariana,House,13.795308871054397,6.90875477931522
335000.0,93.0,1,Nabeul,Appart,12.721888795877375,4.543294782270004
370000.0,116.0,2,Nabeul,Appart,12.821260987319457,4.762173934797756
290000.0,96.0,3,Nabeul,Appart,12.577639650232573,4.574710978503383
550000.0,300.0,4,Ben Arous,House,13.217675375388819,5.707110264748875
780000.0,609.0,4,Tunis,House,13.567050480716235,6.413458957167357
475000.0,160.0,3,Ariana,Appart,13.07107218827772,5.081404364984463
820000.0,200.0,4,Nabeul,House,13.617060838751888,5.303304908059076
315000.0,52.0,1,Tunis,Appart,12.660331092405906,3.970291913552122
350000.0,110.0,2,Tunis,Appart,12.765691290604371,4.709530201312334
120000.0,60.0,3,Tunis,Appart,11.695255355062795,4.110873864173311
250000.0,180.0,4,Tunis,House,12.429220196836383,5.198497031265826
1600000.0,180.0,2,Tunis,House,14.285514812209815,5.198497031265826
490000.0,160.0,3,Nabeul,Appart,13.102162710901053,5.081404364984463
1600000.0,280.0,4,Nabeul,House,14.285514812209815,5.638354669333745
450000.0,124.0,2,Nabeul,Appart,13.017005083966255,4.8283137373023015
600000.0,220.0,3,Nabeul,House,13.304686600863562,5.3981627015177525
490000.0,160.0,3,Nabeul,Appart,13.102162710901053,5.081404364984463
980000.0,340.0,5,Nabeul,House,13.795308871054397,5.831882477283517
490000.0,130.0,2,Nabeul,Appart,13.102162710901053,4.875197323201151
450000.0,127.0,2,Nabeul,Appart,13.017005083966255,4.852030263919617
690000.0,600.0,3,Nabeul,House,13.444448325847754,6.398594934535208
365000.0,190.0,3,Nabeul,Appart,12.807655372286902,5.25227342804663
335000.0,190.0,3,Nabeul,Appart,12.721888795877375,5.25227342804663
660000.0,210.0,3,Nabeul,House,13.399996629152975,5.351858133476067
182000.0,90.0,3,Ben Arous,Appart,12.111767460549332,4.51085950651685
170000.0,120.0,2,Nabeul,Appart,12.04355959836804,4.795790545596741
650000.0,165.0,3,Tunis,Appart,13.384729180332174,5.111987788356544
625000.0,102.0,2,Nabeul,Appart,13.345508528717259,4.634728988229636
180000.0,65.0,1,Ariana,Appart,12.100717685412471,4.189654742026425
140000.0,50.0,1,Mahdia,Appart,11.849404844423074,3.9318256327243257
1850000.0,800.0,7,Tunis,House,14.430696737594902,6.68586094706836
980000.0,340.0,4,Nabeul,House,13.795308871054397,5.831882477283517
486000.0,120.0,2,Nabeul,Appart,13.093965960493682,4.795790545596741
600000.0,150.0,2,Nabeul,Appart,13.304686600863562,5.017279836814924
369000.0,100.0,2,Nabeul,Appart,12.818554633046093,4.61512051684126
660000.0,205.0,3,Nabeul,House,13.399996629152975,5.327876168789581
1100000.0,280.0,3,Nabeul,House,13.910821646859095,5.638354669333745
290000.0,87.0,1,Tunis,Appart,12.577639650232573,4.477336814478207
950000.0,230.0,4,Tunis,House,13.76421831620775,5.442417710521793
2500000.0,598.0,4,Tunis,House,14.731801689838349,6.395261598115449
360000.0,107.0,3,Ariana,Appart,12.793862088206213,4.68213122712422
227000.0,113.0,2,Sfax,Appart,12.33270970174018,4.736198448394496
285000.0,75.0,1,Nabeul,Appart,12.560247968016562,4.330733340286331
590000.0,217.0,2,Nabeul,Appart,13.28787951079572,5.384495062789089
895000.0,219.0,4,Nabeul,Appart,13.704580114574805,5.393627546352362
1070000.0,286.0,3,Tunis,Appart,13.883170141017091,5.659482215759621
490000.0,200.0,4,Sousse,Appart,13.102162710901053,5.303304908059076
200000.0,130.0,2,Nabeul,Appart,12.206077645517674,4.875197323201151
385000.0,132.0,2,Nabeul,Appart,12.861001210669146,4.890349128221754
870000.0,220.0,2,Tunis,Appart,13.676249640055394,5.3981627015177525
350000.0,292.0,3,Nabeul,House,12.765691290604371,5.680172609017068
740000.0,100.0,2,Tunis,Appart,13.51440681653079,4.61512051684126
850000.0,220.0,3,Mednine,Appart,13.652992804936396,5.3981627015177525
475000.0,180.0,2,Mednine,Appart,13.07107218827772,5.198497031265826
150000.0,130.0,2,Monastir,House,11.918397239722838,4.875197323201151
730000.0,174.0,3,Tunis,Appart,13.500801182986649,5.1647859739235145
1050000.0,280.0,4,Nabeul,House,13.864301674514206,5.638354669333745
990000.0,480.0,4,Nabeul,House,13.805461232211272,6.175867270105761
890000.0,265.0,4,Nabeul,House,13.698977865303197,5.583496308781699
450000.0,442.0,3,Nabeul,House,13.017005083966255,6.093569770045136
1780000.0,800.0,6,Tunis,House,14.392124484065864,6.68586094706836
1900000.0,400.0,5,Tunis,House,14.45736497045232,5.993961427306569
150000.0,54.0,1,Ariana,Appart,11.918397239722838,4.007333185232471
120000.0,70.0,2,Tunis,Appart,11.695255355062795,4.2626798770413155
220000.0,140.0,3,Tunis,Appart,12.301387370778713,4.948759890378168
600000.0,190.0,4,Ariana,Appart,13.304686600863562,5.25227342804663
180000.0,54.0,1,Tunis,Appart,12.100717685412471,4.007333185232471
285000.0,50.0,2,Ariana,Appart,12.560247968016562,3.9318256327243257
260000.0,97.0,2,Tunis,Appart,12.468440756144114,4.584967478670572
205000.0,187.0,4,Tunis,House,12.230770136157428,5.236441962829949
410000.0,138.0,3,Ben Arous,Appart,12.923914877701906,4.9344739331306915
800000.0,158.0,3,Tunis,Appart,13.592368256649284,5.0689042022202315
87000.0,75.0,2,Monastir,Appart,11.373674891823535,4.330733340286331
500000.0,220.0,3,Ariana,Appart,13.122365377402328,5.3981627015177525
680000.0,170.0,3,Mednine,House,13.429849547739444,5.14166355650266
85000.0,70.0,2,Sousse,Appart,11.350418300109132,4.2626798770413155
576800.0,250.0,2,Sousse,House,13.265252598654564,5.5254529391317835
850000.0,280.0,3,Nabeul,House,13.652992804936396,5.638354669333745
420000.0,150.0,3,Mednine,House,12.948012371209098,5.017279836814924
920000.0,130.0,3,Tunis,Appart,13.732130035981154,4.875197323201151
365000.0,97.0,2,Tunis,Appart,12.807655372286902,4.584967478670572
515000.0,160.0,3,Tunis,Appart,13.151924121391561,5.081404364984463
110500.0,71.0,2,Monastir,Appart,11.612779849672751,4.276666119016055
83000.0,46.0,1,Monastir,Appart,11.326607934898927,3.8501476017100584
690000.0,170.0,2,Tunis,Appart,13.444448325847754,5.14166355650266
280000.0,104.0,3,Tunis,House,12.54254845357358,4.653960350157523
570000.0,307.0,9,Tunis,Appart,13.25339339419516,5.730099782973574
690000.0,147.0,2,Tunis,Appart,13.444448325847754,4.997212273764115
550000.0,155.0,3,Tunis,Appart,13.217675375388819,5.049856007249537
1750000.0,300.0,4,Tunis,House,14.375126917328105,5.707110264748875
625000.0,125.0,2,Tunis,Appart,13.345508528717259,4.836281906951478
650000.0,485.0,6,Ben Arous,House,13.384729180332174,6.186208623900494
170000.0,120.0,3,Tunis,Appart,12.04355959836804,4.795790545596741
470000.0,166.0,3,Ariana,Appart,13.060490101343552,5.117993812416755
230000.0,60.0,1,Ariana,Appart,12.345838935721968,4.110873864173311
169000.0,100.0,2,Monastir,Appart,12.037659911047468,4.61512051684126
880000.0,300.0,4,Nabeul,House,13.68767832281738,5.707110264748875
756000.0,420.0,4,Nabeul,House,13.535797977912118,6.042632833682381
450000.0,350.0,2,Ariana,House,13.017005083966255,5.860786223465865
385000.0,55.0,1,Tunis,Appart,12.861001210669146,4.02535169073515
178000.0,51.0,1,Tunis,Appart,12.08954444723597,3.9512437185814275
370000.0,61.0,1,Tunis,Appart,12.821260987319457,4.127134385045092
265000.0,146.0,3,Tunis,Appart,12.487488878546145,4.990432586778736
175000.0,67.0,1,Tunis,Appart,12.07254696717504,4.219507705176107
540000.0,192.0,2,Nabeul,Appart,13.199326270390594,5.262690188904886
136000.0,80.0,2,Monastir,Appart,11.820417517632333,4.394449154672439
290000.0,100.0,2,Tunis,House,12.577639650232573,4.61512051684126
1300000.0,225.0,4,Tunis,Appart,14.077875591662238,5.420534999272286
3250000.0,650.0,6,Nabeul,House,14.99416586199818,6.478509642208569
618000.0,181.0,2,Sousse,Appart,13.334245354561496,5.204006687076795
275000.0,85.0,2,Sousse,Appart,12.524530013005734,4.454347296253507
460000.0,80.0,1,Tunis,Appart,13.038983942375959,4.394449154672439
9000000.0,1400.0,5,Tunis,House,16.012735246411598,7.244941546337007
3900000.0,730.0,5,Tunis,House,15.176487367510099,6.594413459749778
850000.0,176.0,3,Tunis,Appart,13.652992804936396,5.176149732573829
130000.0,84.0,2,Tunis,Appart,11.775297421715827,4.442651256490317
185000.0,46.0,1,Ariana,Appart,12.128116509451258,3.8501476017100584
550000.0,180.0,4,Ariana,Appart,13.217675375388819,5.198497031265826
160000.0,120.0,6,Sousse,House,11.982935344196433,4.795790545596741
350000.0,180.0,4,Mahdia,House,12.765691290604371,5.198497031265826
277000.0,68.0,1,Nabeul,Appart,12.531776395271262,4.23410650459726
435000.0,91.0,2,Tunis,Appart,12.983103608918753,4.5217885770490405
280000.0,91.0,1,Ariana,Appart,12.54254845357358,4.5217885770490405
595000.0,177.0,3,Sousse,Appart,13.296318365198623,5.181783550292085
260000.0,100.0,3,Tunis,Appart,12.468440756144114,4.61512051684126
3500000.0,400.0,6,Mednine,House,15.068273812173887,5.993961427306569
185000.0,91.0,2,Ariana,Appart,12.128116509451258,4.5217885770490405
208000.0,100.0,2,Ariana,Appart,12.245298166364206,4.61512051684126
570000.0,300.0,3,Ariana,House,13.25339339419516,5.707110264748875
465000.0,136.0,3,Tunis,Appart,13.049794835104816,4.919980925828125
820000.0,640.0,10,Ariana,House,13.617060838751888,6.46302945692067
207400.0,122.0,3,Sousse,Appart,12.242409396366712,4.812184355372417
430000.0,170.0,3,Ariana,House,12.971542813248437,5.14166355650266
1850000.0,379.0,4,Tunis,House,14.430696737594902,5.940171252720432
550000.0,332.0,4,Nabeul,House,13.217675375388819,5.808142489980444
1700000.0,400.0,2,Tunis,House,14.346139397261565,5.993961427306569
226000.0,64.0,1,Tunis,Appart,12.328294703023394,4.174387269895637
530000.0,340.0,5,Sousse,House,13.180634172318978,5.831882477283517
800000.0,500.0,6,Sousse,House,13.592368256649284,6.2166061010848646
1400000.0,640.0,5,Tunis,House,14.151983508870947,6.46302945692067
584000.0,106.0,2,Tunis,Appart,13.277657974137664,4.672828834461906
458000.0,117.0,3,Tunis,Appart,13.034626646500051,4.770684624465665
890000.0,240.0,4,Nabeul,House,13.698977865303197,5.484796933490655
120000.0,120.0,2,Nabeul,House,11.695255355062795,4.795790545596741
2800000.0,450.0,5,Tunis,House,14.845130332288226,6.111467339502679
2000000.0,900.0,1,Ben Arous,Appart,14.508658238524095,6.803505257608338
298000.0,99.0,2,Sousse,Appart,12.604852121186608,4.605170185988092
529700.0,125.0,3,Mednine,House,13.18006797539189,4.836281906951478
351450.0,102.0,3,Mednine,House,12.769825577954961,4.634728988229636
1148560.0,402.0,4,Mednine,House,13.954020412456625,5.998936561946683
1095700.0,350.0,7,Mednine,House,13.906904899051643,5.860786223465865
610400.0,235.0,3,Mednine,House,13.32187139722103,5.4638318050256105
447900.0,173.0,3,Mednine,House,13.012327504834113,5.159055299214529
130000.0,150.0,4,Tunis,House,11.775297421715827,5.017279836814924
210000.0,88.0,2,Ariana,Appart,12.25486757159303,4.48863636973214
1500000.0,291.0,4,Tunis,House,14.220976332738882,5.676753802268282
430000.0,120.0,3,Tunis,Appart,12.971542813248437,4.795790545596741
138000.0,100.0,2,Nabeul,Appart,11.835016210489899,4.61512051684126
1200000.0,300.0,4,Tunis,House,13.997832948091215,5.707110264748875
5000000.0,680.0,5,Tunis,House,15.424948670398354,6.523562306149512
200000.0,108.0,4,Manouba,House,12.206077645517674,4.6913478822291435
260000.0,97.0,1,Tunis,Appart,12.468440756144114,4.584967478670572
300000.0,220.0,6,Mednine,House,12.611541086966115,5.3981627015177525
698000.0,300.0,5,Mednine,House,13.455975814408239,5.707110264748875
630000.0,180.0,3,Mednine,House,13.353476685668044,5.198497031265826
430000.0,125.0,2,Tunis,Appart,12.971542813248437,4.836281906951478
1500000.0,400.0,5,Tunis,House,14.220976332738882,5.993961427306569
414900.0,118.0,3,Mednine,House,12.935795216537384,4.77912349311153
539500.0,139.0,3,Mednine,House,13.198399917246727,4.941642422609304
1650000.0,387.0,2,Tunis,House,14.316286451937186,5.961005339623274
1800000.0,300.0,4,Tunis,House,14.403297778421795,5.707110264748875
1008390.0,174.0,4,Tunis,Appart,13.823866549226324,5.1647859739235145
1400000.0,234.0,2,Tunis,House,14.151983508870947,5.459585514144159
550000.0,207.0,4,Ariana,Appart,13.217675375388819,5.337538079701318
730000.0,288.0,4,Nabeul,Appart,13.500801182986649,5.666426688112432
220000.0,115.0,2,Sousse,Appart,12.301387370778713,4.7535901911063645
385000.0,118.0,2,Tunis,Appart,12.861001210669146,4.77912349311153
570000.0,135.0,2,Nabeul,Appart,13.25339339419516,4.912654885736052
650000.0,133.0,2,Nabeul,Appart,13.384729180332174,4.897839799950911
240000.0,122.0,2,Ben Arous,Appart,12.388398368982115,4.812184355372417
730000.0,172.0,3,Tunis,Appart,13.500801182986649,5.153291594497779
430000.0,99.0,3,Monastir,Appart,12.971542813248437,4.605170185988092
290000.0,111.0,2,Mahdia,Appart,12.577639650232573,4.718498871295094
430000.0,275.0,4,Sousse,House,12.971542813248437,5.62040086571715
550000.0,257.0,2,Nabeul,House,13.217675375388819,5.552959584921617
2800000.0,930.0,5,Sousse,House,14.845130332288226,6.836259277277067
190000.0,50.0,1,Tunis,Appart,12.154784614286667,3.9318256327243257
350000.0,90.0,2,Nabeul,Appart,12.765691290604371,4.51085950651685
580000.0,147.0,3,Ariana,Appart,13.270785106659046,4.997212273764115
420000.0,108.0,3,Tunis,Appart,12.948012371209098,4.6913478822291435
330000.0,86.0,1,Nabeul,Appart,12.706850963741102,4.465908118654584
445000.0,113.0,2,Nabeul,Appart,13.005831808336863,4.736198448394496
600000.0,154.0,2,Tunis,Appart,13.304686600863562,5.043425116919247
850000.0,200.0,5,Ben Arous,House,13.652992804936396,5.303304908059076
880000.0,280.0,3,Tunis,House,13.68767832281738,5.638354669333745
499000.0,720.0,4,Nabeul,House,13.120363378739663,6.580639137284949
160000.0,70.0,2,Tunis,Appart,11.982935344196433,4.2626798770413155
115000.0,50.0,1,Tunis,Appart,11.652696102959753,3.9318256327243257
380000.0,180.0,3,Ariana,House,12.847929163278053,5.198497031265826
1450000.0,450.0,10,Sousse,Appart,14.187074804051692,6.111467339502679
1200000.0,652.0,5,Ariana,House,13.997832948091215,6.481577129276431
450000.0,150.0,3,Ariana,Appart,13.017005083966255,5.017279836814924
660000.0,220.0,4,Tunis,Appart,13.399996629152975,5.3981627015177525
210000.0,85.0,2,Ariana,Appart,12.25486757159303,4.454347296253507
119999.0,80.0,2,Ariana,Appart,11.695247021764184,4.394449154672439
980000.0,250.0,5,Ariana,House,13.795308871054397,5.5254529391317835
430000.0,117.0,2,Tunis,Appart,12.971542813248437,4.770684624465665
820000.0,246.0,4,Nabeul,House,13.617060838751888,5.5093883366279774
470000.0,129.0,2,Nabeul,Appart,13.060490101343552,4.867534450455582
610000.0,180.0,4,Tunis,House,13.321215875492413,5.198497031265826
435000.0,136.0,2,Sousse,Appart,12.983103608918753,4.919980925828125
270000.0,82.0,1,Sousse,Appart,12.506180941677357,4.418840607796598
355000.0,127.0,2,Sousse,Appart,12.779875885354993,4.852030263919617
393000.0,123.0,2,Sousse,Appart,12.881567435377423,4.820281565605037
600000.0,198.0,3,Mednine,House,13.304686600863562,5.293304824724492
600000.0,235.0,2,Sousse,Appart,13.304686600863562,5.4638318050256105
85000.0,50.0,2,Tunis,Appart,11.350418300109132,3.9318256327243257
290000.0,121.0,3,Ben Arous,Appart,12.577639650232573,4.804021044733257
90000.0,65.0,3,Tunis,Appart,11.407576060361786,4.189654742026425
350000.0,107.0,2,Nabeul,Appart,12.765691290604371,4.68213122712422
230000.0,100.0,3,Sousse,Appart,12.345838935721968,4.61512051684126
325000.0,134.0,3,Tunis,Appart,12.691583538230217,4.90527477843843
1700000.0,426.0,6,Ariana,House,14.346139397261565,6.056784013228625
690000.0,168.0,2,Nabeul,Appart,13.444448325847754,5.1298987149230735
2600000.0,700.0,9,Ariana,House,14.77102238760702,6.55250788703459
260000.0,80.0,2,Sousse,Appart,12.468440756144114,4.394449154672439
380000.0,135.0,3,Tunis,Appart,12.847929163278053,4.912654885736052
1800000.0,586.0,6,Ariana,House,14.403297778421795,6.375024819828097
690000.0,200.0,3,Nabeul,House,13.444448325847754,5.303304908059076
350000.0,105.0,4,Tunis,House,12.765691290604371,4.663439094112067
1500000.0,200.0,3,Tunis,House,14.220976332738882,5.303304908059076
1500000.0,344.0,3,Ariana,House,14.220976332738882,5.84354441703136
220000.0,150.0,4,Tunis,Appart,12.301387370778713,5.017279836814924
1560000.0,220.0,4,Tunis,House,14.260197020251155,5.3981627015177525
340000.0,63.0,1,Tunis,Appart,12.73670383776449,4.1588830833596715
550000.0,650.0,6,Nabeul,House,13.217675375388819,6.478509642208569
1300000.0,600.0,5,Nabeul,House,14.077875591662238,6.398594934535208
500000.0,115.0,2,Tunis,Appart,13.122365377402328,4.7535901911063645
335000.0,150.0,3,Ariana,Appart,12.721888795877375,5.017279836814924
585000.0,162.0,3,Nabeul,Appart,13.279368835614243,5.093750200806762
450000.0,122.0,2,Tunis,Appart,13.017005083966255,4.812184355372417
200000.0,184.0,5,Tunis,House,12.206077645517674,5.220355825078324
240000.0,70.0,1,Ariana,Appart,12.388398368982115,4.2626798770413155
670000.0,180.0,3,Tunis,Appart,13.415034483903348,5.198497031265826
390000.0,160.0,4,Nabeul,House,12.873904582205107,5.081404364984463
550000.0,300.0,5,Ben Arous,House,13.217675375388819,5.707110264748875
570000.0,170.0,3,Tunis,Appart,13.25339339419516,5.14166355650266
1220000.0,188.0,4,Tunis,Appart,14.014362236381235,5.241747015059643
1100000.0,400.0,7,Ben Arous,House,13.910821646859095,5.993961427306569
780000.0,280.0,4,Nabeul,House,13.567050480716235,5.638354669333745
158000.0,85.0,2,Sousse,Appart,11.970356641102999,4.454347296253507
520000.0,162.0,3,Ariana,Appart,13.161586013632684,5.093750200806762
450000.0,122.0,2,Tunis,Appart,13.017005083966255,4.812184355372417
250000.0,250.0,2,Tunis,House,12.429220196836383,5.5254529391317835
208000.0,100.0,3,Ariana,Appart,12.245298166364206,4.61512051684126
330000.0,200.0,3,Nabeul,Appart,12.706850963741102,5.303304908059076
1450000.0,289.0,3,Tunis,Appart,14.187074804051692,5.66988092298052
180000.0,362.0,4,Sousse,House,12.100717685412471,5.8944028342648505
205000.0,108.0,2,Ben Arous,Appart,12.230770136157428,4.6913478822291435
1500000.0,540.0,5,Nabeul,House,14.220976332738882,6.293419278846481
2100000.0,350.0,4,Tunis,House,14.557448378884015,5.860786223465865
450000.0,160.0,3,Tunis,Appart,13.017005083966255,5.081404364984463
750000.0,300.0,4,Nabeul,House,13.527829818844937,5.707110264748875
1250000.0,370.0,4,Nabeul,House,14.038654909278163,5.916202062607435
195000.0,100.0,2,Nabeul,Appart,12.180759965737863,4.61512051684126
1500000.0,700.0,3,Ariana,House,14.220976332738882,6.55250788703459
650000.0,100.0,4,Tunis,House,13.384729180332174,4.61512051684126
340000.0,100.0,3,Sousse,Appart,12.73670383776449,4.61512051684126
335000.0,67.0,1,Tunis,Appart,12.721888795877375,4.219507705176107
1750000.0,334.0,7,Ariana,House,14.375126917328105,5.814130531825066
235000.0,80.0,2,Tunis,House,12.367345048436391,4.394449154672439
1400000.0,700.0,2,Sousse,Appart,14.151983508870947,6.55250788703459
3600000.0,950.0,8,Nabeul,House,15.096444681204078,6.85751406254539
1300000.0,375.0,5,Tunis,House,14.077875591662238,5.929589143389895
2200000.0,500.0,3,Tunis,House,14.603968372873895,6.2166061010848646
650000.0,165.0,3,Tunis,Appart,13.384729180332174,5.111987788356544
120000.0,178.0,2,Nabeul,Appart,11.695255355062795,5.187385805840755
2575000.0,1255.0,4,Monastir,House,14.761360480429413,7.135687347028144
1236000.0,350.0,6,Sousse,House,14.027391726060934,5.860786223465865
415000.0,126.0,3,Sousse,Appart,12.936036208848487,4.844187086458591
2650000.0,800.0,4,Sousse,House,14.790070575320824,6.68586094706836
260000.0,148.0,3,Sfax,Appart,12.468440756144114,5.003946305945459
490000.0,160.0,3,Nabeul,Appart,13.102162710901053,5.081404364984463
475000.0,90.0,2,Tunis,Appart,13.07107218827772,4.51085950651685
1200000.0,800.0,4,Nabeul,House,13.997832948091215,6.68586094706836
520000.0,133.0,2,Tunis,Appart,13.161586013632684,4.897839799950911
1580000.0,551.0,1,Ariana,House,14.272936037914342,6.313548046277095
650000.0,500.0,9,Ben Arous,House,13.384729180332174,6.2166061010848646
650000.0,500.0,1,Manouba,Appart,13.384729180332174,6.2166061010848646
1020000.0,260.0,4,Tunis,Appart,13.83531416565213,5.564520407322694
900000.0,250.0,4,Sousse,House,13.710151153416941,5.5254529391317835
390000.0,257.0,2,Nabeul,House,12.873904582205107,5.552959584921617
1200000.0,178.0,3,Tunis,Appart,13.997832948091215,5.187385805840755
460000.0,218.0,4,Nabeul,House,13.038983942375959,5.389071729816501
1150000.0,290.0,3,Nabeul,House,13.955273369904273,5.673323267171493
325000.0,133.0,4,Tunis,Appart,12.691583538230217,4.897839799950911
1100000.0,350.0,4,Nabeul,House,13.910821646859095,5.860786223465865
430000.0,135.0,3,Nabeul,Appart,12.971542813248437,4.912654885736052
530000.0,160.0,3,Mednine,House,13.180634172318978,5.081404364984463
340000.0,144.0,3,Tunis,Appart,12.73670383776449,4.976733742420574
195000.0,135.0,4,Ariana,Appart,12.180759965737863,4.912654885736052
170000.0,65.0,1,Tunis,Appart,12.04355959836804,4.189654742026425
410000.0,130.0,2,Ariana,Appart,12.923914877701906,4.875197323201151
295000.0,82.0,2,Mahdia,Appart,12.59473402514672,4.418840607796598
470000.0,140.0,2,Tunis,Appart,13.060490101343552,4.948759890378168
230000.0,92.0,2,Tunis,Appart,12.345838935721968,4.532599493153256
232500.0,62.0,1,Tunis,Appart,12.356649805075568,4.143134726391533
2100000.0,331.0,4,Tunis,House,14.557448378884015,5.805134968916488
325000.0,101.0,4,Tunis,Appart,12.691583538230217,4.624972813284271
436000.0,100.0,1,Tunis,Appart,12.985399815906522,4.61512051684126
290000.0,287.0,4,Tunis,Appart,12.577639650232573,5.662960480135946
370000.0,73.0,1,Tunis,Appart,12.821260987319457,4.30406509320417
430000.0,113.0,2,Tunis,Appart,12.971542813248437,4.736198448394496
340000.0,157.0,3,Ariana,Appart,12.73670383776449,5.062595033026967
560000.0,161.0,3,Sousse,Appart,13.235693848424024,5.087596335232384
320000.0,90.0,2,Ariana,Appart,12.676079399771027,4.51085950651685
195000.0,70.0,2,Nabeul,Appart,12.180759965737863,4.2626798770413155
378400.0,165.0,3,Mednine,House,12.843709758862499,5.111987788356544
457500.0,1000.0,3,Mednine,House,13.033534349487674,6.90875477931522
734850.0,220.0,4,Mednine,House,13.50742303655584,5.3981627015177525
448000.0,182.0,2,Tunis,Appart,13.012550743537489,5.209486152841421
4100000.0,1080.0,8,Tunis,House,15.226497775576945,6.985641817639208
950000.0,417.0,4,Ariana,House,13.76421831620775,6.035481432524756
200000.0,135.0,1,Sousse,House,12.206077645517674,4.912654885736052
350000.0,107.0,2,Nabeul,Appart,12.765691290604371,4.68213122712422
460000.0,167.0,3,Sousse,Appart,13.038983942375959,5.123963979403259
475000.0,95.0,2,Tunis,Appart,13.07107218827772,4.564348191467836
420000.0,157.0,3,Nabeul,House,12.948012371209098,5.062595033026967
265000.0,150.0,3,Sfax,Appart,12.487488878546145,5.017279836814924
530000.0,220.0,4,Ariana,Appart,13.180634172318978,5.3981627015177525
1050000.0,139.0,1,Tunis,Appart,13.864301674514206,4.941642422609304
1500000.0,250.0,4,Tunis,House,14.220976332738882,5.5254529391317835
1000000.0,731.0,4,Tunis,House,13.815511557963774,6.595780513961311
825000.0,158.0,3,Tunis,Appart,13.623139877437296,5.0689042022202315
4300000.0,400.0,6,Tunis,House,15.274125813221904,5.993961427306569
2000000.0,214.0,3,Tunis,House,14.508658238524095,5.3706380281276624
380000.0,154.0,3,Tunis,Appart,12.847929163278053,5.043425116919247
323100.0,118.0,3,Mednine,House,12.685720246824822,4.77912349311153
512300.0,167.0,3,Mednine,House,13.14666762190665,5.123963979403259
258900.0,176.0,3,Mednine,House,12.464201028227341,5.176149732573829
800000.0,137.0,2,Tunis,Appart,13.592368256649284,4.927253685157205
1400000.0,594.0,3,Sousse,House,14.151983508870947,6.38856140554563
3200000.0,400.0,5,Tunis,House,14.978661680269907,5.993961427306569
400000.0,125.0,2,Tunis,Appart,12.899222326086994,4.836281906951478
270000.0,140.0,3,Sousse,Appart,12.506180941677357,4.948759890378168
1600000.0,700.0,4,Sousse,House,14.285514812209815,6.55250788703459
220000.0,115.0,4,Monastir,House,12.301387370778713,4.7535901911063645
4400000.0,550.0,4,Tunis,House,15.29711532616119,6.311734809152915
430000.0,622.0,3,Ben Arous,House,12.971542813248437,6.434546518787453
2000000.0,600.0,4,Sousse,House,14.508658238524095,6.398594934535208
26000.0,103.0,3,Nabeul,Appart,10.165890277802454,4.6443908991413725
1600000.0,480.0,8,Tunis,House,14.285514812209815,6.175867270105761
1270000.0,573.0,4,Ariana,House,14.054528245836039,6.352629396319567
550000.0,399.0,3,Ben Arous,House,13.217675375388819,5.991464547107982
560000.0,240.0,3,Mednine,House,13.235693848424024,5.484796933490655
1030000.0,200.0,3,Tunis,Appart,13.845070331079134,5.303304908059076
370000.0,175.0,4,Tunis,Appart,12.821260987319457,5.170483995038151
1850000.0,450.0,5,Nabeul,House,14.430696737594902,6.111467339502679
1650000.0,400.0,3,Tunis,House,14.316286451937186,5.993961427306569
785000.0,290.0,2,Nabeul,House,13.573440270649085,5.673323267171493
400000.0,150.0,3,Ben Arous,House,12.899222326086994,5.017279836814924
270000.0,62.0,1,Sousse,Appart,12.506180941677357,4.143134726391533
165000.0,62.0,1,Ariana,Appart,12.013706813470414,4.143134726391533
420000.0,150.0,3,Nabeul,House,12.948012371209098,5.017279836814924
750000.0,597.0,6,Ben Arous,House,13.527829818844937,6.393590753950631
480000.0,350.0,4,Ben Arous,House,13.081543466215237,5.860786223465865
740000.0,112.0,3,Tunis,Appart,13.51440681653079,4.727387818712341
276000.0,67.0,1,Tunis,Appart,12.52815976788113,4.219507705176107
470000.0,182.0,2,Nabeul,House,13.060490101343552,5.209486152841421
1400000.0,560.0,6,Ariana,House,14.151983508870947,6.329720905522696
280000.0,61.0,1,Tunis,Appart,12.54254845357358,4.127134385045092
950000.0,450.0,4,Nabeul,House,13.76421831620775,6.111467339502679
1400000.0,280.0,3,Tunis,Appart,14.151983508870947,5.638354669333745
1270000.0,225.0,3,Tunis,Appart,14.054528245836039,5.420534999272286
70000.0,54.0,1,Sfax,Appart,11.156264806643742,4.007333185232471
150000.0,82.0,2,Ben Arous,Appart,11.918397239722838,4.418840607796598
2800000.0,140.0,3,Tunis,House,14.845130332288226,4.948759890378168
335000.0,114.0,2,Ariana,Appart,12.721888795877375,4.74493212836325
180000.0,82.0,4,Kairouan,House,12.100717685412471,4.418840607796598
670000.0,130.0,2,Tunis,Appart,13.415034483903348,4.875197323201151
1240000.0,550.0,5,Nabeul,House,14.030622744032508,6.311734809152915
800000.0,102.0,2,Tunis,Appart,13.592368256649284,4.634728988229636
370000.0,100.0,5,Ariana,House,12.821260987319457,4.61512051684126
1300000.0,300.0,6,Ariana,House,14.077875591662238,5.707110264748875
950000.0,250.0,5,Tunis,House,13.76421831620775,5.5254529391317835
425000.0,180.0,2,Nabeul,House,12.959846800844963,5.198497031265826
120000.0,120.0,3,Tunis,Appart,11.695255355062795,4.795790545596741
260000.0,110.0,3,Nabeul,Appart,12.468440756144114,4.709530201312334
180000.0,80.0,3,Ariana,Appart,12.100717685412471,4.394449154672439
69000.0,58.0,1,Tunis,Appart,11.141876276228,4.07753744390572
650000.0,201.0,2,Nabeul,Appart,13.384729180332174,5.308267697401205
670000.0,148.0,2,Tunis,Appart,13.415034483903348,5.003946305945459
1380000.0,185.0,3,Tunis,Appart,14.137594781770806,5.225746673713202
130000.0,72.0,2,Manouba,Appart,11.775297421715827,4.290459441148391
450000.0,370.0,3,Mednine,House,13.017005083966255,5.916202062607435
85000.0,45.0,1,Monastir,Appart,11.350418300109132,3.828641396489095
230000.0,103.0,2,Ariana,Appart,12.345838935721968,4.6443908991413725
1400000.0,356.0,4,Tunis,House,14.151983508870947,5.877735781779639
340000.0,154.0,3,Tunis,Appart,12.73670383776449,5.043425116919247
700000.0,140.0,2,Tunis,Appart,13.45883704259595,4.948759890378168
1200000.0,261.0,2,Nabeul,House,13.997832948091215,5.568344503761097
450000.0,220.0,4,Sfax,House,13.017005083966255,5.3981627015177525
555000.0,153.0,4,Tunis,Appart,13.22672519452875,5.0369526024136295
3500000.0,500.0,4,Tunis,House,15.068273812173887,6.2166061010848646
200000.0,112.0,3,Manouba,Appart,12.206077645517674,4.727387818712341
770000.0,139.0,2,Tunis,Appart,13.554147092530322,4.941642422609304
920000.0,178.0,3,Tunis,Appart,13.732130035981154,5.187385805840755
100000.0,100.0,2,Tunis,Appart,11.51293546492023,4.61512051684126
465000.0,93.0,2,Mahdia,Appart,13.049794835104816,4.543294782270004
550000.0,179.0,3,Tunis,Appart,13.217675375388819,5.19295685089021
190000.0,100.0,4,Tunis,Appart,12.154784614286667,4.61512051684126
290000.0,103.0,4,Sousse,Appart,12.577639650232573,4.6443908991413725
350000.0,80.0,2,Mednine,House,12.765691290604371,4.394449154672439
500000.0,200.0,5,Ariana,House,13.122365377402328,5.303304908059076
900000.0,300.0,5,Tunis,House,13.710151153416941,5.707110264748875
737900.0,157.0,4,Tunis,Appart,13.511564948242722,5.062595033026967
790000.0,600.0,3,Nabeul,House,13.579789490265188,6.398594934535208
160000.0,55.0,1,Nabeul,Appart,11.982935344196433,4.02535169073515
850000.0,300.0,3,Nabeul,House,13.652992804936396,5.707110264748875
830000.0,600.0,3,Nabeul,House,13.629182184591333,6.398594934535208
490000.0,130.0,2,Monastir,Appart,13.102162710901053,4.875197323201151
720000.0,160.0,2,Tunis,Appart,13.487007879880162,5.081404364984463
1300000.0,650.0,10,Ariana,House,14.077875591662238,6.478509642208569
340000.0,123.0,2,Ariana,Appart,12.73670383776449,4.820281565605037
5000000.0,1017.0,5,Tunis,House,15.424948670398354,6.925595197110468
2800000.0,996.0,7,Nabeul,House,14.845130332288226,6.904750769961838
1900000.0,281.0,3,Tunis,Appart,14.45736497045232,5.641907070938114
255000.0,134.0,3,Ariana,Appart,12.449022745701502,4.90527477843843
420000.0,80.0,1,Tunis,Appart,12.948012371209098,4.394449154672439
130000.0,65.0,3,Tunis,House,11.775297421715827,4.189654742026425
225000.0,57.0,1,Sousse,Appart,12.323860125621126,4.060443010546419
270000.0,104.0,3,Ariana,Appart,12.506180941677357,4.653960350157523
550000.0,170.0,3,Nabeul,House,13.217675375388819,5.14166355650266
650000.0,275.0,3,Ben Arous,House,13.384729180332174,5.62040086571715
1800000.0,350.0,6,Ariana,House,14.403297778421795,5.860786223465865
240000.0,90.0,2,Nabeul,Appart,12.388398368982115,4.51085950651685
405000.0,129.0,2,Nabeul,Appart,12.91164481522143,4.867534450455582
980000.0,500.0,5,Nabeul,House,13.795308871054397,6.2166061010848646
350000.0,119.0,3,Sousse,Appart,12.765691290604371,4.787491742782046
1118000.0,287.0,4,Mahdia,Appart,13.927052827151165,5.662960480135946
1776100.0,400.0,10,Tunis,Appart,14.38993107028662,5.993961427306569
389580.0,165.0,3,Mednine,House,12.872827081594176,5.111987788356544
984500.0,300.0,5,Mednine,House,13.799890192804835,5.707110264748875
275800.0,109.0,3,Mednine,House,12.527434870150573,4.700480365792417
473600.0,330.0,2,Mednine,House,13.06812047403619,5.802118375377063
314840.0,118.0,3,Mednine,House,12.659823028467834,4.77912349311153
620480.0,195.0,3,Mednine,House,13.338250262690618,5.278114659230517
309800.0,125.0,3,Mednine,House,12.643685434848656,4.836281906951478
689800.0,190.0,3,Mednine,House,13.44415842917939,5.25227342804663
1055000.0,270.0,4,Mednine,House,13.869052272759154,5.602118820879701
1099500.0,252.0,4,Mednine,House,13.910366998480859,5.53338948872752
780000.0,200.0,3,Tunis,Appart,13.567050480716235,5.303304908059076
620000.0,250.0,2,Nabeul,Appart,13.3374763699232,5.5254529391317835
380000.0,48.0,1,Nabeul,Appart,12.847929163278053,3.8918202981106265
950000.0,210.0,3,Tunis,Appart,13.76421831620775,5.351858133476067
505000.0,172.0,3,Tunis,Appart,13.132315688453556,5.153291594497779
1400000.0,887.0,4,Nabeul,House,14.151983508870947,6.78897174299217
1800000.0,940.0,4,Sousse,House,14.403297778421795,6.846943139585379
3182700.0,1000.0,5,Sousse,House,14.97324076531406,6.90875477931522
580000.0,630.0,4,Sousse,House,13.270785106659046,6.447305862541213
880000.0,115.0,2,Tunis,Appart,13.68767832281738,4.7535901911063645
300000.0,164.0,5,Zaghouan,House,12.611541086966115,5.10594547390058
400000.0,290.0,5,Nabeul,Appart,12.899222326086994,5.673323267171493
360000.0,170.0,5,Tunis,House,12.793862088206213,5.14166355650266
1300000.0,500.0,10,Tunis,Appart,14.077875591662238,6.2166061010848646
165000.0,85.0,1,Ariana,Appart,12.013706813470414,4.454347296253507
195000.0,58.0,1,Tunis,Appart,12.180759965737863,4.07753744390572
170000.0,100.0,1,Sousse,Appart,12.04355959836804,4.61512051684126
295000.0,160.0,3,Mahdia,Appart,12.59473402514672,5.081404364984463
339900.0,96.0,2,Sousse,Appart,12.736409677721657,4.574710978503383
600000.0,98.0,3,Sousse,Appart,13.304686600863562,4.59511985013459
280000.0,90.0,2,Sousse,Appart,12.54254845357358,4.51085950651685
370800.0,65.0,1,Sousse,Appart,12.82342080954183,4.189654742026425
350200.0,65.0,1,Sousse,Appart,12.766262554340948,4.189654742026425
560000.0,106.0,2,Sousse,Appart,13.235693848424024,4.672828834461906
900000.0,300.0,4,Sousse,House,13.710151153416941,5.707110264748875
345000.0,170.0,1,Nabeul,Appart,12.75130259456002,5.14166355650266
442300.0,168.0,3,Mednine,House,12.999745924762747,5.1298987149230735
548900.0,135.0,3,Mednine,House,13.21567337636179,4.912654885736052
315000.0,146.0,4,Tunis,Appart,12.660331092405906,4.990432586778736
735000.0,228.0,4,Tunis,Appart,13.507627138738266,5.43372200355424
775000.0,184.0,4,Ben Arous,House,13.560619598657233,5.220355825078324
890000.0,543.0,6,Ariana,House,13.698977865303197,6.298949246855942
1950000.0,500.0,4,Ariana,House,14.48334044336031,6.2166061010848646
770000.0,145.0,3,Tunis,Appart,13.554147092530322,4.983606621708336
690000.0,200.0,3,Mednine,House,13.444448325847754,5.303304908059076
3200000.0,1000.0,5,Tunis,House,14.978661680269907,6.90875477931522
950000.0,110.0,2,Tunis,Appart,13.76421831620775,4.709530201312334
650000.0,107.0,2,Nabeul,Appart,13.384729180332174,4.68213122712422
1800000.0,585.0,8,Nabeul,House,14.403297778421795,6.373319789577012
1100000.0,320.0,3,Nabeul,House,13.910821646859095,5.771441123130016
2450000.0,747.0,4,Nabeul,House,14.711598990684092,6.617402977974478
850000.0,210.0,3,Nabeul,House,13.652992804936396,5.351858133476067
950000.0,417.0,6,Ariana,House,13.76421831620775,6.035481432524756
419000.0,145.0,3,Ariana,Appart,12.945628585536271,4.983606621708336
780000.0,250.0,4,Nabeul,House,13.567050480716235,5.5254529391317835
3500000.0,700.0,4,Tunis,House,15.068273812173887,6.55250788703459
760000.0,160.0,3,Tunis,Appart,13.541075028051122,5.081404364984463
900000.0,431.0,4,Nabeul,House,13.710151153416941,6.068425588244111
250000.0,122.0,3,Ariana,Appart,12.429220196836383,4.812184355372417
370000.0,534.0,5,Sfax,House,12.821260987319457,6.282266746896006
310000.0,120.0,2,Ariana,Appart,12.644330802262578,4.795790545596741
1700000.0,640.0,7,Ariana,House,14.346139397261565,6.46302945692067
1800000.0,800.0,7,Tunis,House,14.403297778421795,6.68586094706836
700000.0,400.0,4,Mahdia,House,13.45883704259595,5.993961427306569
350200.0,150.0,2,Sousse,Appart,12.766262554340948,5.017279836814924
1100000.0,473.0,6,Ariana,House,13.910821646859095,6.161207321695077
700000.0,157.0,3,Tunis,Appart,13.45883704259595,5.062595033026967
418600.0,173.0,3,Ariana,Appart,12.944673477906615,5.159055299214529
498400.0,194.0,3,Ariana,Appart,13.119160252873913,5.272999558563747
387800.0,151.0,3,Ariana,Appart,12.868247600436153,5.0238805208462765
350000.0,324.0,4,Ariana,House,12.765691290604371,5.783825182329737
2380000.0,595.0,8,Sousse,House,14.682611465815636,6.39024066706535
198000.0,92.0,2,Tunis,Appart,12.19602736016897,4.532599493153256
2200000.0,600.0,3,Tunis,House,14.603968372873895,6.398594934535208
1200000.0,335.0,3,Tunis,Appart,13.997832948091215,5.817111159963204
2200000.0,598.0,4,Tunis,House,14.603968372873895,6.395261598115449
295000.0,130.0,3,Manouba,House,12.59473402514672,4.875197323201151
420000.0,140.0,3,Tunis,Appart,12.948012371209098,4.948759890378168
2100000.0,600.0,5,Tunis,House,14.557448378884015,6.398594934535208
1200000.0,410.0,4,Tunis,House,13.997832948091215,6.018593214496234
2600000.0,811.0,3,Tunis,House,14.77102238760702,6.699500340161678
2400000.0,600.0,4,Tunis,House,14.690979711984754,6.398594934535208
520000.0,150.0,3,Mednine,House,13.161586013632684,5.017279836814924
4000000.0,750.0,5,Tunis,House,15.201805169084134,6.621405651764134
340000.0,101.0,2,Nabeul,Appart,12.73670383776449,4.624972813284271
450000.0,151.0,3,Ariana,Appart,13.017005083966255,5.0238805208462765
297000.0,118.0,2,Tunis,Appart,12.601490784782536,4.77912349311153
570000.0,75.0,2,Tunis,Appart,13.25339339419516,4.330733340286331
4000000.0,1500.0,8,Sousse,House,15.201805169084134,7.313886831633462
850000.0,380.0,4,Sfax,House,13.652992804936396,5.942799375126701
620000.0,180.0,3,Ariana,House,13.3374763699232,5.198497031265826
270000.0,200.0,2,Nabeul,House,12.506180941677357,5.303304908059076
1500000.0,350.0,5,Tunis,House,14.220976332738882,5.860786223465865
506400.0,93.0,2,Tunis,Appart,13.135084124533693,4.543294782270004
247000.0,75.0,1,Nabeul,Appart,12.417147664184915,4.330733340286331
950000.0,110.0,6,Nabeul,House,13.76421831620775,4.709530201312334
320000.0,120.0,2,Nabeul,Appart,12.676079399771027,4.795790545596741
3600000.0,650.0,4,Tunis,House,15.096444681204078,6.478509642208569
100000.0,200.0,3,Nabeul,House,11.51293546492023,5.303304908059076
250000.0,132.0,3,Tunis,Appart,12.429220196836383,4.890349128221754
200000.0,80.0,2,Nabeul,Appart,12.206077645517674,4.394449154672439
650000.0,546.0,3,Ben Arous,House,13.384729180332174,6.304448802421981
650000.0,485.0,3,Nabeul,House,13.384729180332174,6.186208623900494
225000.0,110.0,2,Tunis,Appart,12.323860125621126,4.709530201312334
448100.0,95.0,1,Tunis,Appart,13.012773932416467,4.564348191467836
790000.0,430.0,4,Nabeul,House,13.579789490265188,6.066108090103747
70000.0,88.0,3,Tunis,Appart,11.156264806643742,4.48863636973214
395000.0,132.0,2,Nabeul,Appart,12.886643575525625,4.890349128221754
348000.0,129.0,3,Ariana,Appart,12.759960632315702,4.867534450455582
450000.0,178.0,4,Tunis,Appart,13.017005083966255,5.187385805840755
610000.0,195.0,3,Tunis,Appart,13.321215875492413,5.278114659230517
619500.0,164.0,2,Tunis,Appart,13.336669594255035,5.10594547390058
420000.0,140.0,3,Nabeul,Appart,12.948012371209098,4.948759890378168
950000.0,220.0,5,Tunis,House,13.76421831620775,5.3981627015177525
230000.0,140.0,4,Tunis,Appart,12.345838935721968,4.948759890378168
170000.0,120.0,3,Ben Arous,Appart,12.04355959836804,4.795790545596741
780000.0,250.0,3,Tunis,Appart,13.567050480716235,5.5254529391317835
530000.0,113.0,1,Nabeul,House,13.180634172318978,4.736198448394496
225000.0,115.0,2,Tunis,Appart,12.323860125621126,4.7535901911063645
185000.0,115.0,2,Tunis,Appart,12.128116509451258,4.7535901911063645
980000.0,300.0,4,Monastir,House,13.795308871054397,5.707110264748875
240000.0,240.0,4,Sfax,House,12.388398368982115,5.484796933490655
780000.0,550.0,4,Nabeul,House,13.567050480716235,6.311734809152915
1250000.0,250.0,3,Tunis,House,14.038654909278163,5.5254529391317835
730000.0,350.0,4,Nabeul,House,13.500801182986649,5.860786223465865
1280000.0,249.0,4,Tunis,Appart,14.062371417145494,5.521460917862246
500000.0,135.0,3,Sousse,House,13.122365377402328,4.912654885736052
244800.0,60.0,1,Sousse,Appart,12.408200914579284,4.110873864173311
1600000.0,790.0,5,Ariana,House,14.285514812209815,6.673297967767654
430000.0,155.0,3,Sousse,Appart,12.971542813248437,5.049856007249537
370000.0,193.0,3,Tunis,House,12.821260987319457,5.267858159063328
490000.0,226.0,3,Sousse,Appart,13.102162710901053,5.424950017481403
185000.0,90.0,2,Nabeul,Appart,12.128116509451258,4.51085950651685
850000.0,320.0,3,Nabeul,House,13.652992804936396,5.771441123130016
1800000.0,273.0,4,Tunis,House,14.403297778421795,5.6131281063880705
350000.0,271.0,3,Nabeul,House,12.765691290604371,5.605802066295998
2000000.0,355.0,4,Tunis,Appart,14.508658238524095,5.87493073085203
260000.0,170.0,3,Tunis,House,12.468440756144114,5.14166355650266
390000.0,105.0,3,Sousse,Appart,12.873904582205107,4.663439094112067
1400000.0,360.0,4,Sousse,House,14.151983508870947,5.8888779583328805
300000.0,200.0,6,Sousse,Appart,12.611541086966115,5.303304908059076
850000.0,150.0,3,Sousse,Appart,13.652992804936396,5.017279836814924
1550000.0,870.0,7,Sousse,House,14.253766134056512,6.769641976852503
845000.0,224.0,3,Sousse,Appart,13.647093089770562,5.41610040220442
350000.0,110.0,3,Sousse,Appart,12.765691290604371,4.709530201312334
230000.0,130.0,3,Sousse,Appart,12.345838935721968,4.875197323201151
2266000.0,735.0,4,Sousse,House,14.633527161876257,6.601230118728877
870000.0,400.0,4,Sousse,House,13.676249640055394,5.993961427306569
4000000.0,150.0,5,Sousse,House,15.201805169084134,5.017279836814924
530000.0,140.0,2,Tunis,Appart,13.180634172318978,4.948759890378168
650000.0,220.0,4,Nabeul,House,13.384729180332174,5.3981627015177525
390000.0,90.0,1,Tunis,Appart,12.873904582205107,4.51085950651685
920000.0,150.0,3,Tunis,Appart,13.732130035981154,5.017279836814924
1700000.0,680.0,9,Mednine,House,14.346139397261565,6.523562306149512
999000.0,900.0,5,Nabeul,House,13.81451105863119,6.803505257608338
265000.0,105.0,2,Tunis,Appart,12.487488878546145,4.663439094112067
250000.0,110.0,3,Manouba,Appart,12.429220196836383,4.709530201312334
2850000.0,1200.0,3,Tunis,House,14.862829903121964,7.0909098220799835
2900000.0,300.0,9,Tunis,House,14.88022163978423,5.707110264748875
600000.0,140.0,3,Tunis,Appart,13.304686600863562,4.948759890378168
185000.0,100.0,3,Nabeul,Appart,12.128116509451258,4.61512051684126
170000.0,107.0,2,Ben Arous,Appart,12.04355959836804,4.68213122712422
170000.0,60.0,1,Tunis,Appart,12.04355959836804,4.110873864173311
280000.0,117.0,2,Sousse,Appart,12.54254845357358,4.770684624465665
200000.0,110.0,3,Tunis,Appart,12.206077645517674,4.709530201312334
275000.0,70.0,2,Sousse,Appart,12.524530013005734,4.2626798770413155
170000.0,85.0,1,Ariana,Appart,12.04355959836804,4.454347296253507
690000.0,400.0,8,Tunis,House,13.444448325847754,5.993961427306569
360000.0,80.0,1,Tunis,Appart,12.793862088206213,4.394449154672439
2500000.0,188.0,3,Tunis,House,14.731801689838349,5.241747015059643
55000.0,100.0,3,Tunis,House,10.915106645867503,4.61512051684126
680000.0,300.0,4,Nabeul,House,13.429849547739444,5.707110264748875
874200.0,270.0,4,Mednine,House,13.681065605313695,5.602118820879701
257500.0,125.0,3,Mednine,House,12.458778882573533,4.836281906951478
447200.0,135.0,3,Mednine,House,13.010763436956484,4.912654885736052
693520.0,198.0,4,Mednine,House,13.449536799460965,5.293304824724492
348550.0,445.0,3,Mednine,House,12.761539839939262,6.100318952020064
650000.0,147.0,2,Tunis,Appart,13.384729180332174,4.997212273764115
500000.0,120.0,3,Nabeul,Appart,13.122365377402328,4.795790545596741
2200000.0,480.0,3,Tunis,House,14.603968372873895,6.175867270105761
260000.0,90.0,2,Nabeul,House,12.468440756144114,4.51085950651685
465000.0,127.0,3,Tunis,Appart,13.049794835104816,4.852030263919617
290000.0,120.0,3,Tunis,Appart,12.577639650232573,4.795790545596741
779000.0,440.0,5,Ben Arous,House,13.565767608549109,6.089044875446846
360000.0,46.0,1,Sousse,Appart,12.793862088206213,3.8501476017100584
195000.0,32.0,1,Sousse,Appart,12.180759965737863,3.4965075614664802
490000.0,351.0,2,Sousse,Appart,13.102162710901053,5.863631175598097
275000.0,82.0,1,Sousse,Appart,12.524530013005734,4.418840607796598
310000.0,142.0,3,Sousse,Appart,12.644330802262578,4.962844630259907
180000.0,39.0,1,Sousse,Appart,12.100717685412471,3.6888794541139363
320000.0,110.0,3,Sousse,Appart,12.676079399771027,4.709530201312334
730000.0,200.0,2,Ariana,House,13.500801182986649,5.303304908059076
599000.0,200.0,5,Ariana,Appart,13.303018546545275,5.303304908059076
390000.0,119.0,2,Sousse,Appart,12.873904582205107,4.787491742782046
450000.0,129.0,2,Sousse,Appart,13.017005083966255,4.867534450455582
370000.0,84.0,1,Sousse,Appart,12.821260987319457,4.442651256490317
1350000.0,399.0,3,Tunis,House,14.115615891155079,5.991464547107982
950000.0,137.0,2,Tunis,Appart,13.76421831620775,4.927253685157205
600000.0,200.0,2,Nabeul,Appart,13.304686600863562,5.303304908059076
120000.0,60.0,1,Tunis,Appart,11.695255355062795,4.110873864173311
1200000.0,500.0,8,Ariana,House,13.997832948091215,6.2166061010848646
380000.0,220.0,4,Mednine,House,12.847929163278053,5.3981627015177525
550000.0,158.0,4,Nabeul,Appart,13.217675375388819,5.0689042022202315
215000.0,62.0,1,Ariana,Appart,12.278397958261774,4.143134726391533
430000.0,130.0,2,Sousse,Appart,12.971542813248437,4.875197323201151
450000.0,300.0,7,Ariana,House,13.017005083966255,5.707110264748875
1200000.0,908.0,4,Ben Arous,House,13.997832948091215,6.812345094177479
2800000.0,700.0,4,Sousse,House,14.845130332288226,6.55250788703459
2600000.0,1255.0,5,Monastir,House,14.77102238760702,7.135687347028144
1400000.0,170.0,3,Tunis,House,14.151983508870947,5.14166355650266
440000.0,80.0,1,Tunis,Appart,12.994532278619134,4.394449154672439
390000.0,130.0,2,Tunis,Appart,12.873904582205107,4.875197323201151
850000.0,350.0,4,Nabeul,House,13.652992804936396,5.860786223465865
295000.0,122.0,1,Nabeul,Appart,12.59473402514672,4.812184355372417
340000.0,125.0,3,Sousse,Appart,12.73670383776449,4.836281906951478
975000.0,175.0,3,Tunis,Appart,13.790193775620484,5.170483995038151
1550000.0,368.0,3,Tunis,House,14.253766134056512,5.910796644040527
160000.0,107.0,4,Ariana,Appart,11.982935344196433,4.68213122712422
1250000.0,650.0,4,Nabeul,House,14.038654909278163,6.478509642208569
825000.0,162.0,3,Tunis,Appart,13.623139877437296,5.093750200806762
459800.0,205.0,3,Mednine,House,13.038549066167487,5.327876168789581
320000.0,110.0,2,Nabeul,Appart,12.676079399771027,4.709530201312334
1100000.0,220.0,4,Nabeul,House,13.910821646859095,5.3981627015177525
360000.0,106.0,2,Nabeul,Appart,12.793862088206213,4.672828834461906
480000.0,180.0,3,Nabeul,House,13.081543466215237,5.198497031265826
480000.0,560.0,3,Nabeul,House,13.081543466215237,6.329720905522696
210000.0,40.0,1,Sousse,Appart,12.25486757159303,3.713572066704308
443000.0,69.0,1,Tunis,Appart,13.001327306361068,4.248495242049359
675000.0,135.0,4,Tunis,Appart,13.42246945133505,4.912654885736052
220000.0,103.0,3,Ariana,House,12.301387370778713,4.6443908991413725
1800000.0,273.0,3,Tunis,Appart,14.403297778421795,5.6131281063880705
2166000.0,367.0,4,Tunis,House,14.588393168223483,5.908082938168931
260000.0,70.0,2,Nabeul,Appart,12.468440756144114,4.2626798770413155
200000.0,96.0,2,Nabeul,House,12.206077645517674,4.574710978503383
1060000.0,244.0,3,Tunis,Appart,13.87378040948403,5.501258210544727
200000.0,113.0,2,Tunis,Appart,12.206077645517674,4.736198448394496
780000.0,620.0,2,Nabeul,House,13.567050480716235,6.431331081933479
1020000.0,442.0,6,Tunis,House,13.83531416565213,6.093569770045136
295000.0,97.0,6,Tunis,House,12.59473402514672,4.584967478670572
850000.0,450.0,4,Ariana,House,13.652992804936396,6.111467339502679
1300000.0,372.0,3,Tunis,Appart,14.077875591662238,5.921578419643816
430000.0,156.0,3,Tunis,Appart,12.971542813248437,5.056245805348308
170000.0,52.0,1,Ariana,Appart,12.04355959836804,3.970291913552122
980000.0,320.0,4,Tunis,House,13.795308871054397,5.771441123130016
480000.0,312.0,3,Ben Arous,House,13.081543466215237,5.746203190540153
479856.0,145.0,3,Mednine,House,13.081243421831422,4.983606621708336
215000.0,75.0,1,Ariana,Appart,12.278397958261774,4.330733340286331
250000.0,75.0,2,Ariana,Appart,12.429220196836383,4.330733340286331
270000.0,69.0,1,Nabeul,Appart,12.506180941677357,4.248495242049359
725000.0,125.0,2,Tunis,Appart,13.493928313146206,4.836281906951478
700000.0,225.0,5,Tunis,Appart,13.45883704259595,5.420534999272286
395000.0,125.0,2,Ariana,Appart,12.886643575525625,4.836281906951478
1150000.0,420.0,3,Tunis,House,13.955273369904273,6.042632833682381
360000.0,190.0,5,Tunis,House,12.793862088206213,5.25227342804663
650000.0,350.0,6,Nabeul,House,13.384729180332174,5.860786223465865
650000.0,250.0,5,Nabeul,House,13.384729180332174,5.5254529391317835
4500000.0,564.0,4,Tunis,Appart,15.319588176962746,6.336825731146441
372400.0,120.0,3,Mednine,House,12.827726509666084,4.795790545596741
446500.0,165.0,3,Mednine,House,13.00919691893784,5.111987788356544
245700.0,850.0,3,Mednine,House,12.411870628505058,6.7464121285733745
869300.0,270.0,4,Mednine,House,13.675444719417351,5.602118820879701
420000.0,97.0,3,Nabeul,Appart,12.948012371209098,4.584967478670572
980000.0,124.0,2,Tunis,Appart,13.795308871054397,4.8283137373023015
1100000.0,225.0,3,Tunis,Appart,13.910821646859095,5.420534999272286
850000.0,270.0,3,Nabeul,House,13.652992804936396,5.602118820879701
1250000.0,630.0,4,Nabeul,House,14.038654909278163,6.447305862541213
480000.0,128.0,3,Sousse,Appart,13.081543466215237,4.859812404361672
945500.0,350.0,4,Mednine,House,13.75947022472155,5.860786223465865
666000.0,250.0,4,Mednine,House,13.4090464510229,5.5254529391317835
549580.0,198.0,3,Mednine,House,13.216911448695901,5.293304824724492
615900.0,200.0,3,Mednine,House,13.330841515314019,5.303304908059076
291200.0,125.0,3,Mednine,House,12.581769029364706,4.836281906951478
388900.0,139.0,3,Mednine,House,12.871080091495637,4.941642422609304
1075200.0,220.0,3,Tunis,Appart,13.888018178810114,5.3981627015177525
272300.0,105.0,2,Mednine,House,12.514663351075232,4.663439094112067
940000.0,275.0,4,Nabeul,House,13.753636218075409,5.62040086571715
1500000.0,335.0,3,Tunis,Appart,14.220976332738882,5.817111159963204
278300.0,135.0,3,Mednine,House,12.536458540752227,4.912654885736052
276900.0,139.0,3,Mednine,House,12.531415320564594,4.941642422609304
315800.0,146.0,3,Mednine,House,12.66286754735978,4.990432586778736
457600.0,139.0,3,Mednine,House,13.033752904360023,4.941642422609304
475300.0,138.0,3,Mednine,House,13.071703566534245,4.9344739331306915
351300.0,140.0,3,Mednine,House,12.76939868481975,4.948759890378168
680000.0,165.0,3,Tunis,Appart,13.429849547739444,5.111987788356544
940000.0,475.0,9,Ben Arous,House,13.753636218075409,6.16541785423142
478500.0,145.0,3,Mednine,House,13.078413579737122,4.983606621708336
600000.0,123.0,2,Tunis,Appart,13.304686600863562,4.820281565605037
185000.0,120.0,4,Ariana,Appart,12.128116509451258,4.795790545596741
335000.0,161.0,3,Tunis,Appart,12.721888795877375,5.087596335232384
360000.0,140.0,4,Ariana,Appart,12.793862088206213,4.948759890378168
400000.0,652.0,3,Nabeul,House,12.899222326086994,6.481577129276431
1200000.0,280.0,4,Nabeul,House,13.997832948091215,5.638354669333745
760000.0,284.0,4,Nabeul,House,13.541075028051122,5.652489180268651
320000.0,84.0,2,Nabeul,Appart,12.676079399771027,4.442651256490317
320000.0,74.0,1,Nabeul,Appart,12.676079399771027,4.31748811353631
890000.0,330.0,5,Nabeul,House,13.698977865303197,5.802118375377063
950000.0,300.0,4,Nabeul,House,13.76421831620775,5.707110264748875
560000.0,118.0,2,Nabeul,Appart,13.235693848424024,4.77912349311153
790000.0,250.0,4,Nabeul,House,13.579789490265188,5.5254529391317835
540000.0,180.0,3,Nabeul,House,13.199326270390594,5.198497031265826
380000.0,113.0,2,Nabeul,Appart,12.847929163278053,4.736198448394496
780000.0,750.0,4,Nabeul,House,13.567050480716235,6.621405651764134
250000.0,80.0,1,Tunis,Appart,12.429220196836383,4.394449154672439
1500000.0,467.0,4,Tunis,House,14.220976332738882,6.148468295917647
335000.0,80.0,2,Mednine,House,12.721888795877375,4.394449154672439
350000.0,575.0,3,Gabes,House,12.765691290604371,6.3561076606958915
220000.0,120.0,5,Tunis,Appart,12.301387370778713,4.795790545596741
550000.0,240.0,3,Nabeul,House,13.217675375388819,5.484796933490655
650000.0,240.0,5,Nabeul,House,13.384729180332174,5.484796933490655
170000.0,70.0,2,Tunis,Appart,12.04355959836804,4.2626798770413155
600000.0,200.0,4,Ariana,Appart,13.304686600863562,5.303304908059076
1200000.0,220.0,3,Tunis,Appart,13.997832948091215,5.3981627015177525
950000.0,310.0,4,Nabeul,House,13.76421831620775,5.739792912179234
334490.0,102.0,2,Mednine,House,12.720365252358855,4.634728988229636
200000.0,125.0,4,Tunis,Appart,12.206077645517674,4.836281906951478
473580.0,805.0,3,Mednine,House,13.068078243503932,6.692083742506628
220000.0,430.0,2,Ariana,House,12.301387370778713,6.066108090103747
680700.0,195.0,3,Mednine,House,13.430878428510916,5.278114659230517
550000.0,244.0,3,Nabeul,House,13.217675375388819,5.501258210544727
286000.0,136.0,3,Ariana,Appart,12.563750586299374,4.919980925828125
592790.0,159.0,3,Mednine,House,13.292597170662528,5.075173815233827
258000.0,81.0,1,Tunis,Appart,12.460718739865236,4.406719247264253
395300.0,400.0,3,Mednine,House,12.887402779005837,5.993961427306569
323800.0,340.0,3,Mednine,House,12.68788440854703,5.831882477283517
542680.0,150.0,2,Mednine,House,13.204276949304115,5.017279836814924
637400.0,175.0,3,Mednine,House,13.36515424983769,5.170483995038151
291800.0,105.0,2,Mednine,House,12.583827342069748,4.663439094112067
477200.0,145.0,3,Mednine,House,13.07569306476112,4.983606621708336
739070.0,240.0,3,Mednine,House,13.513149271093436,5.484796933490655
1100000.0,347.0,4,Nabeul,House,13.910821646859095,5.8522024797744745
480000.0,120.0,6,Ariana,House,13.081543466215237,4.795790545596741
140000.0,65.0,2,Tunis,Appart,11.849404844423074,4.189654742026425
100000.0,70.0,3,Tunis,Appart,11.51293546492023,4.2626798770413155
280000.0,100.0,3,Monastir,Appart,12.54254845357358,4.61512051684126
3400000.0,700.0,5,Tunis,House,15.039286283703994,6.55250788703459
890000.0,605.0,6,Nabeul,House,13.698977865303197,6.406879986069314
520000.0,230.0,3,Ariana,House,13.161586013632684,5.442417710521793
365000.0,150.0,4,Ariana,Appart,12.807655372286902,5.017279836814924
265000.0,113.0,3,Ariana,Appart,12.487488878546145,4.736198448394496
500000.0,400.0,3,Ben Arous,House,13.122365377402328,5.993961427306569
450000.0,140.0,3,Ariana,Appart,13.017005083966255,4.948759890378168
650000.0,400.0,2,Nabeul,Appart,13.384729180332174,5.993961427306569
315000.0,139.0,1,Ariana,Appart,12.660331092405906,4.941642422609304
220000.0,90.0,1,Tunis,Appart,12.301387370778713,4.51085950651685
350000.0,68.0,1,Tunis,Appart,12.765691290604371,4.23410650459726
530000.0,111.0,2,Tunis,Appart,13.180634172318978,4.718498871295094
680000.0,147.0,3,Tunis,Appart,13.429849547739444,4.997212273764115
630000.0,230.0,3,Ariana,House,13.353476685668044,5.442417710521793
400000.0,120.0,4,Ariana,Appart,12.899222326086994,4.795790545596741
250000.0,303.0,6,Nabeul,House,12.429220196836383,5.717027701406222
900000.0,431.0,9,Nabeul,House,13.710151153416941,6.068425588244111
981700.0,174.0,3,Tunis,Appart,13.797042060321226,5.1647859739235145
390000.0,75.0,1,Tunis,Appart,12.873904582205107,4.330733340286331
685000.0,137.0,2,Tunis,Appart,13.437175577097312,4.927253685157205
1180000.0,514.0,4,Nabeul,House,13.981025843899115,6.244166900663736
3200000.0,1208.0,1,Tunis,House,14.978661680269907,7.097548850614793
1150000.0,840.0,4,Nabeul,House,13.955273369904273,6.734591659972948
1700000.0,400.0,6,Nabeul,House,14.346139397261565,5.993961427306569
1500000.0,680.0,3,Nabeul,House,14.220976332738882,6.523562306149512
940000.0,275.0,4,Nabeul,House,13.753636218075409,5.62040086571715
500000.0,190.0,3,Tunis,Appart,13.122365377402328,5.25227342804663
380000.0,535.0,3,Ariana,House,12.847929163278053,6.284134161070802
650000.0,238.0,1,Sousse,Appart,13.384729180332174,5.476463551931511
330000.0,125.0,3,Ariana,Appart,12.706850963741102,4.836281906951478
350000.0,133.0,2,Mednine,House,12.765691290604371,4.897839799950911
980000.0,705.0,5,Ben Arous,House,13.795308871054397,6.559615237493242
408646.0,120.0,2,Tunis,Appart,12.920606981671764,4.795790545596741
450000.0,125.0,3,Tunis,Appart,13.017005083966255,4.836281906951478
310000.0,110.0,3,Nabeul,Appart,12.644330802262578,4.709530201312334
390000.0,80.0,2,Nabeul,Appart,12.873904582205107,4.394449154672439
360000.0,110.0,3,Sousse,Appart,12.793862088206213,4.709530201312334
326000.0,116.0,2,Sousse,Appart,12.694655727828803,4.762173934797756
375000.0,111.0,2,Sousse,Appart,12.834683971615659,4.718498871295094
539000.0,143.0,3,Sousse,Appart,13.197472705176983,4.969813299576001
750000.0,554.0,5,Ariana,House,13.527829818844937,6.318968113746434
1000000.0,3000.0,5,Nabeul,House,13.815511557963774,8.006700845440367
324000.0,167.0,3,Kairouan,Appart,12.688501881189456,5.123963979403259
190000.0,157.0,2,Nabeul,Appart,12.154784614286667,5.062595033026967
200000.0,75.0,1,Ariana,Appart,12.206077645517674,4.330733340286331
315000.0,100.0,1,Ariana,Appart,12.660331092405906,4.61512051684126
880000.0,500.0,6,Tunis,House,13.68767832281738,6.2166061010848646
700000.0,240.0,3,Tunis,House,13.45883704259595,5.484796933490655
395000.0,100.0,2,Nabeul,Appart,12.886643575525625,4.61512051684126
820000.0,430.0,4,Ariana,House,13.617060838751888,6.066108090103747
254000.0,127.0,2,Kairouan,Appart,12.445093483000798,4.852030263919617
1150000.0,250.0,4,Monastir,House,13.955273369904273,5.5254529391317835
980000.0,246.0,4,Nabeul,House,13.795308871054397,5.5093883366279774
1250000.0,512.0,4,Nabeul,House,14.038654909278163,6.240275845170769
290000.0,130.0,3,Mednine,House,12.577639650232573,4.875197323201151
385000.0,143.0,2,Sousse,Appart,12.861001210669146,4.969813299576001
980000.0,240.0,9,Ariana,House,13.795308871054397,5.484796933490655
100000.0,93.0,4,Tunis,Appart,11.51293546492023,4.543294782270004
420000.0,140.0,3,Ariana,Appart,12.948012371209098,4.948759890378168
4330000.0,1237.0,5,Nabeul,House,15.281078330925528,7.121252453244542
1250000.0,490.0,4,Nabeul,House,14.038654909278163,6.19644412779452
440000.0,100.0,2,Tunis,Appart,12.994532278619134,4.61512051684126
789400.0,209.0,3,Tunis,Appart,13.579029708994982,5.3471075307174685
520000.0,150.0,2,Sousse,Appart,13.161586013632684,5.017279836814924
590000.0,150.0,3,Mednine,House,13.28787951079572,5.017279836814924
290000.0,60.0,1,Tunis,Appart,12.577639650232573,4.110873864173311
478200.0,165.0,3,Mednine,House,13.077786425179415,5.111987788356544
396850.0,167.0,3,Mednine,House,12.891316174359616,5.123963979403259
389680.0,159.0,3,Mednine,House,12.873083734685302,5.075173815233827
849990.0,500.0,4,Mednine,House,13.652981040175149,6.2166061010848646
306800.0,162.0,3,Mednine,House,12.633954607922337,5.093750200806762
311200.0,105.0,2,Mednine,House,12.64819428464882,4.663439094112067
686400.0,160.0,4,Mednine,House,13.439217284031285,5.081404364984463
1790850.0,408.0,4,Mednine,House,14.398201483835546,6.013715156042802
598200.0,3000.0,4,Mednine,House,13.301682096858299,8.006700845440367
550000.0,158.0,3,Mednine,House,13.217675375388819,5.0689042022202315
458418.0,172.0,3,Mednine,House,13.03553889204028,5.153291594497779
750000.0,250.0,3,Nabeul,House,13.527829818844937,5.5254529391317835
315000.0,117.0,4,Manouba,Appart,12.660331092405906,4.770684624465665
380000.0,110.0,2,Nabeul,Appart,12.847929163278053,4.709530201312334
160000.0,70.0,1,Ben Arous,Appart,11.982935344196433,4.2626798770413155
265000.0,108.0,3,Ariana,Appart,12.487488878546145,4.6913478822291435
350000.0,100.0,3,Ariana,Appart,12.765691290604371,4.61512051684126
950000.0,300.0,5,Tunis,Appart,13.76421831620775,5.707110264748875
920000.0,460.0,4,Nabeul,House,13.732130035981154,6.133398042996649
543000.0,187.0,5,Tunis,Appart,13.204866440535003,5.236441962829949
125000.0,76.0,2,Manouba,Appart,11.736077016252437,4.343805421853684
300000.0,160.0,3,Monastir,Appart,12.611541086966115,5.081404364984463
750000.0,800.0,7,Monastir,House,13.527829818844937,6.68586094706836
150000.0,110.0,2,Nabeul,Appart,11.918397239722838,4.709530201312334
480000.0,1500.0,3,Nabeul,House,13.081543466215237,7.313886831633462
240000.0,60.0,1,Tunis,Appart,12.388398368982115,4.110873864173311
395580.0,104.0,2,Mednine,House,12.888110849265873,4.653960350157523
262500.0,145.0,2,Mednine,House,12.47801017053037,4.983606621708336
719580.0,204.0,3,Mednine,House,13.486424377152403,5.3230099791384085
179000.0,104.0,2,Mednine,Appart,12.095146671399466,4.653960350157523
380000.0,187.0,4,Ben Arous,Appart,12.847929163278053,5.236441962829949
210000.0,130.0,3,Nabeul,Appart,12.25486757159303,4.875197323201151
1850000.0,350.0,3,Tunis,House,14.430696737594902,5.860786223465865
900000.0,150.0,4,Sousse,Appart,13.710151153416941,5.017279836814924
380000.0,134.0,3,Tunis,Appart,12.847929163278053,4.90527477843843
500000.0,160.0,3,Tunis,Appart,13.122365377402328,5.081404364984463
350000.0,145.0,4,Tunis,Appart,12.765691290604371,4.983606621708336
1800000.0,530.0,7,Tunis,House,14.403297778421795,6.274762021241939
720000.0,468.0,9,Sousse,House,13.487007879880162,6.150602768446279
400000.0,256.0,3,Tunis,Appart,12.899222326086994,5.54907608489522
890000.0,416.0,5,Sousse,House,13.698977865303197,6.0330862217988015
850000.0,230.0,3,Monastir,Appart,13.652992804936396,5.442417710521793
250000.0,60.0,2,Sousse,Appart,12.429220196836383,4.110873864173311
1500000.0,275.0,4,Sousse,House,14.220976332738882,5.62040086571715
336960.0,79.0,2,Sousse,Appart,12.727722475634645,4.382026634673881
195000.0,40.0,1,Sousse,Appart,12.180759965737863,3.713572066704308
270400.0,162.0,3,Sousse,Appart,12.50766132136896,5.093750200806762
290000.0,59.0,2,Sousse,Appart,12.577639650232573,4.0943445622221
2700000.0,750.0,5,Sousse,House,14.80876270134486,6.621405651764134
1440000.0,454.0,6,Sousse,House,14.180154365996387,6.12029741895095
450000.0,125.0,2,Sousse,Appart,13.017005083966255,4.836281906951478
650000.0,250.0,7,Sousse,House,13.384729180332174,5.5254529391317835
927000.0,250.0,4,Sousse,House,13.739709923296061,5.5254529391317835
390000.0,72.0,1,Tunis,Appart,12.873904582205107,4.290459441148391
647000.0,120.0,3,Sousse,Appart,13.380103119076898,4.795790545596741
1900000.0,200.0,4,Tunis,House,14.45736497045232,5.303304908059076
400000.0,225.0,4,Mednine,House,12.899222326086994,5.420534999272286
850000.0,180.0,6,Ben Arous,House,13.652992804936396,5.198497031265826
384000.0,150.0,3,Sousse,Appart,12.85840043573314,5.017279836814924
245000.0,121.0,2,Tunis,Appart,12.409017571151187,4.804021044733257
389000.0,130.0,3,Sousse,Appart,12.871337193291367,4.875197323201151
380000.0,135.0,3,Sousse,Appart,12.847929163278053,4.912654885736052
2200000.0,630.0,4,Tunis,House,14.603968372873895,6.447305862541213
390000.0,280.0,3,Tunis,House,12.873904582205107,5.638354669333745
1150000.0,150.0,3,Tunis,House,13.955273369904273,5.017279836814924
1750000.0,1100.0,5,Nabeul,House,14.375126917328105,7.00397413672268
375000.0,153.0,3,Tunis,Appart,12.834683971615659,5.0369526024136295
2800000.0,300.0,4,Sousse,House,14.845130332288226,5.707110264748875
620000.0,522.0,4,Ben Arous,House,13.3374763699232,6.259581464064923
240000.0,130.0,2,Ariana,Appart,12.388398368982115,4.875197323201151
1900000.0,220.0,6,Ariana,House,14.45736497045232,5.3981627015177525
660000.0,210.0,3,Nabeul,House,13.399996629152975,5.351858133476067
620000.0,160.0,3,Ben Arous,House,13.3374763699232,5.081404364984463
2400000.0,570.0,4,Ariana,House,14.690979711984754,6.3473892096560105
620000.0,160.0,2,Mednine,House,13.3374763699232,5.081404364984463
800000.0,480.0,3,Tunis,Appart,13.592368256649284,6.175867270105761
230000.0,57.0,1,Nabeul,Appart,12.345838935721968,4.060443010546419
550000.0,156.0,3,Sousse,Appart,13.217675375388819,5.056245805348308
1460000.0,200.0,4,Nabeul,House,14.19394767861579,5.303304908059076
200000.0,100.0,1,Nabeul,Appart,12.206077645517674,4.61512051684126
420000.0,300.0,6,Nabeul,House,12.948012371209098,5.707110264748875
790000.0,500.0,4,Nabeul,House,13.579789490265188,6.2166061010848646
879800.0,169.0,3,Tunis,Appart,13.68745102451807,5.135798437050262
660000.0,130.0,2,Tunis,Appart,13.399996629152975,4.875197323201151
1500000.0,540.0,5,Ben Arous,House,14.220976332738882,6.293419278846481
520000.0,100.0,3,Ariana,House,13.161586013632684,4.61512051684126
320000.0,70.0,1,Tunis,Appart,12.676079399771027,4.2626798770413155
420000.0,117.0,2,Mahdia,Appart,12.948012371209098,4.770684624465665
750000.0,475.0,6,Tunis,House,13.527829818844937,6.16541785423142
950000.0,230.0,4,Tunis,House,13.76421831620775,5.442417710521793
1100000.0,218.0,5,Tunis,Appart,13.910821646859095,5.389071729816501
250000.0,90.0,2,Mednine,House,12.429220196836383,4.51085950651685
745000.0,250.0,4,Nabeul,House,13.521140839642674,5.5254529391317835
449000.0,164.0,4,Nabeul,House,13.014780393893403,5.10594547390058
255000.0,100.0,1,Nabeul,Appart,12.449022745701502,4.61512051684126
330000.0,315.0,6,Nabeul,House,12.706850963741102,5.755742213586912
385000.0,257.0,2,Nabeul,House,12.861001210669146,5.552959584921617
165000.0,51.0,1,Ariana,Appart,12.013706813470414,3.9512437185814275
125000.0,83.0,2,Tunis,Appart,11.736077016252437,4.430816798843313
380000.0,117.0,2,Ariana,Appart,12.847929163278053,4.770684624465665
819000.0,225.0,3,Tunis,Appart,13.615840583835682,5.420534999272286
490000.0,160.0,3,Nabeul,Appart,13.102162710901053,5.081404364984463
1500000.0,250.0,3,Ariana,House,14.220976332738882,5.5254529391317835
140000.0,75.0,2,Tunis,Appart,11.849404844423074,4.330733340286331
2400000.0,450.0,3,Tunis,House,14.690979711984754,6.111467339502679
2500000.0,700.0,4,Nabeul,House,14.731801689838349,6.55250788703459
790000.0,220.0,3,Nabeul,House,13.579789490265188,5.3981627015177525
1200000.0,193.0,3,Tunis,Appart,13.997832948091215,5.267858159063328
620000.0,260.0,3,Tunis,House,13.3374763699232,5.564520407322694
990000.0,250.0,4,Nabeul,House,13.805461232211272,5.5254529391317835
1750000.0,395.0,3,Tunis,House,14.375126917328105,5.981414211254481
750000.0,220.0,3,Nabeul,House,13.527829818844937,5.3981627015177525
780000.0,190.0,3,Tunis,Appart,13.567050480716235,5.25227342804663
950000.0,300.0,5,Tunis,Appart,13.76421831620775,5.707110264748875
130000.0,70.0,2,Sfax,Appart,11.775297421715827,4.2626798770413155
250000.0,110.0,4,Sfax,Appart,12.429220196836383,4.709530201312334
150000.0,98.0,2,Ariana,Appart,11.918397239722838,4.59511985013459
185000.0,97.0,2,Nabeul,Appart,12.128116509451258,4.584967478670572
1400000.0,525.0,4,Nabeul,House,14.151983508870947,6.26530121273771
1100000.0,220.0,5,Tunis,Appart,13.910821646859095,5.3981627015177525
530000.0,122.0,2,Tunis,Appart,13.180634172318978,4.812184355372417
430000.0,195.0,3,Mednine,House,12.971542813248437,5.278114659230517
290000.0,104.0,2,Nabeul,Appart,12.577639650232573,4.653960350157523
680000.0,410.0,5,Kairouan,House,13.429849547739444,6.018593214496234
2200000.0,531.0,9,Ariana,House,14.603968372873895,6.2766434893416445
459086.0,136.0,2,Sousse,Appart,13.036995013565436,4.919980925828125
187000.0,110.0,3,Tunis,Appart,12.138869243416009,4.709530201312334
255000.0,46.0,1,Nabeul,Appart,12.449022745701502,3.8501476017100584
750000.0,115.0,1,Tunis,Appart,13.527829818844937,4.7535901911063645
2800000.0,590.0,5,Tunis,House,14.845130332288226,6.3818160174060985
260000.0,120.0,1,Tunis,Appart,12.468440756144114,4.795790545596741
630000.0,140.0,4,Manouba,House,13.353476685668044,4.948759890378168
1600000.0,385.0,5,Ariana,House,14.285514812209815,5.955837369464831
240000.0,120.0,2,Nabeul,House,12.388398368982115,4.795790545596741
248000.0,100.0,2,Nabeul,Appart,12.421188057397055,4.61512051684126
1350000.0,350.0,6,Ariana,House,14.115615891155079,5.860786223465865
175000.0,90.0,2,Nabeul,Appart,12.07254696717504,4.51085950651685
215000.0,90.0,2,Nabeul,Appart,12.278397958261774,4.51085950651685
1200000.0,443.0,2,Nabeul,House,13.997832948091215,6.095824562432225
2400000.0,900.0,5,Tunis,House,14.690979711984754,6.803505257608338
240000.0,110.0,1,Ariana,Appart,12.388398368982115,4.709530201312334
370000.0,180.0,4,Ben Arous,House,12.821260987319457,5.198497031265826
11210.0,55.0,2,Tunis,Appart,9.324650718153594,4.02535169073515
190000.0,100.0,3,Ben Arous,Appart,12.154784614286667,4.61512051684126
552000.0,131.0,2,Tunis,Appart,13.221305136851795,4.882801922586371
260000.0,90.0,2,Tunis,Appart,12.468440756144114,4.51085950651685
317000.0,85.0,2,Nabeul,Appart,12.666660207428574,4.454347296253507
386243.0,104.0,2,Nabeul,Appart,12.864224573092857,4.653960350157523
552000.0,132.0,2,Tunis,Appart,13.221305136851795,4.890349128221754
695000.0,455.0,6,Ariana,House,13.451668563394815,6.1224928095143865
830000.0,600.0,4,Nabeul,House,13.629182184591333,6.398594934535208
150000.0,86.0,2,Ariana,Appart,11.918397239722838,4.465908118654584
315000.0,135.0,3,Ariana,Appart,12.660331092405906,4.912654885736052
680000.0,256.0,1,Nabeul,House,13.429849547739444,5.54907608489522
240000.0,110.0,3,Nabeul,House,12.388398368982115,4.709530201312334
240000.0,63.0,1,Ben Arous,Appart,12.388398368982115,4.1588830833596715
770000.0,215.0,3,Tunis,Appart,13.554147092530322,5.375278407684165
418000.0,130.0,1,Tunis,Appart,12.94323910384853,4.875197323201151
280000.0,200.0,4,Nabeul,House,12.54254845357358,5.303304908059076
690000.0,255.0,3,Nabeul,Appart,13.444448325847754,5.545177444479562
1250000.0,630.0,4,Nabeul,House,14.038654909278163,6.447305862541213
445000.0,183.0,5,Tunis,Appart,13.005831808336863,5.214935757608986
405000.0,135.0,2,Tunis,Appart,12.91164481522143,4.912654885736052
257000.0,80.0,1,Sousse,Appart,12.456835254920371,4.394449154672439
257500.0,560.0,3,Sousse,House,12.458778882573533,6.329720905522696
350000.0,120.0,2,Nabeul,Appart,12.765691290604371,4.795790545596741
990000.0,300.0,4,Tozeur,House,13.805461232211272,5.707110264748875
405000.0,143.0,3,Nabeul,Appart,12.91164481522143,4.969813299576001
485000.0,135.0,3,Nabeul,Appart,13.091906231773164,4.912654885736052
210000.0,75.0,1,Nabeul,Appart,12.25486757159303,4.330733340286331
220000.0,60.0,1,Ariana,Appart,12.301387370778713,4.110873864173311
1100000.0,482.0,8,Ariana,House,13.910821646859095,6.180016653652572
313000.0,85.0,2,Tunis,Appart,12.653961664405365,4.454347296253507
900000.0,190.0,4,Tunis,Appart,13.710151153416941,5.25227342804663
120000.0,85.0,2,Tunis,Appart,11.695255355062795,4.454347296253507
1190000.0,459.0,5,Nabeul,House,13.989464705423494,6.131226489483141
440000.0,240.0,4,Nabeul,House,12.994532278619134,5.484796933490655
560000.0,148.0,3,Sousse,Appart,13.235693848424024,5.003946305945459
1000000.0,180.0,4,Tunis,House,13.815511557963774,5.198497031265826
420000.0,113.0,2,Tunis,Appart,12.948012371209098,4.736198448394496
400000.0,129.0,3,Tunis,Appart,12.899222326086994,4.867534450455582
485000.0,338.0,5,Nabeul,House,13.091906231773164,5.82600010738045
575400.0,189.0,3,Mednine,House,13.26282246801952,5.247024072160486
850000.0,291.0,8,Ben Arous,House,13.652992804936396,5.676753802268282
590000.0,750.0,3,Nabeul,House,13.28787951079572,6.621405651764134
300000.0,117.0,3,Manouba,Appart,12.611541086966115,4.770684624465665
5047000.0,600.0,7,Ariana,House,15.434304763459886,6.398594934535208
650000.0,328.0,5,Manouba,House,13.384729180332174,5.796057750765372
690000.0,350.0,4,Nabeul,House,13.444448325847754,5.860786223465865
850000.0,115.0,2,Tunis,Appart,13.652992804936396,4.7535901911063645
780000.0,200.0,5,Tunis,House,13.567050480716235,5.303304908059076
340000.0,140.0,3,Tunis,Appart,12.73670383776449,4.948759890378168
2200000.0,700.0,7,Nabeul,House,14.603968372873895,6.55250788703459
1400000.0,205.0,9,Tunis,House,14.151983508870947,5.327876168789581
720000.0,300.0,5,Mednine,House,13.487007879880162,5.707110264748875
570000.0,165.0,3,Tunis,Appart,13.25339339419516,5.111987788356544
300000.0,310.0,6,Kairouan,House,12.611541086966115,5.739792912179234
360000.0,130.0,3,Tunis,Appart,12.793862088206213,4.875197323201151
1340000.0,230.0,4,Nabeul,House,14.108180918195472,5.442417710521793
1000000.0,72.0,3,Tunis,Appart,13.815511557963774,4.290459441148391
330000.0,146.0,4,Tunis,Appart,12.706850963741102,4.990432586778736
390000.0,100.0,2,Nabeul,Appart,12.873904582205107,4.61512051684126
1170000.0,400.0,6,Nabeul,House,13.972515161474428,5.993961427306569
150000.0,50.0,3,Ariana,Appart,11.918397239722838,3.9318256327243257
1100000.0,193.0,3,Tunis,Appart,13.910821646859095,5.267858159063328
1800000.0,295.0,3,Tunis,Appart,14.403297778421795,5.69035945432406
100000.0,70.0,2,Ben Arous,Appart,11.51293546492023,4.2626798770413155
195000.0,80.0,2,Tunis,Appart,12.180759965737863,4.394449154672439
650000.0,260.0,3,Nabeul,House,13.384729180332174,5.564520407322694
350000.0,74.0,2,Nabeul,Appart,12.765691290604371,4.31748811353631
890000.0,500.0,4,Nabeul,House,13.698977865303197,6.2166061010848646
600000.0,585.0,3,Nabeul,House,13.304686600863562,6.373319789577012
200000.0,56.0,1,Sousse,Appart,12.206077645517674,4.04305126783455
500000.0,280.0,5,Tunis,House,13.122365377402328,5.638354669333745
1300000.0,191.0,3,Ariana,House,14.077875591662238,5.2574953720277815
273000.0,40.0,1,Sousse,Appart,12.51723073716405,3.713572066704308
256000.0,37.0,1,Sousse,Appart,12.45293662970407,3.6375861597263857
315000.0,97.0,2,Nabeul,Appart,12.660331092405906,4.584967478670572
230000.0,40.0,1,Sousse,Appart,12.345838935721968,3.713572066704308
280000.0,88.0,2,Sousse,Appart,12.54254845357358,4.48863636973214
500000.0,330.0,9,Tunis,Appart,13.122365377402328,5.802118375377063
1600000.0,400.0,4,Nabeul,House,14.285514812209815,5.993961427306569
3350000.0,475.0,4,Sousse,House,15.024471202308668,6.16541785423142
480000.0,400.0,3,Mednine,House,13.081543466215237,5.993961427306569
198000.0,60.0,1,Tunis,Appart,12.19602736016897,4.110873864173311
1480000.0,289.0,3,Tunis,Appart,14.207553321415745,5.66988092298052
1350000.0,220.0,4,Sousse,Appart,14.115615891155079,5.3981627015177525
1300000.0,183.0,3,Sousse,Appart,14.077875591662238,5.214935757608986
1550000.0,300.0,4,Sousse,Appart,14.253766134056512,5.707110264748875
350000.0,120.0,2,Sousse,Appart,12.765691290604371,4.795790545596741
550000.0,294.0,4,Sousse,Appart,13.217675375388819,5.68697535633982
298700.0,132.0,2,Sousse,Appart,12.60719835203924,4.890349128221754
589000.0,135.0,3,Sousse,Appart,13.286183160425152,4.912654885736052
350000.0,100.0,2,Sousse,Appart,12.765691290604371,4.61512051684126
650000.0,300.0,5,Tunis,House,13.384729180332174,5.707110264748875
225000.0,163.0,1,Nabeul,House,12.323860125621126,5.099866427824199
1550000.0,350.0,9,Ben Arous,House,14.253766134056512,5.860786223465865
1450000.0,465.0,6,Tunis,House,14.187074804051692,6.144185634125646
550000.0,480.0,9,Monastir,House,13.217675375388819,6.175867270105761
920000.0,250.0,3,Nabeul,House,13.732130035981154,5.5254529391317835
470000.0,388.0,3,Sousse,House,13.060490101343552,5.963579343618446
890000.0,405.0,3,Mednine,House,13.698977865303197,6.0063531596017325
530000.0,530.0,2,Nabeul,House,13.180634172318978,6.274762021241939
1200000.0,219.0,4,Tunis,Appart,13.997832948091215,5.393627546352362
1850000.0,450.0,5,Nabeul,House,14.430696737594902,6.111467339502679
225000.0,200.0,5,Nabeul,House,12.323860125621126,5.303304908059076
260000.0,180.0,3,Tunis,Appart,12.468440756144114,5.198497031265826
260000.0,125.0,2,Ben Arous,Appart,12.468440756144114,4.836281906951478
1650000.0,407.0,10,Tunis,House,14.316286451937186,6.0112671744041615
790000.0,250.0,6,Ben Arous,House,13.579789490265188,5.5254529391317835
1650000.0,532.0,7,Ariana,House,14.316286451937186,6.278521424165844
960000.0,800.0,4,Nabeul,House,13.774689605110144,6.68586094706836
990000.0,515.0,5,Nabeul,House,13.805461232211272,6.246106765481563
370000.0,180.0,4,Ariana,Appart,12.821260987319457,5.198497031265826
1000000.0,200.0,4,Ariana,House,13.815511557963774,5.303304908059076
435000.0,90.0,1,Tunis,Appart,12.983103608918753,4.51085950651685
300000.0,75.0,2,Sousse,Appart,12.611541086966115,4.330733340286331
320000.0,142.0,2,Sousse,Appart,12.676079399771027,4.962844630259907
950000.0,120.0,4,Ariana,Appart,13.76421831620775,4.795790545596741
890000.0,300.0,4,Nabeul,House,13.698977865303197,5.707110264748875
650000.0,168.0,3,Nabeul,Appart,13.384729180332174,5.1298987149230735
890000.0,582.0,3,Tunis,House,13.698977865303197,6.368187186350492
270000.0,120.0,3,Sousse,Appart,12.506180941677357,4.795790545596741
1300000.0,350.0,3,Sousse,House,14.077875591662238,5.860786223465865
316800.0,96.0,2,Sousse,Appart,12.666029095483083,4.574710978503383
288400.0,113.0,2,Sousse,Appart,12.5721071517933,4.736198448394496
452880.0,103.0,2,Sousse,Appart,13.023384676798548,4.6443908991413725
230000.0,72.0,2,Sousse,Appart,12.345838935721968,4.290459441148391
205000.0,160.0,3,Sfax,Appart,12.230770136157428,5.081404364984463
1300000.0,200.0,4,Ariana,House,14.077875591662238,5.303304908059076
1800000.0,800.0,6,Tunis,House,14.403297778421795,6.68586094706836
2800000.0,375.0,3,Tunis,House,14.845130332288226,5.929589143389895
380000.0,168.0,2,Ariana,Appart,12.847929163278053,5.1298987149230735
270000.0,75.0,1,Nabeul,Appart,12.506180941677357,4.330733340286331
980000.0,280.0,3,Tunis,House,13.795308871054397,5.638354669333745
1500000.0,418.0,3,Tunis,House,14.220976332738882,6.037870919922137
1290000.0,563.0,3,Ariana,House,14.070153551531353,6.335054251498059
1600000.0,400.0,4,Ariana,House,14.285514812209815,5.993961427306569
650000.0,200.0,4,Ariana,House,13.384729180332174,5.303304908059076
1400000.0,500.0,7,Tunis,House,14.151983508870947,6.2166061010848646
450000.0,180.0,3,Ariana,Appart,13.017005083966255,5.198497031265826
3200000.0,1100.0,6,Nabeul,House,14.978661680269907,7.00397413672268
689000.0,197.0,3,Tunis,Appart,13.442998001373553,5.288267030694535
110000.0,100.0,3,Tunis,Appart,11.608244735642321,4.61512051684126
390000.0,105.0,2,Sousse,Appart,12.873904582205107,4.663439094112067
390000.0,116.0,2,Nabeul,Appart,12.873904582205107,4.762173934797756
500000.0,550.0,3,Nabeul,House,13.122365377402328,6.311734809152915
350000.0,280.0,2,Nabeul,House,12.765691290604371,5.638354669333745
1999000.0,550.0,8,Ariana,House,14.508158113732536,6.311734809152915
500000.0,155.0,4,Sousse,Appart,13.122365377402328,5.049856007249537
650000.0,500.0,3,Sousse,House,13.384729180332174,6.2166061010848646
312000.0,118.0,2,Ariana,Appart,12.650761671914688,4.77912349311153
270000.0,62.0,1,Sousse,Appart,12.506180941677357,4.143134726391533
220000.0,88.0,2,Tunis,Appart,12.301387370778713,4.48863636973214
480000.0,145.0,3,Ariana,Appart,13.081543466215237,4.983606621708336
480000.0,170.0,3,Ariana,House,13.081543466215237,5.14166355650266
160000.0,120.0,3,Mednine,House,11.982935344196433,4.795790545596741
385000.0,300.0,3,Nabeul,House,12.861001210669146,5.707110264748875
2200000.0,400.0,3,Tunis,Appart,14.603968372873895,5.993961427306569
220000.0,71.0,1,Sousse,Appart,12.301387370778713,4.276666119016055
880000.0,540.0,4,Nabeul,House,13.68767832281738,6.293419278846481
320000.0,90.0,1,Nabeul,Appart,12.676079399771027,4.51085950651685
200000.0,95.0,2,Nabeul,House,12.206077645517674,4.564348191467836
180000.0,86.0,4,Tunis,Appart,12.100717685412471,4.465908118654584
400000.0,118.0,3,Ariana,Appart,12.899222326086994,4.77912349311153
618730.0,205.0,4,Mednine,House,13.335425885322858,5.327876168789581
1120000.0,348.0,4,Mednine,House,13.928840136128022,5.855071922202427
330000.0,130.0,3,Tunis,Appart,12.706850963741102,4.875197323201151
750000.0,400.0,3,Manouba,House,13.527829818844937,5.993961427306569
975000.0,400.0,3,Tunis,House,13.790193775620484,5.993961427306569
4500000.0,386.0,4,Tunis,Appart,15.319588176962746,5.958424693029782
650000.0,524.0,3,Ben Arous,House,13.384729180332174,6.263398262591624
345000.0,116.0,2,Tunis,Appart,12.75130259456002,4.762173934797756
180000.0,40.0,1,Nabeul,Appart,12.100717685412471,3.713572066704308
293000.0,75.0,1,Sousse,Appart,12.587931300962664,4.330733340286331
800000.0,200.0,4,Tunis,House,13.592368256649284,5.303304908059076
700000.0,500.0,6,Mednine,House,13.45883704259595,6.2166061010848646
420000.0,105.0,2,Nabeul,Appart,12.948012371209098,4.663439094112067
380000.0,450.0,9,Tunis,House,12.847929163278053,6.111467339502679
180000.0,80.0,2,Ariana,Appart,12.100717685412471,4.394449154672439
150000.0,100.0,2,Ben Arous,Appart,11.918397239722838,4.61512051684126
800000.0,150.0,3,Tunis,Appart,13.592368256649284,5.017279836814924
1500000.0,350.0,4,Nabeul,House,14.220976332738882,5.860786223465865
720000.0,173.0,5,Ariana,House,13.487007879880162,5.159055299214529
169000.0,49.0,1,Ariana,Appart,12.037659911047468,3.912023005428146
175000.0,90.0,2,Tunis,Appart,12.07254696717504,4.51085950651685
230000.0,135.0,2,Mednine,House,12.345838935721968,4.912654885736052
320000.0,150.0,2,Tunis,House,12.676079399771027,5.017279836814924
450000.0,120.0,3,Tunis,Appart,13.017005083966255,4.795790545596741
2500000.0,530.0,6,Tunis,House,14.731801689838349,6.274762021241939
530000.0,162.0,3,Ariana,Appart,13.180634172318978,5.093750200806762
1800000.0,175.0,3,Tunis,House,14.403297778421795,5.170483995038151
395000.0,150.0,4,Ben Arous,House,12.886643575525625,5.017279836814924
320000.0,64.0,1,Tunis,Appart,12.676079399771027,4.174387269895637
450000.0,200.0,5,Ariana,House,13.017005083966255,5.303304908059076
1100000.0,898.0,4,Sousse,House,13.910821646859095,6.80128303447162
500000.0,140.0,3,Mednine,House,13.122365377402328,4.948759890378168
1050000.0,408.0,5,Tunis,House,13.864301674514206,6.013715156042802
760000.0,430.0,4,Nabeul,House,13.541075028051122,6.066108090103747
1550000.0,220.0,4,Nabeul,House,14.253766134056512,5.3981627015177525
650000.0,163.0,3,Tunis,Appart,13.384729180332174,5.099866427824199
780000.0,180.0,4,Tunis,House,13.567050480716235,5.198497031265826
500000.0,172.0,3,Tunis,Appart,13.122365377402328,5.153291594497779
290000.0,74.0,2,Tunis,Appart,12.577639650232573,4.31748811353631
290000.0,114.0,2,Tunis,Appart,12.577639650232573,4.74493212836325
315000.0,90.0,2,Tunis,Appart,12.660331092405906,4.51085950651685
395000.0,130.0,2,Tunis,Appart,12.886643575525625,4.875197323201151
330000.0,126.0,3,Manouba,Appart,12.706850963741102,4.844187086458591
2200000.0,944.0,7,Ariana,House,14.603968372873895,6.851184927493743
495500.0,149.0,3,Mednine,House,13.113324650913615,5.0106352940962555
275950.0,67.0,1,Ariana,Appart,12.527978592705981,4.219507705176107
700000.0,300.0,5,Tunis,House,13.45883704259595,5.707110264748875
1500000.0,500.0,6,Ben Arous,House,14.220976332738882,6.2166061010848646
335000.0,67.0,1,Tunis,Appart,12.721888795877375,4.219507705176107
219000.0,79.0,1,Nabeul,Appart,12.296831574998258,4.382026634673881
1200000.0,200.0,4,Nabeul,House,13.997832948091215,5.303304908059076
395000.0,167.0,3,Ariana,Appart,12.886643575525625,5.123963979403259
395000.0,169.0,3,Ariana,Appart,12.886643575525625,5.135798437050262
400000.0,150.0,3,Kairouan,House,12.899222326086994,5.017279836814924
580000.0,187.0,4,Ariana,Appart,13.270785106659046,5.236441962829949
550000.0,200.0,4,Sousse,House,13.217675375388819,5.303304908059076
650000.0,120.0,2,Tunis,Appart,13.384729180332174,4.795790545596741
1390000.0,270.0,4,Nabeul,House,14.144815024531075,5.602118820879701
750000.0,140.0,4,Nabeul,House,13.527829818844937,4.948759890378168
365000.0,105.0,2,Nabeul,Appart,12.807655372286902,4.663439094112067
235000.0,122.0,3,Tunis,Appart,12.367345048436391,4.812184355372417
1150000.0,581.0,7,Ariana,House,13.955273369904273,6.366470447731438
155000.0,82.0,1,Manouba,Appart,11.951186847493476,4.418840607796598
250000.0,120.0,3,Tunis,Appart,12.429220196836383,4.795790545596741
350000.0,59.0,1,Sousse,Appart,12.765691290604371,4.0943445622221
465000.0,170.0,3,Mednine,House,13.049794835104816,5.14166355650266
80000.0,29.0,1,Ben Arous,Appart,11.289794413577894,3.4011973816621555
850000.0,270.0,3,Tunis,House,13.652992804936396,5.602118820879701
540000.0,137.0,2,Nabeul,Appart,13.199326270390594,4.927253685157205
350000.0,94.0,1,Tunis,Appart,12.765691290604371,4.553876891600541
240000.0,61.0,1,Nabeul,Appart,12.388398368982115,4.127134385045092
2700000.0,440.0,4,Tunis,House,14.80876270134486,6.089044875446846
235000.0,87.0,2,Tunis,Appart,12.367345048436391,4.477336814478207
285000.0,89.0,3,Manouba,Appart,12.560247968016562,4.499809670330265
2200000.0,700.0,1,Ariana,House,14.603968372873895,6.55250788703459
231000.0,114.0,4,Tunis,Appart,12.35017731849889,4.74493212836325
1800000.0,600.0,5,Tunis,House,14.403297778421795,6.398594934535208
1900000.0,480.0,5,Ariana,House,14.45736497045232,6.175867270105761
227000.0,57.0,1,Tunis,Appart,12.33270970174018,4.060443010546419
500000.0,98.0,3,Ariana,House,13.122365377402328,4.59511985013459
490000.0,134.0,2,Tunis,Appart,13.102162710901053,4.90527477843843
468900.0,143.0,3,Mednine,House,13.058146937726288,4.969813299576001
816000.0,170.0,3,Tunis,Appart,13.61217085943569,5.14166355650266
1100000.0,379.0,3,Tunis,Appart,13.910821646859095,5.940171252720432
790000.0,500.0,5,Nabeul,House,13.579789490265188,6.2166061010848646
1200000.0,700.0,5,Sousse,House,13.997832948091215,6.55250788703459
290000.0,60.0,1,Tunis,Appart,12.577639650232573,4.110873864173311
220000.0,60.0,1,Tunis,Appart,12.301387370778713,4.110873864173311
2300000.0,600.0,6,Tunis,House,14.648420115681892,6.398594934535208
1560000.0,312.0,3,Tunis,Appart,14.260197020251155,5.746203190540153
450000.0,180.0,3,Ariana,House,13.017005083966255,5.198497031265826
470000.0,600.0,4,Ariana,House,13.060490101343552,6.398594934535208
595000.0,93.0,2,Tunis,Appart,13.296318365198623,4.543294782270004
606000.0,101.0,2,Tunis,Appart,13.314636915215106,4.624972813284271
1320000.0,440.0,4,Nabeul,House,14.093143052138025,6.089044875446846
1980000.0,317.0,2,Tunis,House,14.498607907721096,5.762051382780177
760000.0,155.0,3,Tunis,Appart,13.541075028051122,5.049856007249537
400000.0,113.0,2,Tunis,Appart,12.899222326086994,4.736198448394496
750000.0,271.0,4,Tunis,House,13.527829818844937,5.605802066295998
260000.0,150.0,3,Tunis,Appart,12.468440756144114,5.017279836814924
265000.0,64.0,1,Tunis,Appart,12.487488878546145,4.174387269895637
250000.0,100.0,2,Nabeul,Appart,12.429220196836383,4.61512051684126
145000.0,100.0,3,Monastir,Appart,11.884495917930655,4.61512051684126
288000.0,228.0,4,Sousse,House,12.570719231334277,5.43372200355424
400000.0,274.0,3,Ariana,House,12.899222326086994,5.616771097666572
235000.0,69.0,1,Sousse,Appart,12.367345048436391,4.248495242049359
236000.0,60.0,1,Nabeul,Appart,12.371591321286905,4.110873864173311
320000.0,90.0,1,Nabeul,Appart,12.676079399771027,4.51085950651685
800000.0,400.0,6,Ariana,House,13.592368256649284,5.993961427306569
250000.0,75.0,2,Nabeul,Appart,12.429220196836383,4.330733340286331
580000.0,159.0,3,Tunis,Appart,13.270785106659046,5.075173815233827
260000.0,320.0,6,Sousse,House,12.468440756144114,5.771441123130016
2900000.0,600.0,4,Tunis,House,14.88022163978423,6.398594934535208
780000.0,275.0,4,Nabeul,House,13.567050480716235,5.62040086571715
179000.0,40.0,1,Sousse,Appart,12.095146671399466,3.713572066704308
450000.0,80.0,2,Mednine,House,13.017005083966255,4.394449154672439
695000.0,550.0,3,Nabeul,House,13.451668563394815,6.311734809152915
920000.0,500.0,4,Nabeul,House,13.732130035981154,6.2166061010848646
440000.0,110.0,2,Sousse,Appart,12.994532278619134,4.709530201312334
420000.0,130.0,4,Tunis,Appart,12.948012371209098,4.875197323201151
850000.0,700.0,5,Nabeul,House,13.652992804936396,6.55250788703459
1850000.0,375.0,5,Tunis,House,14.430696737594902,5.929589143389895
250000.0,88.0,1,Tunis,Appart,12.429220196836383,4.48863636973214
505000.0,121.0,2,Tunis,Appart,13.132315688453556,4.804021044733257
220000.0,75.0,2,Tunis,Appart,12.301387370778713,4.330733340286331
1100000.0,500.0,4,Ariana,House,13.910821646859095,6.2166061010848646
420000.0,250.0,3,Nabeul,House,12.948012371209098,5.5254529391317835
195000.0,95.0,2,Nabeul,Appart,12.180759965737863,4.564348191467836
425000.0,280.0,5,Sousse,Appart,12.959846800844963,5.638354669333745
325000.0,80.0,1,Nabeul,Appart,12.691583538230217,4.394449154672439
720000.0,120.0,5,Tunis,House,13.487007879880162,4.795790545596741
1450000.0,190.0,3,Ariana,House,14.187074804051692,5.25227342804663
449000.0,160.0,3,Sousse,Appart,13.014780393893403,5.081404364984463
175000.0,67.0,1,Tunis,Appart,12.07254696717504,4.219507705176107
250000.0,156.0,3,Ariana,Appart,12.429220196836383,5.056245805348308
392000.0,140.0,2,Ariana,Appart,12.879019669789754,4.948759890378168
1100000.0,347.0,4,Nabeul,House,13.910821646859095,5.8522024797744745
1300000.0,208.0,3,Tunis,Appart,14.077875591662238,5.342334251964811
770000.0,255.0,8,Ariana,House,13.554147092530322,5.545177444479562
245000.0,105.0,2,Ariana,Appart,12.409017571151187,4.663439094112067
450000.0,190.0,3,Nabeul,House,13.017005083966255,5.25227342804663
350000.0,60.0,1,Tunis,Appart,12.765691290604371,4.110873864173311
1350000.0,368.0,3,Tunis,House,14.115615891155079,5.910796644040527
1150000.0,480.0,5,Ariana,House,13.955273369904273,6.175867270105761
750000.0,210.0,3,Ariana,House,13.527829818844937,5.351858133476067
250000.0,78.0,2,Ben Arous,Appart,12.429220196836383,4.3694478524670215
850000.0,536.0,5,Nabeul,House,13.652992804936396,6.285998094508865
390000.0,178.0,3,Ariana,Appart,12.873904582205107,5.187385805840755
600000.0,486.0,3,Ariana,House,13.304686600863562,6.18826412308259
320000.0,76.0,2,Ariana,Appart,12.676079399771027,4.343805421853684
1700000.0,180.0,2,Tunis,House,14.346139397261565,5.198497031265826
460000.0,304.0,3,Ariana,Appart,13.038983942375959,5.720311776607412
14000.0,450.0,3,Tunis,House,9.546884034617925,6.111467339502679
680000.0,380.0,8,Tunis,House,13.429849547739444,5.942799375126701
300000.0,88.0,1,Sousse,Appart,12.611541086966115,4.48863636973214
450000.0,200.0,3,Nabeul,House,13.017005083966255,5.303304908059076
430000.0,107.0,2,Ariana,Appart,12.971542813248437,4.68213122712422
340000.0,102.0,2,Nabeul,Appart,12.73670383776449,4.634728988229636
500000.0,90.0,2,Tunis,Appart,13.122365377402328,4.51085950651685
650000.0,170.0,3,Tunis,Appart,13.384729180332174,5.14166355650266
260000.0,125.0,3,Ariana,Appart,12.468440756144114,4.836281906951478
2550000.0,830.0,6,Sousse,House,14.751604309291395,6.7226297948554485
1500000.0,320.0,4,Sousse,House,14.220976332738882,5.771441123130016
1900000.0,500.0,4,Ariana,Appart,14.45736497045232,6.2166061010848646
1750000.0,404.0,5,Tunis,House,14.375126917328105,6.003887067106539
580000.0,156.0,4,Tunis,Appart,13.270785106659046,5.056245805348308
170000.0,73.0,2,Ariana,Appart,12.04355959836804,4.30406509320417
220000.0,149.0,3,Ariana,Appart,12.301387370778713,5.0106352940962555
280000.0,80.0,1,Sousse,Appart,12.54254845357358,4.394449154672439
420000.0,140.0,3,Nabeul,Appart,12.948012371209098,4.948759890378168
490000.0,299.0,3,Nabeul,House,13.102162710901053,5.703782474656201
1100000.0,400.0,8,Ariana,House,13.910821646859095,5.993961427306569
550000.0,110.0,2,Tunis,Appart,13.217675375388819,4.709530201312334
620000.0,320.0,5,Sfax,House,13.3374763699232,5.771441123130016
580000.0,230.0,2,Mahdia,Appart,13.270785106659046,5.442417710521793
490000.0,140.0,3,Sousse,Appart,13.102162710901053,4.948759890378168
250000.0,42.0,1,Nabeul,Appart,12.429220196836383,3.7612001156935624
1050000.0,450.0,8,Tunis,House,13.864301674514206,6.111467339502679
250000.0,75.0,1,Tunis,Appart,12.429220196836383,4.330733340286331
230000.0,65.0,2,Tunis,Appart,12.345838935721968,4.189654742026425
600000.0,160.0,3,Sousse,Appart,13.304686600863562,5.081404364984463
950000.0,172.0,2,Tunis,Appart,13.76421831620775,5.153291594497779
120000.0,50.0,1,Tunis,Appart,11.695255355062795,3.9318256327243257
330000.0,130.0,2,Nabeul,House,12.706850963741102,4.875197323201151
300000.0,104.0,2,Ben Arous,Appart,12.611541086966115,4.653960350157523
210000.0,70.0,1,Nabeul,Appart,12.25486757159303,4.2626798770413155
500000.0,400.0,4,Tunis,Appart,13.122365377402328,5.993961427306569
320000.0,100.0,4,Gafsa,House,12.676079399771027,4.61512051684126
390000.0,340.0,3,Mednine,House,12.873904582205107,5.831882477283517
300000.0,150.0,3,Tunis,Appart,12.611541086966115,5.017279836814924
1480000.0,535.0,6,Ariana,House,14.207553321415745,6.284134161070802
199000.0,56.0,1,Sousse,Appart,12.201065128819632,4.04305126783455
450000.0,122.0,2,Tunis,Appart,13.017005083966255,4.812184355372417
671000.0,116.0,2,Tunis,Appart,13.416525906265674,4.762173934797756
250000.0,105.0,3,Sousse,Appart,12.429220196836383,4.663439094112067
750000.0,400.0,3,Sousse,House,13.527829818844937,5.993961427306569
1850000.0,623.0,3,Ariana,House,14.430696737594902,6.436150368369428
185000.0,87.0,2,Manouba,Appart,12.128116509451258,4.477336814478207
2750000.0,720.0,4,Tunis,House,14.827111833279051,6.580639137284949
320000.0,400.0,7,Tunis,House,12.676079399771027,5.993961427306569
550000.0,110.0,2,Tunis,Appart,13.217675375388819,4.709530201312334
369000.0,110.0,2,Nabeul,Appart,12.818554633046093,4.709530201312334
1000000.0,610.0,3,Ben Arous,House,13.815511557963774,6.415096959171596
240000.0,76.0,1,Tunis,Appart,12.388398368982115,4.343805421853684
220000.0,140.0,3,Tunis,House,12.301387370778713,4.948759890378168
200000.0,350.0,6,Sousse,House,12.206077645517674,5.860786223465865
563528.0,97.0,3,Tunis,Appart,13.241974075201625,4.584967478670572
617410.0,106.0,1,Tunis,Appart,13.333290207541951,4.672828834461906
1150370.0,282.0,3,Tunis,Appart,13.95559505700809,5.645446897643238
428000.0,75.0,1,Tunis,Appart,12.966880811009803,4.330733340286331
720000.0,150.0,3,Tunis,Appart,13.487007879880162,5.017279836814924
320000.0,90.0,2,Nabeul,Appart,12.676079399771027,4.51085950651685
180000.0,70.0,1,Nabeul,Appart,12.100717685412471,4.2626798770413155
1695000.0,638.0,6,Sousse,House,14.343193888767015,6.459904454377535
245000.0,135.0,2,Ariana,Appart,12.409017571151187,4.912654885736052
428800.0,132.0,3,Mednine,House,12.968748220825562,4.890349128221754
698300.0,600.0,3,Mednine,House,13.456405520882363,6.398594934535208
798520.0,220.0,3,Mednine,House,13.590516545602592,5.3981627015177525
257800.0,168.0,3,Mednine,House,12.459943248455652,5.1298987149230735
801580.0,270.0,3,Mednine,House,13.594341306437016,5.602118820879701
496580.0,520.0,6,Mednine,House,13.115501891155114,6.255750041753367
618450.0,174.0,3,Mednine,House,13.334973243747438,5.1647859739235145
394740.0,146.0,3,Mednine,House,12.885985132617957,4.990432586778736
658000.0,186.0,3,Mednine,House,13.396961730063138,5.231108616854587
518600.0,148.0,3,Mednine,House,13.158890080353258,5.003946305945459
443200.0,123.0,2,Mednine,House,13.001778670730355,4.820281565605037
590100.0,179.0,3,Mednine,House,13.288048987671853,5.19295685089021
629711.0,235.0,3,Mednine,House,13.353017850988921,5.4638318050256105
914900.0,233.0,4,Mednine,House,13.72657114168266,5.455321115357702
867690.0,192.0,4,Mednine,House,13.673590939479316,5.262690188904886
632690.0,180.0,3,Mednine,House,13.357737430282736,5.198497031265826
408030.0,70.0,1,Tunis,Appart,12.919098430892092,4.2626798770413155
550000.0,153.0,3,Tunis,Appart,13.217675375388819,5.0369526024136295
649000.0,112.0,3,Tunis,Appart,13.38318953651709,4.727387818712341
472000.0,164.0,2,Tunis,Appart,13.064736383209516,5.10594547390058
790000.0,170.0,3,Tunis,Appart,13.579789490265188,5.14166355650266
560000.0,300.0,2,Tunis,Appart,13.235693848424024,5.707110264748875
850000.0,180.0,3,Tunis,Appart,13.652992804936396,5.198497031265826
280000.0,82.0,1,Sousse,Appart,12.54254845357358,4.418840607796598
550000.0,130.0,2,Sousse,Appart,13.217675375388819,4.875197323201151
220000.0,90.0,1,Sousse,Appart,12.301387370778713,4.51085950651685
185000.0,52.0,1,Sousse,Appart,12.128116509451258,3.970291913552122
1100000.0,318.0,5,Sousse,Appart,13.910821646859095,5.765191102784844
1100000.0,170.0,3,Tunis,Appart,13.910821646859095,5.14166355650266
900000.0,450.0,5,Nabeul,House,13.710151153416941,6.111467339502679
390000.0,172.0,2,Tunis,Appart,12.873904582205107,5.153291594497779
340000.0,167.0,3,Sfax,House,12.73670383776449,5.123963979403259
169000.0,87.0,2,Monastir,Appart,12.037659911047468,4.477336814478207
900000.0,306.0,1,Tunis,House,13.710151153416941,5.726847747587197
5500000.0,400.0,4,Nabeul,House,15.520258832020865,5.993961427306569
1200000.0,220.0,3,Zaghouan,House,13.997832948091215,5.3981627015177525
320000.0,100.0,5,Manouba,House,12.676079399771027,4.61512051684126
155000.0,105.0,2,Tunis,Appart,11.951186847493476,4.663439094112067
650000.0,156.0,6,Manouba,House,13.384729180332174,5.056245805348308
435000.0,220.0,3,Ariana,Appart,12.983103608918753,5.3981627015177525
420000.0,105.0,2,Tunis,Appart,12.948012371209098,4.663439094112067
950000.0,376.0,3,Manouba,House,13.76421831620775,5.932245187448011
1100000.0,400.0,4,Sousse,House,13.910821646859095,5.993961427306569
300000.0,147.0,3,Tunis,Appart,12.611541086966115,4.997212273764115
300000.0,210.0,2,Ariana,House,12.611541086966115,5.351858133476067
2500000.0,547.0,2,Ariana,House,14.731801689838349,6.306275286948016
1600000.0,780.0,3,Nabeul,House,14.285514812209815,6.660575149839686
234600.0,138.0,5,Sousse,Appart,12.365641477767022,4.9344739331306915
440000.0,120.0,2,Nabeul,Appart,12.994532278619134,4.795790545596741
230000.0,88.0,1,Nabeul,Appart,12.345838935721968,4.48863636973214
900000.0,440.0,3,Nabeul,House,13.710151153416941,6.089044875446846
940000.0,300.0,4,Nabeul,House,13.753636218075409,5.707110264748875
300000.0,220.0,5,Nabeul,House,12.611541086966115,5.3981627015177525
775000.0,500.0,4,Nabeul,House,13.560619598657233,6.2166061010848646
255000.0,74.0,2,Tunis,Appart,12.449022745701502,4.31748811353631
520000.0,320.0,3,Nabeul,House,13.161586013632684,5.771441123130016
180000.0,200.0,4,Ariana,Appart,12.100717685412471,5.303304908059076
218000.0,60.0,1,Tunis,Appart,12.292254928916668,4.110873864173311
545000.0,120.0,2,Tunis,Appart,13.208542908506082,4.795790545596741
1050000.0,480.0,4,Nabeul,House,13.864301674514206,6.175867270105761
560000.0,101.0,3,Nabeul,Appart,13.235693848424024,4.624972813284271
230000.0,100.0,1,Nabeul,Appart,12.345838935721968,4.61512051684126
240000.0,85.0,2,Tunis,Appart,12.388398368982115,4.454347296253507
180000.0,83.0,3,Ariana,Appart,12.100717685412471,4.430816798843313
980000.0,870.0,4,Nabeul,House,13.795308871054397,6.769641976852503
2400000.0,1000.0,5,Sousse,House,14.690979711984754,6.90875477931522
670000.0,137.0,1,Tunis,Appart,13.415034483903348,4.927253685157205
399000.0,426.0,4,Nabeul,House,12.896719202134523,6.056784013228625
135000.0,60.0,2,Tunis,Appart,11.813037464800539,4.110873864173311
999999.0,100.0,2,Tunis,Appart,13.815510557964274,4.61512051684126
370000.0,165.0,4,Sousse,House,12.821260987319457,5.111987788356544
1500000.0,375.0,4,Ariana,House,14.220976332738882,5.929589143389895
254000.0,64.0,1,Tunis,Appart,12.445093483000798,4.174387269895637
330000.0,129.0,2,Ariana,Appart,12.706850963741102,4.867534450455582
190000.0,100.0,4,Tunis,House,12.154784614286667,4.61512051684126
215000.0,139.0,4,Tunis,House,12.278397958261774,4.941642422609304
3200000.0,500.0,5,Sousse,House,14.978661680269907,6.2166061010848646
220000.0,50.0,1,Ariana,Appart,12.301387370778713,3.9318256327243257
600000.0,110.0,2,Tunis,Appart,13.304686600863562,4.709530201312334
1300000.0,180.0,3,Tunis,Appart,14.077875591662238,5.198497031265826
210000.0,71.0,2,Ariana,Appart,12.25486757159303,4.276666119016055
670000.0,500.0,3,Mednine,House,13.415034483903348,6.2166061010848646
316250.0,115.0,2,Ariana,Appart,12.664291481074203,4.7535901911063645
220000.0,80.0,2,Tunis,Appart,12.301387370778713,4.394449154672439
310000.0,103.0,3,Sousse,Appart,12.644330802262578,4.6443908991413725
1126000.0,170.0,3,Tunis,Appart,13.934182975780846,5.14166355650266
370000.0,142.0,2,Ariana,Appart,12.821260987319457,4.962844630259907
850000.0,200.0,3,Nabeul,House,13.652992804936396,5.303304908059076
297000.0,119.0,2,Tunis,Appart,12.601490784782536,4.787491742782046
1300000.0,580.0,9,Ariana,House,14.077875591662238,6.364750756851911
700000.0,211.0,5,Tunis,Appart,13.45883704259595,5.356586274672012
195000.0,55.0,1,Tunis,Appart,12.180759965737863,4.02535169073515
1450000.0,495.0,4,Tunis,House,14.187074804051692,6.206575926724928
420000.0,70.0,1,Tunis,Appart,12.948012371209098,4.2626798770413155
190000.0,80.0,2,Nabeul,Appart,12.154784614286667,4.394449154672439
1150000.0,550.0,4,Nabeul,House,13.955273369904273,6.311734809152915
400000.0,213.0,3,Tunis,House,12.899222326086994,5.365976015021851
245000.0,180.0,2,Tunis,House,12.409017571151187,5.198497031265826
220000.0,91.0,2,Ben Arous,Appart,12.301387370778713,4.5217885770490405
750000.0,180.0,3,Sousse,Appart,13.527829818844937,5.198497031265826
370000.0,107.0,2,Sousse,Appart,12.821260987319457,4.68213122712422
910000.0,180.0,3,Tunis,Appart,13.721200977393528,5.198497031265826
1300000.0,292.0,3,Tunis,House,14.077875591662238,5.680172609017068
280000.0,80.0,2,Tunis,Appart,12.54254845357358,4.394449154672439
477000.0,111.0,2,Tunis,Appart,13.07527386630434,4.718498871295094
470000.0,85.0,2,Tunis,Appart,13.060490101343552,4.454347296253507
340000.0,132.0,3,Ariana,Appart,12.73670383776449,4.890349128221754
498000.0,162.0,3,Ariana,Appart,13.118357364036902,5.093750200806762
430000.0,180.0,4,Sousse,House,12.971542813248437,5.198497031265826
320000.0,117.0,2,Sousse,Appart,12.676079399771027,4.770684624465665
317600.0,100.0,1,Nabeul,Appart,12.66855115696477,4.61512051684126
648000.0,410.0,5,Ben Arous,House,13.381647518543097,6.018593214496234
430000.0,141.0,3,Tunis,House,12.971542813248437,4.955827057601261
105000.0,75.0,2,Monastir,Appart,11.561725152903833,4.330733340286331
800000.0,400.0,4,Ariana,Appart,13.592368256649284,5.993961427306569
3300000.0,1200.0,5,Tunis,House,15.009433329466965,7.0909098220799835
1234570.0,550.0,7,Tunis,House,14.026234099276776,6.311734809152915
920000.0,150.0,4,Tunis,Appart,13.732130035981154,5.017279836814924
795000.0,150.0,2,Tunis,Appart,13.586098651497313,5.017279836814924
530000.0,155.0,4,Ariana,Appart,13.180634172318978,5.049856007249537
530000.0,210.0,6,Tunis,House,13.180634172318978,5.351858133476067
620000.0,178.0,4,Nabeul,Appart,13.3374763699232,5.187385805840755
2000000.0,802.0,3,Tunis,House,14.508658238524095,6.688354713946762
400000.0,125.0,3,Ariana,House,12.899222326086994,4.836281906951478
750000.0,99.0,4,Tunis,Appart,13.527829818844937,4.605170185988092
650000.0,180.0,3,Tunis,Appart,13.384729180332174,5.198497031265826
1700000.0,500.0,5,Tunis,House,14.346139397261565,6.2166061010848646
950000.0,400.0,5,Ben Arous,House,13.76421831620775,5.993961427306569
460000.0,167.0,3,Sousse,Appart,13.038983942375959,5.123963979403259
650000.0,995.0,4,Nabeul,House,13.384729180332174,6.903747257584598
595000.0,161.0,3,Sousse,Appart,13.296318365198623,5.087596335232384
515000.0,170.0,3,Tunis,Appart,13.151924121391561,5.14166355650266
1880000.0,600.0,6,Tunis,House,14.446782866720884,6.398594934535208
250800.0,66.0,1,Nabeul,Appart,12.432415074973783,4.204692619390966
575000.0,500.0,3,Monastir,House,13.26212705890841,6.2166061010848646
395000.0,70.0,1,Tunis,Appart,12.886643575525625,4.2626798770413155
1580000.0,561.0,9,Ben Arous,House,14.272936037914342,6.331501849893691
380000.0,200.0,2,Tunis,Appart,12.847929163278053,5.303304908059076
140000.0,60.0,2,Sousse,Appart,11.849404844423074,4.110873864173311
3605000.0,1200.0,6,Sousse,Appart,15.09783260609366,7.0909098220799835
330000.0,73.0,1,Sousse,Appart,12.706850963741102,4.30406509320417
190000.0,96.0,2,Ariana,Appart,12.154784614286667,4.574710978503383
980000.0,175.0,3,Tunis,Appart,13.795308871054397,5.170483995038151
395000.0,80.0,1,Nabeul,Appart,12.886643575525625,4.394449154672439
1980000.0,384.0,7,Sousse,House,14.498607907721096,5.953243334287785
3300000.0,400.0,6,Tunis,House,15.009433329466965,5.993961427306569
420000.0,75.0,1,Nabeul,Appart,12.948012371209098,4.330733340286331
690000.0,303.0,3,Nabeul,House,13.444448325847754,5.717027701406222
920000.0,650.0,7,Ben Arous,House,13.732130035981154,6.478509642208569
280000.0,140.0,2,Nabeul,Appart,12.54254845357358,4.948759890378168
820000.0,337.0,4,Nabeul,House,13.617060838751888,5.823045895483019
280000.0,132.0,2,Ben Arous,Appart,12.54254845357358,4.890349128221754
229000.0,64.0,1,Nabeul,Appart,12.34148164933907,4.174387269895637
315000.0,98.0,2,Nabeul,Appart,12.660331092405906,4.59511985013459
750000.0,150.0,3,Ariana,House,13.527829818844937,5.017279836814924
900000.0,500.0,4,Nabeul,House,13.710151153416941,6.2166061010848646
300000.0,190.0,3,Ben Arous,Appart,12.611541086966115,5.25227342804663
1470000.0,316.0,4,Tunis,House,14.200773639026796,5.75890177387728
2700000.0,174.0,5,Tunis,House,14.80876270134486,5.1647859739235145
1030000.0,550.0,5,Nabeul,House,13.845070331079134,6.311734809152915
700000.0,220.0,5,Ariana,House,13.45883704259595,5.3981627015177525
257000.0,62.0,1,Nabeul,Appart,12.456835254920371,4.143134726391533
200000.0,56.0,1,Sousse,Appart,12.206077645517674,4.04305126783455
190000.0,36.0,1,Sousse,Appart,12.154784614286667,3.6109179126442243
440000.0,167.0,4,Sousse,Appart,12.994532278619134,5.123963979403259
730000.0,600.0,2,Ben Arous,House,13.500801182986649,6.398594934535208
950000.0,360.0,6,Nabeul,House,13.76421831620775,5.8888779583328805
375000.0,57.0,1,Tunis,Appart,12.834683971615659,4.060443010546419
900000.0,133.0,3,Tunis,Appart,13.710151153416941,4.897839799950911
715000.0,117.0,2,Tunis,Appart,13.480039220276565,4.770684624465665
320000.0,96.0,2,Sousse,Appart,12.676079399771027,4.574710978503383
400000.0,100.0,2,Sousse,Appart,12.899222326086994,4.61512051684126
530000.0,280.0,3,Nabeul,House,13.180634172318978,5.638354669333745
650000.0,714.0,5,Sfax,House,13.384729180332174,6.5722825426940075
520000.0,140.0,2,Tunis,Appart,13.161586013632684,4.948759890378168
255000.0,97.0,2,Tunis,Appart,12.449022745701502,4.584967478670572
1350000.0,347.0,4,Nabeul,House,14.115615891155079,5.8522024797744745
850000.0,325.0,4,Nabeul,House,13.652992804936396,5.786897381366708
360000.0,113.0,3,Nabeul,Appart,12.793862088206213,4.736198448394496
295000.0,91.0,2,Sousse,Appart,12.59473402514672,4.5217885770490405
270000.0,90.0,2,Ben Arous,Appart,12.506180941677357,4.51085950651685
1600000.0,467.0,8,Ariana,House,14.285514812209815,6.148468295917647
250000.0,58.0,1,Sousse,Appart,12.429220196836383,4.07753744390572
1190000.0,1000.0,5,Nabeul,House,13.989464705423494,6.90875477931522
490000.0,119.0,2,Nabeul,Appart,13.102162710901053,4.787491742782046
215000.0,115.0,3,Tunis,Appart,12.278397958261774,4.7535901911063645
218000.0,80.0,2,Ariana,Appart,12.292254928916668,4.394449154672439
420000.0,145.0,3,Tunis,Appart,12.948012371209098,4.983606621708336
265000.0,100.0,2,Nabeul,Appart,12.487488878546145,4.61512051684126
390000.0,65.0,2,Nabeul,Appart,12.873904582205107,4.189654742026425
400000.0,230.0,3,Tunis,House,12.899222326086994,5.442417710521793
800000.0,320.0,5,Tunis,House,13.592368256649284,5.771441123130016
1280000.0,440.0,4,Ariana,House,14.062371417145494,6.089044875446846
190000.0,60.0,1,Tunis,Appart,12.154784614286667,4.110873864173311
1250000.0,420.0,4,Nabeul,House,14.038654909278163,6.042632833682381
767000.0,155.0,3,Tunis,Appart,13.550243384129509,5.049856007249537
175000.0,47.0,1,Tunis,Appart,12.07254696717504,3.871201010907891
1400000.0,240.0,3,Tunis,House,14.151983508870947,5.484796933490655
780000.0,240.0,4,Nabeul,House,13.567050480716235,5.484796933490655
285000.0,53.0,1,Ariana,Appart,12.560247968016562,3.9889840465642745
280000.0,70.0,1,Nabeul,Appart,12.54254845357358,4.2626798770413155
600000.0,239.0,2,Ariana,House,13.304686600863562,5.480638923341991
920000.0,320.0,5,Manouba,House,13.732130035981154,5.771441123130016
290000.0,148.0,2,Ariana,House,12.577639650232573,5.003946305945459
595000.0,200.0,4,Tunis,House,13.296318365198623,5.303304908059076
320000.0,140.0,3,Tunis,Appart,12.676079399771027,4.948759890378168
425000.0,123.0,2,Tunis,Appart,12.959846800844963,4.820281565605037
450000.0,115.0,2,Nabeul,Appart,13.017005083966255,4.7535901911063645
487000.0,174.0,3,Ariana,Appart,13.096021455450709,5.1647859739235145
450000.0,146.0,3,Ariana,Appart,13.017005083966255,4.990432586778736
270000.0,75.0,1,Nabeul,Appart,12.506180941677357,4.330733340286331
590000.0,235.0,4,Nabeul,House,13.28787951079572,5.4638318050256105
440000.0,97.0,2,Nabeul,Appart,12.994532278619134,4.584967478670572
550000.0,360.0,6,Manouba,House,13.217675375388819,5.8888779583328805
460000.0,98.0,2,Nabeul,Appart,13.038983942375959,4.59511985013459
450000.0,335.0,3,Nabeul,House,13.017005083966255,5.817111159963204
850000.0,170.0,4,Tunis,Appart,13.652992804936396,5.14166355650266
265000.0,85.0,3,Tunis,Appart,12.487488878546145,4.454347296253507
320000.0,77.0,1,Nabeul,Appart,12.676079399771027,4.356708826689592
470000.0,190.0,2,Nabeul,Appart,13.060490101343552,5.25227342804663
125000.0,300.0,4,Sfax,House,11.736077016252437,5.707110264748875
750000.0,473.0,6,Sousse,House,13.527829818844937,6.161207321695077
265000.0,64.0,1,Nabeul,Appart,12.487488878546145,4.174387269895637
135000.0,93.0,2,Ben Arous,Appart,11.813037464800539,4.543294782270004
400000.0,230.0,5,Tunis,House,12.899222326086994,5.442417710521793
1341000.0,175.0,3,Tunis,Appart,14.108926907975693,5.170483995038151
1350000.0,622.0,8,Ariana,House,14.115615891155079,6.434546518787453
640000.0,118.0,2,Monastir,Appart,13.369225017834633,4.77912349311153
590000.0,134.0,2,Ariana,Appart,13.28787951079572,4.90527477843843
980000.0,350.0,6,Tunis,House,13.795308871054397,5.860786223465865
159000.0,93.0,2,Manouba,Appart,11.976665770490767,4.543294782270004
200000.0,65.0,1,Tunis,Appart,12.206077645517674,4.189654742026425
985000.0,490.0,4,Ariana,House,13.800397935382136,6.19644412779452
2500000.0,573.0,6,Tunis,House,14.731801689838349,6.352629396319567
950000.0,168.0,3,Tunis,Appart,13.76421831620775,5.1298987149230735
4200000.0,625.0,5,Tunis,House,15.250595321348806,6.439350371100098
108000.0,76.0,1,Nabeul,House,11.58989576532275,4.343805421853684
220000.0,120.0,3,Ben Arous,Appart,12.301387370778713,4.795790545596741
372000.0,140.0,2,Sousse,Appart,12.826651821423713,4.948759890378168
225000.0,65.0,1,Sousse,Appart,12.323860125621126,4.189654742026425
1390000.0,609.0,6,Sousse,House,14.144815024531075,6.413458957167357
255000.0,120.0,2,Sousse,Appart,12.449022745701502,4.795790545596741
420000.0,187.0,3,Sousse,Appart,12.948012371209098,5.236441962829949
120000.0,60.0,1,Sousse,Appart,11.695255355062795,4.110873864173311
350000.0,176.0,3,Sousse,Appart,12.765691290604371,5.176149732573829
340000.0,96.0,2,Sousse,Appart,12.73670383776449,4.574710978503383
190000.0,81.0,2,Ariana,Appart,12.154784614286667,4.406719247264253
650000.0,155.0,2,Sousse,Appart,13.384729180332174,5.049856007249537
1230000.0,277.0,4,Tunis,House,14.0225255403564,5.627621113690637
620000.0,140.0,3,Tunis,House,13.3374763699232,4.948759890378168
850000.0,120.0,2,Ariana,House,13.652992804936396,4.795790545596741
800000.0,350.0,4,Nabeul,House,13.592368256649284,5.860786223465865
650000.0,190.0,2,Nabeul,Appart,13.384729180332174,5.25227342804663
140000.0,107.0,2,Tunis,Appart,11.849404844423074,4.68213122712422
340000.0,80.0,2,Ariana,Appart,12.73670383776449,4.394449154672439
1400000.0,350.0,4,Nabeul,House,14.151983508870947,5.860786223465865
650000.0,625.0,3,Nabeul,House,13.384729180332174,6.439350371100098
920000.0,310.0,4,Nabeul,House,13.732130035981154,5.739792912179234
247000.0,75.0,1,Nabeul,Appart,12.417147664184915,4.330733340286331
770000.0,280.0,4,Nabeul,House,13.554147092530322,5.638354669333745
320000.0,95.0,2,Nabeul,Appart,12.676079399771027,4.564348191467836
320500.0,51.0,1,Tunis,Appart,12.677640675462799,3.9512437185814275
270000.0,105.0,2,Ben Arous,Appart,12.506180941677357,4.663439094112067
650000.0,200.0,6,Ben Arous,House,13.384729180332174,5.303304908059076
450000.0,250.0,3,Ben Arous,House,13.017005083966255,5.5254529391317835
420000.0,100.0,2,Nabeul,Appart,12.948012371209098,4.61512051684126
290000.0,72.0,2,Sousse,Appart,12.577639650232573,4.290459441148391
590000.0,158.0,3,Tunis,Appart,13.28787951079572,5.0689042022202315
255000.0,141.0,3,Tunis,Appart,12.449022745701502,4.955827057601261
1200000.0,200.0,2,Tunis,House,13.997832948091215,5.303304908059076
285000.0,280.0,4,Sousse,Appart,12.560247968016562,5.638354669333745
920000.0,530.0,7,Sousse,House,13.732130035981154,6.274762021241939
600000.0,180.0,3,Mednine,House,13.304686600863562,5.198497031265826
130000.0,300.0,3,Mednine,House,11.775297421715827,5.707110264748875
920000.0,300.0,4,Ben Arous,House,13.732130035981154,5.707110264748875
220000.0,93.0,2,Nabeul,Appart,12.301387370778713,4.543294782270004
780000.0,300.0,5,Nabeul,House,13.567050480716235,5.707110264748875
180000.0,89.0,2,Nabeul,Appart,12.100717685412471,4.499809670330265
270000.0,78.0,1,Nabeul,Appart,12.506180941677357,4.3694478524670215
450000.0,50.0,2,Nabeul,House,13.017005083966255,3.9318256327243257
850000.0,380.0,3,Nabeul,House,13.652992804936396,5.942799375126701
1500000.0,480.0,4,Nabeul,House,14.220976332738882,6.175867270105761
320000.0,98.0,2,Nabeul,Appart,12.676079399771027,4.59511985013459
1000000.0,1600.0,5,Nabeul,House,13.815511557963774,7.3783837129967145
1250000.0,1000.0,4,Nabeul,House,14.038654909278163,6.90875477931522
300000.0,120.0,3,Tunis,House,12.611541086966115,4.795790545596741
345000.0,144.0,3,Ariana,Appart,12.75130259456002,4.976733742420574
850000.0,1130.0,3,Nabeul,House,13.652992804936396,7.030857476116121
750000.0,283.0,4,Nabeul,House,13.527829818844937,5.648974238161206
350000.0,125.0,3,Ben Arous,Appart,12.765691290604371,4.836281906951478
395000.0,162.0,2,Ariana,Appart,12.886643575525625,5.093750200806762
195000.0,85.0,3,Tunis,Appart,12.180759965737863,4.454347296253507
580000.0,120.0,7,Sousse,Appart,13.270785106659046,4.795790545596741
120000.0,55.0,2,Tunis,Appart,11.695255355062795,4.02535169073515
355000.0,110.0,2,Tunis,Appart,12.779875885354993,4.709530201312334
890000.0,160.0,2,Ariana,House,13.698977865303197,5.081404364984463
520000.0,120.0,2,Tunis,Appart,13.161586013632684,4.795790545596741
900000.0,200.0,4,Tunis,Appart,13.710151153416941,5.303304908059076
1250000.0,420.0,3,Nabeul,House,14.038654909278163,6.042632833682381
280000.0,68.0,2,Manouba,Appart,12.54254845357358,4.23410650459726
390000.0,75.0,1,Tunis,Appart,12.873904582205107,4.330733340286331
750000.0,210.0,4,Nabeul,House,13.527829818844937,5.351858133476067
430000.0,156.0,2,Tunis,Appart,12.971542813248437,5.056245805348308
1650000.0,280.0,3,Tunis,Appart,14.316286451937186,5.638354669333745
980000.0,870.0,4,Nabeul,House,13.795308871054397,6.769641976852503
430000.0,170.0,2,Ariana,Appart,12.971542813248437,5.14166355650266
1190000.0,300.0,3,Ariana,House,13.989464705423494,5.707110264748875
212000.0,101.0,2,Tunis,House,12.264346270624157,4.624972813284271
350000.0,135.0,3,Tunis,Appart,12.765691290604371,4.912654885736052
1100000.0,192.0,4,Ariana,Appart,13.910821646859095,5.262690188904886
440000.0,120.0,3,Ariana,House,12.994532278619134,4.795790545596741
595000.0,140.0,3,Nabeul,Appart,13.296318365198623,4.948759890378168
270000.0,90.0,2,Sousse,Appart,12.506180941677357,4.51085950651685
1000000.0,1070.0,4,Ariana,House,13.815511557963774,6.976348070447749
285000.0,70.0,2,Nabeul,Appart,12.560247968016562,4.2626798770413155
650000.0,130.0,1,Tunis,House,13.384729180332174,4.875197323201151
286000.0,46.0,1,Nabeul,Appart,12.563750586299374,3.8501476017100584
750000.0,300.0,6,Ariana,House,13.527829818844937,5.707110264748875
432000.0,73.0,2,Nabeul,Appart,12.976183182038383,4.30406509320417
707000.0,131.0,3,Nabeul,Appart,13.468787359304866,4.882801922586371
540000.0,300.0,2,Nabeul,House,13.199326270390594,5.707110264748875
875000.0,142.0,2,Tunis,Appart,13.681980308196241,4.962844630259907
875000.0,260.0,4,Nabeul,House,13.681980308196241,5.564520407322694
1400000.0,240.0,3,Tunis,House,14.151983508870947,5.484796933490655
590000.0,143.0,3,Tunis,Appart,13.28787951079572,4.969813299576001
3000000.0,1135.0,6,Tunis,House,14.914123179965662,7.035268599281097
300000.0,158.0,5,Tunis,Appart,12.611541086966115,5.0689042022202315
160000.0,60.0,1,Sousse,Appart,11.982935344196433,4.110873864173311
671700.0,142.0,2,Tunis,Appart,13.417568580013711,4.962844630259907
1900000.0,450.0,6,Ariana,House,14.45736497045232,6.111467339502679
368000.0,46.0,1,Ariana,Appart,12.81584093453868,3.8501476017100584
420000.0,71.0,2,Nabeul,Appart,12.948012371209098,4.276666119016055
245000.0,65.0,1,Nabeul,Appart,12.409017571151187,4.189654742026425
184000.0,55.0,1,Ariana,Appart,12.122696471358964,4.02535169073515
210000.0,45.0,1,Nabeul,Appart,12.25486757159303,3.828641396489095
265000.0,120.0,2,Tunis,Appart,12.487488878546145,4.795790545596741
1450000.0,307.0,3,Tunis,House,14.187074804051692,5.730099782973574
218000.0,83.0,3,Tunis,House,12.292254928916668,4.430816798843313
250000.0,100.0,4,Tunis,House,12.429220196836383,4.61512051684126
250000.0,80.0,3,Ariana,Appart,12.429220196836383,4.394449154672439
288000.0,78.0,1,Tunis,Appart,12.570719231334277,4.3694478524670215
487000.0,155.0,3,Nabeul,Appart,13.096021455450709,5.049856007249537
3000000.0,565.0,6,Tunis,House,14.914123179965662,6.338594078203183
107250.0,65.0,1,Tunis,Appart,11.58292716075612,4.189654742026425
930000.0,208.0,4,Tunis,Appart,13.742940940397677,5.342334251964811
750000.0,111.0,3,Tunis,House,13.527829818844937,4.718498871295094
140000.0,52.0,1,Tunis,Appart,11.849404844423074,3.970291913552122
380000.0,91.0,2,Nabeul,Appart,12.847929163278053,4.5217885770490405
88000.0,70.0,2,Tunis,Appart,11.385103457032141,4.2626798770413155
420000.0,335.0,5,Nabeul,House,12.948012371209098,5.817111159963204
285000.0,75.0,1,Nabeul,Appart,12.560247968016562,4.330733340286331
450000.0,101.0,3,Tunis,House,13.017005083966255,4.624972813284271
860000.0,160.0,3,Tunis,Appart,13.664688831019712,5.081404364984463
360000.0,88.0,3,Nabeul,Appart,12.793862088206213,4.48863636973214
3800000.0,440.0,4,Tunis,House,15.150511887854474,6.089044875446846
290000.0,105.0,2,Nabeul,Appart,12.577639650232573,4.663439094112067
300000.0,110.0,2,Nabeul,Appart,12.611541086966115,4.709530201312334
560000.0,160.0,2,Sousse,Appart,13.235693848424024,5.081404364984463
4000000.0,264.0,8,Tunis,Appart,15.201805169084134,5.579729825986222
360000.0,86.0,2,Tunis,Appart,12.793862088206213,4.465908118654584
320000.0,113.0,2,Sousse,Appart,12.676079399771027,4.736198448394496
420000.0,137.0,5,Tunis,House,12.948012371209098,4.927253685157205
840000.0,700.0,3,Nabeul,House,13.641158361294979,6.55250788703459
1050000.0,224.0,3,Tunis,Appart,13.864301674514206,5.41610040220442
330000.0,79.0,2,Tunis,Appart,12.706850963741102,4.382026634673881
1700000.0,259.0,3,Tunis,Appart,14.346139397261565,5.560681631015528
435000.0,90.0,2,Tunis,Appart,12.983103608918753,4.51085950651685
475000.0,98.0,2,Tunis,Appart,13.07107218827772,4.59511985013459
320000.0,103.0,2,Manouba,Appart,12.676079399771027,4.6443908991413725
1850000.0,158.0,3,Tunis,Appart,14.430696737594902,5.0689042022202315
285000.0,135.0,3,Mahdia,Appart,12.560247968016562,4.912654885736052
750000.0,415.0,4,Nabeul,House,13.527829818844937,6.030685260261263
660000.0,181.0,4,Ariana,Appart,13.399996629152975,5.204006687076795
190000.0,90.0,3,Tunis,Appart,12.154784614286667,4.51085950651685
210000.0,88.0,2,Ariana,Appart,12.25486757159303,4.48863636973214
299000.0,75.0,2,Tunis,Appart,12.608202196848836,4.330733340286331
235000.0,70.0,1,Tunis,Appart,12.367345048436391,4.2626798770413155
270000.0,123.0,2,Sousse,House,12.506180941677357,4.820281565605037
625000.0,260.0,3,Sousse,House,13.345508528717259,5.564520407322694
350000.0,100.0,2,Tunis,Appart,12.765691290604371,4.61512051684126
295000.0,97.0,2,Tunis,Appart,12.59473402514672,4.584967478670572
350000.0,108.0,2,Tunis,Appart,12.765691290604371,4.6913478822291435
1700000.0,480.0,6,Tunis,House,14.346139397261565,6.175867270105761
420000.0,150.0,3,Ariana,Appart,12.948012371209098,5.017279836814924
560000.0,160.0,3,Tunis,Appart,13.235693848424024,5.081404364984463
215000.0,49.0,1,Nabeul,Appart,12.278397958261774,3.912023005428146
950000.0,580.0,7,Tunis,House,13.76421831620775,6.364750756851911
130000.0,50.0,2,Tunis,Appart,11.775297421715827,3.9318256327243257
600000.0,192.0,2,Nabeul,House,13.304686600863562,5.262690188904886
500000.0,160.0,3,Tunis,Appart,13.122365377402328,5.081404364984463
1800000.0,440.0,6,Ariana,House,14.403297778421795,6.089044875446846
160000.0,90.0,3,Ben Arous,Appart,11.982935344196433,4.51085950651685
395000.0,145.0,2,Ariana,Appart,12.886643575525625,4.983606621708336
1100000.0,220.0,3,Tunis,Appart,13.910821646859095,5.3981627015177525
790000.0,500.0,3,Nabeul,House,13.579789490265188,6.2166061010848646
590000.0,236.0,3,Nabeul,Appart,13.28787951079572,5.4680601411351315
218000.0,80.0,2,Tunis,Appart,12.292254928916668,4.394449154672439
350000.0,48.0,1,Sousse,Appart,12.765691290604371,3.8918202981106265
590000.0,128.0,2,Sousse,Appart,13.28787951079572,4.859812404361672
1550000.0,450.0,4,Sousse,House,14.253766134056512,6.111467339502679
280000.0,83.0,2,Ariana,Appart,12.54254845357358,4.430816798843313
890000.0,320.0,4,Nabeul,House,13.698977865303197,5.771441123130016
395000.0,77.0,2,Nabeul,Appart,12.886643575525625,4.356708826689592
980000.0,200.0,2,Tunis,House,13.795308871054397,5.303304908059076
350000.0,101.0,2,Nabeul,Appart,12.765691290604371,4.624972813284271
120000.0,90.0,3,Ben Arous,Appart,11.695255355062795,4.51085950651685
1800000.0,273.0,4,Tunis,House,14.403297778421795,5.6131281063880705
129000.0,120.0,3,Tunis,House,11.767575435251748,4.795790545596741
420000.0,155.0,4,Nabeul,House,12.948012371209098,5.049856007249537
190000.0,91.0,2,Nabeul,Appart,12.154784614286667,4.5217885770490405
390000.0,70.0,1,Monastir,Appart,12.873904582205107,4.2626798770413155
230000.0,56.0,1,Nabeul,Appart,12.345838935721968,4.04305126783455
320000.0,100.0,3,Tunis,Appart,12.676079399771027,4.61512051684126
570000.0,92.0,2,Tunis,Appart,13.25339339419516,4.532599493153256
450000.0,150.0,2,Tunis,Appart,13.017005083966255,5.017279836814924
1150000.0,220.0,3,Tunis,House,13.955273369904273,5.3981627015177525
1570000.0,300.0,4,Tunis,House,14.266586814266963,5.707110264748875
400000.0,110.0,2,Nabeul,Appart,12.899222326086994,4.709530201312334
750000.0,350.0,4,Nabeul,House,13.527829818844937,5.860786223465865
285000.0,110.0,3,Ben Arous,Appart,12.560247968016562,4.709530201312334
1200000.0,770.0,5,Ariana,House,13.997832948091215,6.647688373563329
750000.0,180.0,3,Tunis,Appart,13.527829818844937,5.198497031265826
240000.0,100.0,2,Ariana,Appart,12.388398368982115,4.61512051684126
235000.0,68.0,1,Nabeul,Appart,12.367345048436391,4.23410650459726
360500.0,147.0,3,Sousse,Appart,12.795250009628397,4.997212273764115
1100000.0,300.0,4,Sousse,Appart,13.910821646859095,5.707110264748875
520000.0,190.0,3,Ariana,House,13.161586013632684,5.25227342804663
1750000.0,404.0,5,Tunis,House,14.375126917328105,6.003887067106539
330000.0,160.0,2,Tunis,Appart,12.706850963741102,5.081404364984463
690000.0,243.0,5,Nabeul,House,13.444448325847754,5.497168225293202
990000.0,495.0,7,Nabeul,House,13.805461232211272,6.206575926724928
790000.0,500.0,3,Nabeul,House,13.579789490265188,6.2166061010848646
395000.0,101.0,3,Tunis,House,12.886643575525625,4.624972813284271
850000.0,100.0,2,Tunis,Appart,13.652992804936396,4.61512051684126
680000.0,125.0,2,Tunis,Appart,13.429849547739444,4.836281906951478
250000.0,130.0,3,Sousse,Appart,12.429220196836383,4.875197323201151
300000.0,99.0,2,Sousse,Appart,12.611541086966115,4.605170185988092
590000.0,349.0,4,Sousse,House,13.28787951079572,5.857933154483459
1100000.0,316.0,3,Ariana,House,13.910821646859095,5.75890177387728
130000.0,60.0,1,Nabeul,Appart,11.775297421715827,4.110873864173311
850000.0,500.0,5,Nabeul,House,13.652992804936396,6.2166061010848646
620000.0,115.0,4,Tunis,House,13.3374763699232,4.7535901911063645
1700000.0,320.0,5,Tunis,Appart,14.346139397261565,5.771441123130016
255000.0,120.0,3,Ariana,House,12.449022745701502,4.795790545596741
900000.0,473.0,4,Tunis,Appart,13.710151153416941,6.161207321695077
270000.0,85.0,2,Tunis,Appart,12.506180941677357,4.454347296253507
750000.0,2243.0,2,Nabeul,House,13.527829818844937,7.716015266642587
490000.0,145.0,3,Nabeul,Appart,13.102162710901053,4.983606621708336
1300000.0,250.0,4,Tunis,House,14.077875591662238,5.5254529391317835
2500000.0,1200.0,7,Ariana,House,14.731801689838349,7.0909098220799835
980000.0,150.0,2,Tunis,Appart,13.795308871054397,5.017279836814924
473000.0,132.0,2,Tunis,Appart,13.06685278163674,4.890349128221754
350000.0,180.0,3,Nabeul,House,12.765691290604371,5.198497031265826
1100000.0,327.0,5,Nabeul,House,13.910821646859095,5.793013608384144
550000.0,200.0,5,Sousse,Appart,13.217675375388819,5.303304908059076
260000.0,74.0,2,Sousse,Appart,12.468440756144114,4.31748811353631
180000.0,89.0,2,Nabeul,Appart,12.100717685412471,4.499809670330265
450000.0,120.0,3,Sousse,Appart,13.017005083966255,4.795790545596741
660000.0,230.0,4,Nabeul,Appart,13.399996629152975,5.442417710521793
1400000.0,460.0,5,Tunis,House,14.151983508870947,6.133398042996649
290000.0,132.0,3,Tunis,Appart,12.577639650232573,4.890349128221754
1480000.0,289.0,3,Tunis,Appart,14.207553321415745,5.66988092298052
490000.0,119.0,2,Sousse,Appart,13.102162710901053,4.787491742782046
1300000.0,480.0,4,Sousse,House,14.077875591662238,6.175867270105761
400000.0,184.0,4,Sousse,Appart,12.899222326086994,5.220355825078324
450000.0,197.0,4,Sousse,Appart,13.017005083966255,5.288267030694535
360000.0,145.0,3,Sousse,Appart,12.793862088206213,4.983606621708336
490000.0,190.0,4,Ariana,Appart,13.102162710901053,5.25227342804663
145000.0,80.0,2,Ben Arous,Appart,11.884495917930655,4.394449154672439
850000.0,400.0,4,Nabeul,House,13.652992804936396,5.993961427306569
750000.0,400.0,4,Nabeul,House,13.527829818844937,5.993961427306569
250000.0,87.0,2,Monastir,Appart,12.429220196836383,4.477336814478207
7700000.0,1200.0,9,Ariana,House,15.856731016694035,7.0909098220799835
480000.0,160.0,3,Nabeul,Appart,13.081543466215237,5.081404364984463
360000.0,120.0,2,Nabeul,Appart,12.793862088206213,4.795790545596741
125000.0,75.0,1,Nabeul,Appart,11.736077016252437,4.330733340286331
400000.0,110.0,2,Mednine,House,12.899222326086994,4.709530201312334
310000.0,120.0,3,Mahdia,Appart,12.644330802262578,4.795790545596741
640000.0,155.0,3,Tunis,Appart,13.369225017834633,5.049856007249537
200000.0,57.0,1,Tunis,Appart,12.206077645517674,4.060443010546419
960000.0,156.0,3,Tunis,Appart,13.774689605110144,5.056245805348308
870000.0,143.0,2,Tunis,Appart,13.676249640055394,4.969813299576001
260000.0,69.0,1,Tunis,Appart,12.468440756144114,4.248495242049359
450000.0,350.0,3,Mednine,House,13.017005083966255,5.860786223465865
1200000.0,500.0,3,Nabeul,House,13.997832948091215,6.2166061010848646
670000.0,550.0,3,Nabeul,House,13.415034483903348,6.311734809152915
900000.0,385.0,6,Sousse,House,13.710151153416941,5.955837369464831
650000.0,130.0,1,Tunis,Appart,13.384729180332174,4.875197323201151
400000.0,240.0,2,Nabeul,Appart,12.899222326086994,5.484796933490655
300000.0,100.0,2,Nabeul,Appart,12.611541086966115,4.61512051684126
328000.0,57.0,1,Tunis,Appart,12.700771936142122,4.060443010546419
550000.0,168.0,3,Nabeul,Appart,13.217675375388819,5.1298987149230735
695000.0,550.0,3,Nabeul,House,13.451668563394815,6.311734809152915
240000.0,150.0,3,Tunis,Appart,12.388398368982115,5.017279836814924
450000.0,113.0,2,Nabeul,Appart,13.017005083966255,4.736198448394496
520000.0,50.0,1,Tunis,Appart,13.161586013632684,3.9318256327243257
640000.0,182.0,3,Tunis,Appart,13.369225017834633,5.209486152841421
585000.0,113.0,2,Tunis,Appart,13.279368835614243,4.736198448394496
670000.0,158.0,3,Tunis,Appart,13.415034483903348,5.0689042022202315
590000.0,200.0,6,Nabeul,House,13.28787951079572,5.303304908059076
730000.0,142.0,2,Tunis,Appart,13.500801182986649,4.962844630259907
569000.0,154.0,2,Tunis,Appart,13.251637470576167,5.043425116919247
380000.0,202.0,2,Nabeul,House,12.847929163278053,5.313205979041787
830000.0,150.0,2,Tunis,Appart,13.629182184591333,5.017279836814924
350000.0,78.0,1,Tunis,Appart,12.765691290604371,4.3694478524670215
250000.0,100.0,2,Tunis,Appart,12.429220196836383,4.61512051684126
255000.0,81.0,2,Ben Arous,Appart,12.449022745701502,4.406719247264253
655000.0,180.0,3,Nabeul,House,13.39239204133378,5.198497031265826
351000.0,101.0,2,Tunis,Appart,12.768544351446794,4.624972813284271
2200000.0,580.0,4,Tunis,Appart,14.603968372873895,6.364750756851911
480000.0,134.0,2,Ariana,Appart,13.081543466215237,4.90527477843843
795000.0,150.0,3,Tunis,Appart,13.586098651497313,5.017279836814924
105000.0,80.0,2,Tunis,Appart,11.561725152903833,4.394449154672439
380000.0,116.0,2,Nabeul,Appart,12.847929163278053,4.762173934797756
706000.0,131.0,3,Nabeul,Appart,13.467371932904971,4.882801922586371
280000.0,132.0,4,Ben Arous,Appart,12.54254845357358,4.890349128221754
370000.0,317.0,7,Manouba,House,12.821260987319457,5.762051382780177
135000.0,74.0,2,Tunis,Appart,11.813037464800539,4.31748811353631
175000.0,80.0,2,Nabeul,Appart,12.07254696717504,4.394449154672439
240000.0,150.0,2,Nabeul,Appart,12.388398368982115,5.017279836814924
620000.0,450.0,7,Ben Arous,House,13.3374763699232,6.111467339502679
950000.0,1000.0,4,Nabeul,House,13.76421831620775,6.90875477931522
280000.0,147.0,3,Ariana,Appart,12.54254845357358,4.997212273764115
570000.0,380.0,3,Tunis,House,13.25339339419516,5.942799375126701
2400000.0,450.0,4,Tunis,House,14.690979711984754,6.111467339502679
299000.0,1031.0,1,Mahdia,House,12.608202196848836,6.939253946041508
1620000.0,608.0,6,Ariana,House,14.297937324492327,6.411818267709897
1190000.0,381.0,5,Tunis,House,13.989464705423494,5.945420608606575
590000.0,363.0,3,Tunis,House,13.28787951079572,5.8971538676367405
620000.0,138.0,2,Tunis,Appart,13.3374763699232,4.9344739331306915
270000.0,72.0,2,Tunis,Appart,12.506180941677357,4.290459441148391
195000.0,110.0,4,Sfax,Appart,12.180759965737863,4.709530201312334
160000.0,70.0,1,Mednine,Appart,11.982935344196433,4.2626798770413155
1050000.0,550.0,5,Ariana,House,13.864301674514206,6.311734809152915
1400000.0,413.0,8,Sousse,House,14.151983508870947,6.025865973825314
1044000.0,177.0,3,Tunis,Appart,13.858571005278668,5.181783550292085
265000.0,100.0,2,Sousse,Appart,12.487488878546145,4.61512051684126
750000.0,221.0,3,Mednine,House,13.527829818844937,5.402677381872279
620000.0,135.0,2,Tunis,Appart,13.3374763699232,4.912654885736052
916000.0,160.0,3,Tunis,Appart,13.727772735358728,5.081404364984463
1100000.0,400.0,7,Ariana,House,13.910821646859095,5.993961427306569
1200000.0,200.0,3,Tunis,Appart,13.997832948091215,5.303304908059076
850000.0,300.0,8,Tunis,House,13.652992804936396,5.707110264748875
300000.0,100.0,3,Mahdia,Appart,12.611541086966115,4.61512051684126
410000.0,109.0,2,Nabeul,Appart,12.923914877701906,4.700480365792417
1150000.0,613.0,3,Sousse,House,13.955273369904273,6.419994928147142
450000.0,200.0,4,Sousse,Appart,13.017005083966255,5.303304908059076
200000.0,82.0,2,Sousse,Appart,12.206077645517674,4.418840607796598
350000.0,100.0,2,Nabeul,Appart,12.765691290604371,4.61512051684126
750000.0,250.0,4,Nabeul,House,13.527829818844937,5.5254529391317835
550000.0,120.0,3,Tunis,Appart,13.217675375388819,4.795790545596741
435000.0,95.0,2,Monastir,Appart,12.983103608918753,4.564348191467836
381000.0,160.0,4,Ariana,Appart,12.850557278777309,5.081404364984463
425000.0,87.0,2,Nabeul,Appart,12.959846800844963,4.477336814478207
4000000.0,480.0,6,Tunis,House,15.201805169084134,6.175867270105761
675000.0,174.0,4,Sousse,Appart,13.42246945133505,5.1647859739235145
670000.0,150.0,3,Nabeul,Appart,13.415034483903348,5.017279836814924
500000.0,150.0,3,Nabeul,Appart,13.122365377402328,5.017279836814924
760000.0,180.0,3,Nabeul,House,13.541075028051122,5.198497031265826
450000.0,155.0,3,Sousse,Appart,13.017005083966255,5.049856007249537
360000.0,94.0,2,Sousse,Appart,12.793862088206213,4.553876891600541
400000.0,150.0,3,Ben Arous,Appart,12.899222326086994,5.017279836814924
780000.0,250.0,3,Nabeul,House,13.567050480716235,5.5254529391317835
320000.0,107.0,2,Sousse,Appart,12.676079399771027,4.68213122712422
1500000.0,400.0,7,Nabeul,House,14.220976332738882,5.993961427306569
480000.0,225.0,2,Tunis,House,13.081543466215237,5.420534999272286
340000.0,70.0,1,Nabeul,Appart,12.73670383776449,4.2626798770413155
480000.0,140.0,3,Mednine,House,13.081543466215237,4.948759890378168
879500.0,220.0,3,Mednine,House,13.687109980168769,5.3981627015177525
1220000.0,300.0,3,Ariana,Appart,14.014362236381235,5.707110264748875
376900.0,167.0,3,Ariana,Appart,12.839737832475373,5.123963979403259
276400.0,102.0,2,Mednine,House,12.529607988814114,4.634728988229636
3600000.0,1154.0,6,Tunis,House,15.096444681204078,7.051855622955894
550000.0,140.0,3,Mednine,House,13.217675375388819,4.948759890378168
280000.0,338.0,3,Sousse,House,12.54254845357358,5.82600010738045
720192.0,218.0,3,Sousse,Appart,13.487274510627323,5.389071729816501
376761.0,105.0,2,Sousse,Appart,12.839368967341816,4.663439094112067
250000.0,230.0,4,Sousse,House,12.429220196836383,5.442417710521793
770000.0,143.0,3,Tunis,Appart,13.554147092530322,4.969813299576001
500000.0,84.0,1,Sousse,Appart,13.122365377402328,4.442651256490317
927000.0,366.0,4,Nabeul,Appart,13.739709923296061,5.905361848054571
880000.0,230.0,3,Tunis,House,13.68767832281738,5.442417710521793
1300000.0,150.0,4,Tunis,House,14.077875591662238,5.017279836814924
650000.0,180.0,3,Mednine,House,13.384729180332174,5.198497031265826
600000.0,300.0,7,Sousse,House,13.304686600863562,5.707110264748875
550000.0,150.0,3,Nabeul,Appart,13.217675375388819,5.017279836814924
350000.0,110.0,2,Nabeul,Appart,12.765691290604371,4.709530201312334
490000.0,160.0,3,Nabeul,Appart,13.102162710901053,5.081404364984463
1400000.0,603.0,5,Nabeul,House,14.151983508870947,6.403574197934815
297000.0,300.0,2,Nabeul,Appart,12.601490784782536,5.707110264748875
790000.0,300.0,7,Ben Arous,House,13.579789490265188,5.707110264748875
370000.0,141.0,3,Nabeul,House,12.821260987319457,4.955827057601261
280000.0,106.0,2,Nabeul,Appart,12.54254845357358,4.672828834461906
680000.0,716.0,5,Sousse,House,13.429849547739444,6.57507584059962
880000.0,200.0,3,Tunis,House,13.68767832281738,5.303304908059076
280000.0,95.0,2,Sousse,Appart,12.54254845357358,4.564348191467836
379000.0,130.0,3,Mednine,House,12.84529412258351,4.875197323201151
790000.0,220.0,5,Mednine,House,13.579789490265188,5.3981627015177525
157000.0,50.0,1,Tunis,Appart,11.964007453736912,3.9318256327243257
380000.0,121.0,2,Sousse,Appart,12.847929163278053,4.804021044733257
345600.0,108.0,2,Sousse,Appart,12.75304020942637,4.6913478822291435
760000.0,252.0,3,Ariana,House,13.541075028051122,5.53338948872752
185000.0,140.0,3,Tunis,Appart,12.128116509451258,4.948759890378168
600000.0,160.0,7,Zaghouan,House,13.304686600863562,5.081404364984463
690000.0,620.0,3,Nabeul,House,13.444448325847754,6.431331081933479
300000.0,88.0,1,Sousse,Appart,12.611541086966115,4.48863636973214
185000.0,100.0,4,Ariana,Appart,12.128116509451258,4.61512051684126
472000.0,115.0,2,Sousse,Appart,13.064736383209516,4.7535901911063645
210000.0,204.0,3,Sousse,House,12.25486757159303,5.3230099791384085
2000000.0,480.0,4,Sousse,House,14.508658238524095,6.175867270105761
1700000.0,350.0,9,Tunis,House,14.346139397261565,5.860786223465865
780000.0,750.0,5,Nabeul,House,13.567050480716235,6.621405651764134
850000.0,300.0,3,Nabeul,House,13.652992804936396,5.707110264748875
890000.0,320.0,4,Nabeul,House,13.698977865303197,5.771441123130016
720000.0,200.0,3,Tunis,Appart,13.487007879880162,5.303304908059076
450000.0,100.0,1,Tunis,Appart,13.017005083966255,4.61512051684126
860000.0,137.0,1,Tunis,Appart,13.664688831019712,4.927253685157205
430000.0,350.0,5,Nabeul,House,12.971542813248437,5.860786223465865
360000.0,220.0,2,Nabeul,Appart,12.793862088206213,5.3981627015177525
550000.0,200.0,3,Nabeul,House,13.217675375388819,5.303304908059076
320000.0,80.0,2,Nabeul,Appart,12.676079399771027,4.394449154672439
550000.0,220.0,2,Nabeul,Appart,13.217675375388819,5.3981627015177525
850000.0,310.0,4,Nabeul,House,13.652992804936396,5.739792912179234
675000.0,300.0,4,Nabeul,House,13.42246945133505,5.707110264748875
799000.0,115.0,2,Tunis,Appart,13.591117476312084,4.7535901911063645
1500000.0,243.0,3,Tunis,Appart,14.220976332738882,5.497168225293202
280000.0,100.0,2,Sousse,Appart,12.54254845357358,4.61512051684126
535000.0,100.0,1,Tunis,Appart,13.190023895035274,4.61512051684126
980000.0,600.0,6,Ben Arous,House,13.795308871054397,6.398594934535208
145000.0,98.0,2,Nabeul,House,11.884495917930655,4.59511985013459
350000.0,215.0,3,Mednine,House,12.765691290604371,5.375278407684165
1680000.0,644.0,8,Ariana,House,14.33430494661736,6.4692503167957724
500000.0,326.0,4,Sousse,House,13.122365377402328,5.7899601708972535
370000.0,143.0,3,Sousse,Appart,12.821260987319457,4.969813299576001
3500000.0,536.0,4,Tunis,House,15.068273812173887,6.285998094508865
450000.0,119.0,2,Sousse,Appart,13.017005083966255,4.787491742782046
560000.0,167.0,3,Sousse,Appart,13.235693848424024,5.123963979403259
385000.0,93.0,4,Ben Arous,House,12.861001210669146,4.543294782270004
1600000.0,300.0,3,Tunis,House,14.285514812209815,5.707110264748875
275000.0,74.0,1,Sousse,Appart,12.524530013005734,4.31748811353631
490000.0,135.0,2,Sousse,Appart,13.102162710901053,4.912654885736052
700000.0,240.0,2,Tunis,Appart,13.45883704259595,5.484796933490655
560000.0,160.0,1,Tunis,Appart,13.235693848424024,5.081404364984463
225000.0,100.0,3,Ben Arous,Appart,12.323860125621126,4.61512051684126
2200000.0,750.0,4,Tunis,House,14.603968372873895,6.621405651764134
650000.0,550.0,4,Nabeul,House,13.384729180332174,6.311734809152915
450000.0,150.0,2,Sousse,Appart,13.017005083966255,5.017279836814924
90000.0,90.0,2,Sousse,Appart,11.407576060361786,4.51085950651685
350000.0,248.0,3,Sousse,Appart,12.765691290604371,5.517452896464707
380000.0,151.0,3,Ariana,Appart,12.847929163278053,5.0238805208462765
560500.0,133.0,2,Tunis,Appart,13.23658630561408,4.897839799950911
79000.0,55.0,1,Tunis,Appart,11.277215789596893,4.02535169073515
395000.0,230.0,4,Tunis,House,12.886643575525625,5.442417710521793
850000.0,432.0,2,Tunis,House,13.652992804936396,6.07073772800249
192000.0,63.0,1,Manouba,Appart,12.165255859329688,4.1588830833596715
350000.0,297.0,2,Tunis,House,12.765691290604371,5.697093486505405
255000.0,111.0,3,Tunis,Appart,12.449022745701502,4.718498871295094
800000.0,225.0,4,Tunis,House,13.592368256649284,5.420534999272286
215000.0,112.0,3,Manouba,Appart,12.278397958261774,4.727387818712341
160000.0,50.0,1,Tunis,Appart,11.982935344196433,3.9318256327243257
270000.0,100.0,2,Sousse,Appart,12.506180941677357,4.61512051684126
300000.0,150.0,3,Sousse,Appart,12.611541086966115,5.017279836814924
290000.0,190.0,3,Sousse,Appart,12.577639650232573,5.25227342804663
200000.0,160.0,2,Sousse,House,12.206077645517674,5.081404364984463
350000.0,200.0,3,Sousse,Appart,12.765691290604371,5.303304908059076
430000.0,145.0,3,Sousse,Appart,12.971542813248437,4.983606621708336
275000.0,117.0,2,Sousse,Appart,12.524530013005734,4.770684624465665
330000.0,151.0,2,Nabeul,Appart,12.706850963741102,5.0238805208462765
395000.0,129.0,3,Tunis,Appart,12.886643575525625,4.867534450455582
950000.0,281.0,7,Tunis,House,13.76421831620775,5.641907070938114
1300000.0,240.0,3,Tunis,House,14.077875591662238,5.484796933490655
1800000.0,500.0,9,Ariana,Appart,14.403297778421795,6.2166061010848646
3500000.0,200.0,3,Tunis,House,15.068273812173887,5.303304908059076
185000.0,150.0,3,Tunis,Appart,12.128116509451258,5.017279836814924
350000.0,250.0,3,Nabeul,House,12.765691290604371,5.5254529391317835
680000.0,117.0,2,Tunis,Appart,13.429849547739444,4.770684624465665
1425000.0,300.0,4,Ariana,House,14.169683073439028,5.707110264748875
330000.0,150.0,3,Mednine,House,12.706850963741102,5.017279836814924
650000.0,113.0,3,Tunis,Appart,13.384729180332174,4.736198448394496
950000.0,720.0,7,Tunis,House,13.76421831620775,6.580639137284949
220000.0,50.0,1,Tunis,Appart,12.301387370778713,3.9318256327243257
315000.0,126.0,2,Mahdia,Appart,12.660331092405906,4.844187086458591
540000.0,151.0,3,Ariana,House,13.199326270390594,5.0238805208462765
650000.0,155.0,4,Tunis,Appart,13.384729180332174,5.049856007249537
320000.0,95.0,2,Nabeul,Appart,12.676079399771027,4.564348191467836
2200000.0,800.0,6,Ariana,House,14.603968372873895,6.68586094706836
650000.0,160.0,3,Ariana,House,13.384729180332174,5.081404364984463
490000.0,205.0,2,Ariana,Appart,13.102162710901053,5.327876168789581
170000.0,70.0,2,Tunis,Appart,12.04355959836804,4.2626798770413155
1050000.0,200.0,3,Tunis,Appart,13.864301674514206,5.303304908059076
295000.0,130.0,3,Ariana,Appart,12.59473402514672,4.875197323201151
520000.0,210.0,4,Manouba,House,13.161586013632684,5.351858133476067
330000.0,114.0,3,Manouba,Appart,12.706850963741102,4.74493212836325
352000.0,141.0,3,Manouba,Appart,12.77138929548529,4.955827057601261
880000.0,512.0,7,Manouba,House,13.68767832281738,6.240275845170769
230000.0,97.0,2,Manouba,Appart,12.345838935721968,4.584967478670572
700000.0,180.0,3,Manouba,House,13.45883704259595,5.198497031265826
600000.0,349.0,2,Manouba,House,13.304686600863562,5.857933154483459
800000.0,300.0,4,Manouba,House,13.592368256649284,5.707110264748875
800000.0,172.0,6,Manouba,House,13.592368256649284,5.153291594497779
750000.0,450.0,6,Manouba,House,13.527829818844937,6.111467339502679
348000.0,200.0,3,Nabeul,House,12.759960632315702,5.303304908059076
700000.0,300.0,5,Nabeul,House,13.45883704259595,5.707110264748875
280000.0,100.0,2,Nabeul,Appart,12.54254845357358,4.61512051684126
105000.0,55.0,1,Tunis,Appart,11.561725152903833,4.02535169073515
2300000.0,800.0,3,Tunis,House,14.648420115681892,6.68586094706836
1400000.0,650.0,4,Tunis,House,14.151983508870947,6.478509642208569
1800000.0,580.0,5,Tunis,House,14.403297778421795,6.364750756851911
1500000.0,378.0,5,Tunis,Appart,14.220976332738882,5.937536205082426
945000.0,405.0,5,Tunis,House,13.758941264676379,6.0063531596017325
249900.0,104.0,3,Tunis,Appart,12.428820118415677,4.653960350157523
700000.0,320.0,5,Tunis,House,13.45883704259595,5.771441123130016
685000.0,234.0,5,Tunis,House,13.437175577097312,5.459585514144159
315000.0,75.0,1,Ariana,Appart,12.660331092405906,4.330733340286331
590000.0,154.0,2,Ariana,Appart,13.28787951079572,5.043425116919247
660000.0,180.0,3,Tunis,Appart,13.399996629152975,5.198497031265826
1900000.0,320.0,4,Tunis,House,14.45736497045232,5.771441123130016
616000.0,163.0,2,Tunis,Appart,13.331003865890963,5.099866427824199
794000.0,209.0,3,Tunis,Appart,13.584839999674324,5.3471075307174685
600000.0,140.0,4,Tunis,Appart,13.304686600863562,4.948759890378168
1300000.0,300.0,4,Ariana,House,14.077875591662238,5.707110264748875
350000.0,91.0,2,Nabeul,Appart,12.765691290604371,4.5217885770490405
650000.0,130.0,3,Tunis,Appart,13.384729180332174,4.875197323201151
6000000.0,530.0,6,Tunis,House,15.607270193858982,6.274762021241939
720000.0,214.0,6,Tunis,House,13.487007879880162,5.3706380281276624
405000.0,158.0,3,Ariana,Appart,12.91164481522143,5.0689042022202315
650000.0,124.0,3,Tunis,Appart,13.384729180332174,4.8283137373023015
310000.0,180.0,3,Ariana,Appart,12.644330802262578,5.198497031265826
470000.0,130.0,2,Nabeul,Appart,13.060490101343552,4.875197323201151
185000.0,63.0,1,Nabeul,Appart,12.128116509451258,4.1588830833596715
375000.0,90.0,2,Nabeul,Appart,12.834683971615659,4.51085950651685
1500000.0,300.0,2,Nabeul,House,14.220976332738882,5.707110264748875
700000.0,225.0,6,Tunis,House,13.45883704259595,5.420534999272286
630000.0,230.0,4,Nabeul,House,13.353476685668044,5.442417710521793
1800000.0,450.0,4,Ariana,House,14.403297778421795,6.111467339502679
435000.0,165.0,4,Ariana,Appart,12.983103608918753,5.111987788356544
340000.0,62.0,1,Tunis,Appart,12.73670383776449,4.143134726391533
180000.0,110.0,3,Ben Arous,Appart,12.100717685412471,4.709530201312334
299000.0,160.0,3,Sousse,Appart,12.608202196848836,5.081404364984463
2100000.0,450.0,9,Tunis,House,14.557448378884015,6.111467339502679
160000.0,79.0,2,Tunis,Appart,11.982935344196433,4.382026634673881
1160000.0,265.0,3,Tunis,Appart,13.963931425151141,5.583496308781699
650000.0,181.0,3,Tunis,Appart,13.384729180332174,5.204006687076795
245000.0,70.0,1,Nabeul,Appart,12.409017571151187,4.2626798770413155
550000.0,165.0,3,Tunis,Appart,13.217675375388819,5.111987788356544
165000.0,74.0,2,Ben Arous,House,12.013706813470414,4.31748811353631
560000.0,245.0,4,Ariana,Appart,13.235693848424024,5.5053315359323625
299000.0,160.0,3,Sousse,Appart,12.608202196848836,5.081404364984463
580000.0,150.0,3,Tunis,Appart,13.270785106659046,5.017279836814924
370000.0,110.0,3,Tunis,Appart,12.821260987319457,4.709530201312334
980000.0,300.0,3,Tunis,House,13.795308871054397,5.707110264748875
297000.0,62.0,1,Tunis,Appart,12.601490784782536,4.143134726391533
1150000.0,444.0,4,Nabeul,House,13.955273369904273,6.09807428216624
630000.0,126.0,3,Tunis,Appart,13.353476685668044,4.844187086458591
990000.0,354.0,6,Nabeul,House,13.805461232211272,5.872117789475416
250000.0,100.0,2,Sousse,Appart,12.429220196836383,4.61512051684126
340000.0,63.0,1,Tunis,Appart,12.73670383776449,4.1588830833596715
789000.0,135.0,3,Tunis,Appart,13.578522867254332,4.912654885736052
335000.0,160.0,2,Tunis,Appart,12.721888795877375,5.081404364984463
290000.0,93.0,2,Tunis,Appart,12.577639650232573,4.543294782270004
680000.0,450.0,7,Tunis,House,13.429849547739444,6.111467339502679
900000.0,400.0,3,Ariana,House,13.710151153416941,5.993961427306569
700000.0,172.0,3,Tunis,Appart,13.45883704259595,5.153291594497779
1450000.0,600.0,9,Ariana,House,14.187074804051692,6.398594934535208
1200000.0,257.0,5,Tunis,House,13.997832948091215,5.552959584921617
730000.0,353.0,5,Ariana,House,13.500801182986649,5.869296913133774
485000.0,170.0,3,Sousse,Appart,13.091906231773164,5.14166355650266
512000.0,160.0,3,Sousse,Appart,13.146081857144738,5.081404364984463
255000.0,110.0,2,Sousse,Appart,12.449022745701502,4.709530201312334
185000.0,156.0,3,Nabeul,Appart,12.128116509451258,5.056245805348308
380000.0,105.0,2,Nabeul,Appart,12.847929163278053,4.663439094112067
350000.0,130.0,5,Nabeul,House,12.765691290604371,4.875197323201151
280000.0,170.0,2,Nabeul,Appart,12.54254845357358,5.14166355650266
420000.0,290.0,2,Mednine,House,12.948012371209098,5.673323267171493
797360.0,767.0,4,Mednine,House,13.589062803779209,6.643789733147672
580000.0,650.0,4,Mednine,House,13.270785106659046,6.478509642208569
250000.0,90.0,1,Tunis,Appart,12.429220196836383,4.51085950651685
320000.0,136.0,3,Tunis,Appart,12.676079399771027,4.919980925828125
850000.0,210.0,3,Tunis,Appart,13.652992804936396,5.351858133476067
680000.0,155.0,4,Tunis,House,13.429849547739444,5.049856007249537
1100000.0,195.0,3,Nabeul,House,13.910821646859095,5.278114659230517
382000.0,132.0,3,Monastir,House,12.853178505386333,4.890349128221754
370000.0,168.0,3,Monastir,House,12.821260987319457,5.1298987149230735
490000.0,90.0,2,Monastir,Appart,13.102162710901053,4.51085950651685
1300000.0,2024.0,2,Monastir,Appart,14.077875591662238,7.613324979540639
825000.0,162.0,3,Tunis,Appart,13.623139877437296,5.093750200806762
700000.0,120.0,3,Tunis,Appart,13.45883704259595,4.795790545596741
980000.0,300.0,7,Tunis,House,13.795308871054397,5.707110264748875
820000.0,160.0,3,Tunis,Appart,13.617060838751888,5.081404364984463
680000.0,134.0,2,Tunis,Appart,13.429849547739444,4.90527477843843
289000.0,95.0,2,Tunis,Appart,12.574185427296195,4.564348191467836
718000.0,201.0,2,Tunis,Appart,13.484226240787052,5.308267697401205
1600000.0,270.0,4,Tunis,House,14.285514812209815,5.602118820879701
165000.0,105.0,2,Sousse,Appart,12.013706813470414,4.663439094112067
340000.0,137.0,2,Sousse,Appart,12.73670383776449,4.927253685157205
365000.0,123.0,2,Sousse,Appart,12.807655372286902,4.820281565605037
349890.0,107.0,2,Ariana,Appart,12.76537695639022,4.68213122712422
935000.0,175.0,3,Tunis,Appart,13.74830287778897,5.170483995038151
145000.0,85.0,2,Tunis,Appart,11.884495917930655,4.454347296253507
500000.0,147.0,3,Ariana,Appart,13.122365377402328,4.997212273764115
140000.0,83.0,3,Tunis,Appart,11.849404844423074,4.430816798843313
5000000.0,550.0,5,Nabeul,House,15.424948670398354,6.311734809152915
450000.0,145.0,3,Nabeul,Appart,13.017005083966255,4.983606621708336
690000.0,220.0,4,Tunis,House,13.444448325847754,5.3981627015177525
388000.0,119.0,3,Tunis,Appart,12.868763195921677,4.787491742782046
576000.0,129.0,3,Ariana,Appart,13.263864675787632,4.867534450455582
4500000.0,370.0,6,Tunis,House,15.319588176962746,5.916202062607435
85000.0,65.0,2,Tunis,Appart,11.350418300109132,4.189654742026425
1900000.0,286.0,5,Nabeul,Appart,14.45736497045232,5.659482215759621
320000.0,131.0,4,Ariana,Appart,12.676079399771027,4.882801922586371
250000.0,186.0,3,Ariana,Appart,12.429220196836383,5.231108616854587
2000000.0,500.0,5,Nabeul,House,14.508658238524095,6.2166061010848646
510000.0,167.0,3,Tunis,Appart,13.1421679654829,5.123963979403259
950000.0,263.0,4,Ariana,House,13.76421831620775,5.575949103146316
1150000.0,890.0,7,Sousse,House,13.955273369904273,6.792344427470809
570000.0,314.0,3,Mednine,House,13.25339339419516,5.752572638825633
780000.0,367.0,3,Mednine,House,13.567050480716235,5.908082938168931
360000.0,176.0,2,Nabeul,Appart,12.793862088206213,5.176149732573829
300000.0,98.0,2,Nabeul,Appart,12.611541086966115,4.59511985013459
850000.0,465.0,6,Tunis,House,13.652992804936396,6.144185634125646
275000.0,111.0,2,Tunis,Appart,12.524530013005734,4.718498871295094
295000.0,125.0,3,Tunis,Appart,12.59473402514672,4.836281906951478
420000.0,115.0,1,Tunis,Appart,12.948012371209098,4.7535901911063645
320000.0,90.0,2,Tunis,Appart,12.676079399771027,4.51085950651685
555000.0,145.0,3,Ariana,Appart,13.22672519452875,4.983606621708336
375000.0,139.0,3,Ariana,Appart,12.834683971615659,4.941642422609304
780000.0,400.0,3,Mednine,House,13.567050480716235,5.993961427306569
520000.0,273.0,2,Mednine,House,13.161586013632684,5.6131281063880705
567000.0,343.0,3,Mednine,House,13.248116346376765,5.840641657373398
990000.0,450.0,5,Ariana,House,13.805461232211272,6.111467339502679
650000.0,200.0,3,Nabeul,House,13.384729180332174,5.303304908059076
4300000.0,720.0,9,Tunis,House,15.274125813221904,6.580639137284949
395000.0,131.0,2,Ariana,Appart,12.886643575525625,4.882801922586371
105000.0,40.0,1,Tunis,Appart,11.561725152903833,3.713572066704308
410000.0,109.0,2,Nabeul,Appart,12.923914877701906,4.700480365792417
330000.0,144.0,3,Ariana,Appart,12.706850963741102,4.976733742420574
567000.0,345.0,3,Mednine,House,13.248116346376765,5.846438775057725
475000.0,274.0,2,Mednine,House,13.07107218827772,5.616771097666572
780000.0,335.0,3,Mednine,House,13.567050480716235,5.817111159963204
2200000.0,837.0,7,Nabeul,House,14.603968372873895,6.731018100482083
450000.0,127.0,2,Tunis,Appart,13.017005083966255,4.852030263919617
600000.0,130.0,3,Tunis,Appart,13.304686600863562,4.875197323201151
250000.0,50.0,1,Ariana,Appart,12.429220196836383,3.9318256327243257
100000.0,280.0,2,Nabeul,House,11.51293546492023,5.638354669333745
800000.0,274.0,4,Nabeul,House,13.592368256649284,5.616771097666572
1250000.0,600.0,6,Sousse,House,14.038654909278163,6.398594934535208
550000.0,164.0,4,Ariana,Appart,13.217675375388819,5.10594547390058
695000.0,313.0,3,Mednine,House,13.451668563394815,5.749392985908253
295000.0,127.0,3,Ariana,Appart,12.59473402514672,4.852030263919617
490000.0,103.0,2,Ariana,Appart,13.102162710901053,4.6443908991413725
750000.0,180.0,5,Ben Arous,Appart,13.527829818844937,5.198497031265826
2800000.0,1100.0,4,Nabeul,House,14.845130332288226,7.00397413672268
320000.0,120.0,3,Nabeul,Appart,12.676079399771027,4.795790545596741
845000.0,400.0,4,Nabeul,House,13.647093089770562,5.993961427306569
900000.0,369.0,9,Tunis,Appart,13.710151153416941,5.91350300563827
1500000.0,452.0,9,Tunis,House,14.220976332738882,6.115892125483034
410000.0,200.0,3,Tunis,House,12.923914877701906,5.303304908059076
220000.0,95.0,3,Ariana,Appart,12.301387370778713,4.564348191467836
748200.0,121.0,2,Tunis,Appart,13.525426937436322,4.804021044733257
748200.0,121.0,2,Tunis,Appart,13.525426937436322,4.804021044733257
255000.0,99.0,2,Ariana,Appart,12.449022745701502,4.605170185988092
800000.0,250.0,3,Tunis,House,13.592368256649284,5.5254529391317835
370000.0,73.0,1,Tunis,Appart,12.821260987319457,4.30406509320417
720000.0,170.0,3,Tunis,Appart,13.487007879880162,5.14166355650266
295000.0,115.0,2,Ariana,Appart,12.59473402514672,4.7535901911063645
518000.0,278.0,2,Mednine,House,13.157732451741687,5.631211781821365
650000.0,416.0,6,Ben Arous,House,13.384729180332174,6.0330862217988015
360000.0,96.0,2,Sousse,Appart,12.793862088206213,4.574710978503383
450000.0,190.0,4,Tunis,Appart,13.017005083966255,5.25227342804663
1500000.0,300.0,3,Nabeul,House,14.220976332738882,5.707110264748875
260000.0,110.0,2,Mahdia,Appart,12.468440756144114,4.709530201312334
175000.0,50.0,1,Tunis,Appart,12.07254696717504,3.9318256327243257
825000.0,193.0,4,Tunis,House,13.623139877437296,5.267858159063328
330000.0,85.0,2,Nabeul,Appart,12.706850963741102,4.454347296253507
440000.0,200.0,3,Nabeul,House,12.994532278619134,5.303304908059076
560000.0,472.0,4,Tunis,Appart,13.235693848424024,6.159095388491933
210000.0,129.0,3,Ariana,Appart,12.25486757159303,4.867534450455582
387000.0,88.0,2,Tunis,Appart,12.866182555987908,4.48863636973214
290000.0,117.0,3,Tunis,Appart,12.577639650232573,4.770684624465665
880000.0,234.0,3,Mednine,House,13.68767832281738,5.459585514144159
260000.0,105.0,2,Ariana,Appart,12.468440756144114,4.663439094112067
170000.0,50.0,1,Tunis,Appart,12.04355959836804,3.9318256327243257
3800000.0,720.0,6,Tunis,House,15.150511887854474,6.580639137284949
1400000.0,200.0,2,Tunis,House,14.151983508870947,5.303304908059076
255000.0,155.0,4,Tunis,Appart,12.449022745701502,5.049856007249537
350000.0,100.0,2,Nabeul,Appart,12.765691290604371,4.61512051684126
1200000.0,560.0,3,Nabeul,House,13.997832948091215,6.329720905522696
249000.0,95.0,2,Ariana,Appart,12.425212191503038,4.564348191467836
205000.0,50.0,1,Sousse,Appart,12.230770136157428,3.9318256327243257
350000.0,146.0,3,Tunis,Appart,12.765691290604371,4.990432586778736
1250000.0,500.0,3,Nabeul,House,14.038654909278163,6.2166061010848646
1990000.0,340.0,5,Nabeul,House,14.503645699213111,5.831882477283517
3900000.0,400.0,4,Tunis,House,15.176487367510099,5.993961427306569
1300000.0,327.0,5,Tunis,House,14.077875591662238,5.793013608384144
900000.0,300.0,4,Nabeul,House,13.710151153416941,5.707110264748875
1500000.0,350.0,4,Ariana,House,14.220976332738882,5.860786223465865
205000.0,100.0,3,Ariana,Appart,12.230770136157428,4.61512051684126
1250000.0,560.0,5,Ariana,House,14.038654909278163,6.329720905522696
2800000.0,500.0,6,Tunis,House,14.845130332288226,6.2166061010848646
3350000.0,400.0,3,Ariana,House,15.024471202308668,5.993961427306569
225000.0,100.0,2,Tunis,Appart,12.323860125621126,4.61512051684126
230000.0,115.0,2,Manouba,Appart,12.345838935721968,4.7535901911063645
260000.0,129.0,3,Manouba,Appart,12.468440756144114,4.867534450455582
720000.0,210.0,3,Nabeul,House,13.487007879880162,5.351858133476067
229000.0,85.0,2,Tunis,Appart,12.34148164933907,4.454347296253507
275000.0,180.0,2,Tunis,Appart,12.524530013005734,5.198497031265826
1750000.0,183.0,3,Tunis,Appart,14.375126917328105,5.214935757608986
2800000.0,440.0,4,Tunis,Appart,14.845130332288226,6.089044875446846
625000.0,420.0,4,Ariana,House,13.345508528717259,6.042632833682381
1180000.0,500.0,4,Nabeul,House,13.981025843899115,6.2166061010848646
950000.0,345.0,3,Ariana,Appart,13.76421831620775,5.846438775057725
300000.0,420.0,3,Sousse,House,12.611541086966115,6.042632833682381
1300000.0,190.0,3,Ariana,House,14.077875591662238,5.25227342804663
690000.0,281.0,3,Tunis,Appart,13.444448325847754,5.641907070938114
250000.0,120.0,2,Manouba,Appart,12.429220196836383,4.795790545596741
360000.0,87.0,1,Tunis,Appart,12.793862088206213,4.477336814478207
210000.0,100.0,3,Tunis,Appart,12.25486757159303,4.61512051684126
990000.0,400.0,5,Ariana,House,13.805461232211272,5.993961427306569
1550000.0,400.0,4,Sousse,House,14.253766134056512,5.993961427306569
260000.0,100.0,3,Sousse,Appart,12.468440756144114,4.61512051684126
880000.0,180.0,3,Tunis,Appart,13.68767832281738,5.198497031265826
1550000.0,250.0,5,Ariana,House,14.253766134056512,5.5254529391317835
875000.0,260.0,4,Nabeul,House,13.681980308196241,5.564520407322694
500000.0,117.0,7,Tunis,House,13.122365377402328,4.770684624465665
250000.0,76.0,1,Nabeul,Appart,12.429220196836383,4.343805421853684
290000.0,119.0,3,Tunis,Appart,12.577639650232573,4.787491742782046
350000.0,110.0,2,Monastir,Appart,12.765691290604371,4.709530201312334
830000.0,200.0,1,Nabeul,Appart,13.629182184591333,5.303304908059076
850000.0,180.0,2,Sousse,Appart,13.652992804936396,5.198497031265826
404800.0,66.0,1,Tunis,Appart,12.911150867308073,4.204692619390966
920000.0,169.0,3,Tunis,Appart,13.732130035981154,5.135798437050262
2295000.0,984.0,7,Nabeul,House,14.646243837206535,6.892641641172089
1050000.0,143.0,3,Ariana,House,13.864301674514206,4.969813299576001
250000.0,100.0,2,Tunis,Appart,12.429220196836383,4.61512051684126
1600000.0,350.0,4,Tunis,Appart,14.285514812209815,5.860786223465865
540000.0,240.0,4,Nabeul,House,13.199326270390594,5.484796933490655
950000.0,460.0,2,Tunis,House,13.76421831620775,6.133398042996649
2000000.0,355.0,4,Tunis,House,14.508658238524095,5.87493073085203
710000.0,178.0,4,Tunis,Appart,13.47302165746721,5.187385805840755
397000.0,64.0,1,Tunis,Appart,12.891694078557842,4.174387269895637
185000.0,114.0,2,Nabeul,Appart,12.128116509451258,4.74493212836325
373635.0,65.0,1,Tunis,Appart,12.831037340437563,4.189654742026425
2900000.0,274.0,4,Tunis,House,14.88022163978423,5.616771097666572
550000.0,176.0,2,Tunis,Appart,13.217675375388819,5.176149732573829
388000.0,182.0,3,Tunis,Appart,12.868763195921677,5.209486152841421
1500000.0,200.0,3,Tunis,House,14.220976332738882,5.303304908059076
155000.0,90.0,3,Tunis,Appart,11.951186847493476,4.51085950651685
515000.0,105.0,3,Nabeul,Appart,13.151924121391561,4.663439094112067
280000.0,60.0,1,Nabeul,Appart,12.54254845357358,4.110873864173311
455000.0,103.0,3,Nabeul,Appart,13.02805489573287,4.6443908991413725
405000.0,100.0,2,Nabeul,Appart,12.91164481522143,4.61512051684126
455000.0,103.0,3,Nabeul,Appart,13.02805489573287,4.6443908991413725
500000.0,108.0,3,Nabeul,Appart,13.122365377402328,4.6913478822291435
360000.0,106.0,2,Tunis,Appart,12.793862088206213,4.672828834461906
1340000.0,249.0,4,Tunis,Appart,14.108180918195472,5.521460917862246
899000.0,250.0,3,Nabeul,House,13.70903942580019,5.5254529391317835
539000.0,93.0,2,Tunis,Appart,13.197472705176983,4.543294782270004
285000.0,100.0,2,Tunis,Appart,12.560247968016562,4.61512051684126
250000.0,99.0,2,Ariana,Appart,12.429220196836383,4.605170185988092
440000.0,172.0,3,Ariana,Appart,12.994532278619134,5.153291594497779
320000.0,150.0,3,Nabeul,Appart,12.676079399771027,5.017279836814924
470000.0,108.0,2,Sousse,Appart,13.060490101343552,4.6913478822291435
397000.0,68.0,1,Tunis,Appart,12.891694078557842,4.23410650459726
550000.0,145.0,3,Tunis,Appart,13.217675375388819,4.983606621708336
350000.0,150.0,3,Tunis,Appart,12.765691290604371,5.017279836814924
400000.0,67.0,2,Sousse,Appart,12.899222326086994,4.219507705176107
340000.0,107.0,2,Sousse,Appart,12.73670383776449,4.68213122712422
360000.0,187.0,2,Ariana,Appart,12.793862088206213,5.236441962829949
265000.0,113.0,2,Ariana,Appart,12.487488878546145,4.736198448394496
635000.0,110.0,2,Tunis,Appart,13.361381852676738,4.709530201312334
780000.0,423.0,4,Ariana,House,13.567050480716235,6.049733455231958
420000.0,120.0,3,Mednine,House,12.948012371209098,4.795790545596741
275000.0,90.0,2,Tunis,Appart,12.524530013005734,4.51085950651685
315000.0,90.0,2,Sousse,Appart,12.660331092405906,4.51085950651685
540000.0,220.0,4,Nabeul,House,13.199326270390594,5.3981627015177525
750000.0,170.0,3,Nabeul,House,13.527829818844937,5.14166355650266
190000.0,90.0,2,Nabeul,House,12.154784614286667,4.51085950651685
300000.0,35.0,1,Sousse,Appart,12.611541086966115,3.58351893845611
385000.0,155.0,3,Sousse,Appart,12.861001210669146,5.049856007249537
395000.0,162.0,3,Sousse,Appart,12.886643575525625,5.093750200806762
340000.0,138.0,3,Sousse,Appart,12.73670383776449,4.9344739331306915
365000.0,150.0,3,Sousse,Appart,12.807655372286902,5.017279836814924
290000.0,110.0,2,Sousse,Appart,12.577639650232573,4.709530201312334
315000.0,122.0,2,Sousse,Appart,12.660331092405906,4.812184355372417
520000.0,172.0,3,Tunis,Appart,13.161586013632684,5.153291594497779
285000.0,70.0,1,Tunis,Appart,12.560247968016562,4.2626798770413155
850000.0,500.0,7,Ariana,House,13.652992804936396,6.2166061010848646
270000.0,125.0,2,Ariana,Appart,12.506180941677357,4.836281906951478
535000.0,170.0,4,Tunis,Appart,13.190023895035274,5.14166355650266
450000.0,75.0,2,Sousse,Appart,13.017005083966255,4.330733340286331
580000.0,139.0,2,Sousse,Appart,13.270785106659046,4.941642422609304
2700000.0,834.0,6,Sousse,House,14.80876270134486,6.727431724850855
790000.0,350.0,5,Nabeul,House,13.579789490265188,5.860786223465865
690000.0,200.0,4,Nabeul,House,13.444448325847754,5.303304908059076
320000.0,78.0,2,Nabeul,Appart,12.676079399771027,4.3694478524670215
140000.0,48.0,1,Ariana,Appart,11.849404844423074,3.8918202981106265
410000.0,109.0,2,Nabeul,Appart,12.923914877701906,4.700480365792417
260000.0,64.0,1,Nabeul,Appart,12.468440756144114,4.174387269895637
570000.0,128.0,2,Nabeul,Appart,13.25339339419516,4.859812404361672
480000.0,254.0,4,Ariana,Appart,13.081543466215237,5.541263545158426
310000.0,115.0,2,Nabeul,Appart,12.644330802262578,4.7535901911063645
1180000.0,378.0,4,Sousse,House,13.981025843899115,5.937536205082426
650000.0,131.0,2,Tunis,Appart,13.384729180332174,4.882801922586371
650000.0,131.0,2,Tunis,Appart,13.384729180332174,4.882801922586371
650000.0,131.0,2,Tunis,Appart,13.384729180332174,4.882801922586371
650000.0,131.0,2,Tunis,Appart,13.384729180332174,4.882801922586371
770000.0,155.0,3,Tunis,Appart,13.554147092530322,5.049856007249537
300000.0,68.0,1,Nabeul,Appart,12.611541086966115,4.23410650459726
290000.0,240.0,3,Sfax,House,12.577639650232573,5.484796933490655
850000.0,193.0,3,Tunis,House,13.652992804936396,5.267858159063328
8000000.0,500.0,8,Tunis,House,15.894952224644102,6.2166061010848646
2100000.0,350.0,3,Tunis,House,14.557448378884015,5.860786223465865
650000.0,131.0,2,Tunis,Appart,13.384729180332174,4.882801922586371
640000.0,129.0,2,Tunis,Appart,13.369225017834633,4.867534450455582
1150000.0,268.0,3,Tunis,House,13.955273369904273,5.594711379601839
2960000.0,1060.0,4,Tunis,House,14.900700164138025,6.966967138613983
950000.0,635.0,5,Ariana,House,13.76421831620775,6.455198563340122
870000.0,270.0,4,Tunis,House,13.676249640055394,5.602118820879701
1100000.0,380.0,4,Nabeul,House,13.910821646859095,5.942799375126701
435000.0,210.0,4,Ben Arous,House,12.983103608918753,5.351858133476067
650000.0,514.0,6,Ben Arous,House,13.384729180332174,6.244166900663736
650000.0,121.0,2,Nabeul,House,13.384729180332174,4.804021044733257
530000.0,141.0,3,Nabeul,Appart,13.180634172318978,4.955827057601261
280000.0,331.0,4,Sfax,House,12.54254845357358,5.805134968916488
340000.0,145.0,3,Nabeul,Appart,12.73670383776449,4.983606621708336
680000.0,150.0,3,Ariana,House,13.429849547739444,5.017279836814924
260000.0,73.0,1,Sousse,Appart,12.468440756144114,4.30406509320417
450000.0,250.0,2,Sousse,Appart,13.017005083966255,5.5254529391317835
1250000.0,300.0,5,Nabeul,House,14.038654909278163,5.707110264748875
135000.0,57.0,1,Ariana,Appart,11.813037464800539,4.060443010546419
720000.0,220.0,3,Nabeul,House,13.487007879880162,5.3981627015177525
1050000.0,290.0,5,Nabeul,House,13.864301674514206,5.673323267171493
260000.0,250.0,2,Nabeul,Appart,12.468440756144114,5.5254529391317835
650000.0,210.0,5,Nabeul,House,13.384729180332174,5.351858133476067
800000.0,200.0,5,Mednine,House,13.592368256649284,5.303304908059076
550000.0,304.0,3,Nabeul,House,13.217675375388819,5.720311776607412
580000.0,199.0,3,Tunis,Appart,13.270785106659046,5.298317366548036
260000.0,63.0,1,Nabeul,Appart,12.468440756144114,4.1588830833596715
410000.0,122.0,2,Tunis,Appart,12.923914877701906,4.812184355372417
620000.0,165.0,3,Tunis,Appart,13.3374763699232,5.111987788356544
420000.0,150.0,4,Tunis,Appart,12.948012371209098,5.017279836814924
560000.0,180.0,3,Tunis,House,13.235693848424024,5.198497031265826
72000.0,50.0,1,Tunis,Appart,11.184435286790631,3.9318256327243257
185000.0,59.0,1,Ariana,Appart,12.128116509451258,4.0943445622221
1200000.0,350.0,4,Nabeul,House,13.997832948091215,5.860786223465865
690000.0,150.0,4,Nabeul,House,13.444448325847754,5.017279836814924
300000.0,100.0,3,Sousse,Appart,12.611541086966115,4.61512051684126
480000.0,148.0,3,Manouba,House,13.081543466215237,5.003946305945459
675000.0,300.0,4,Nabeul,House,13.42246945133505,5.707110264748875
1000000.0,220.0,4,Nabeul,House,13.815511557963774,5.3981627015177525
390000.0,116.0,2,Nabeul,Appart,12.873904582205107,4.762173934797756
1050000.0,340.0,4,Nabeul,House,13.864301674514206,5.831882477283517
1250000.0,350.0,5,Nabeul,House,14.038654909278163,5.860786223465865
430000.0,87.0,2,Tunis,Appart,12.971542813248437,4.477336814478207
680000.0,158.0,3,Tunis,Appart,13.429849547739444,5.0689042022202315
135000.0,27.0,1,Tunis,Appart,11.813037464800539,3.332204510175204
395000.0,138.0,3,Tunis,Appart,12.886643575525625,4.9344739331306915
1800000.0,175.0,5,Tunis,House,14.403297778421795,5.170483995038151
395000.0,102.0,2,Nabeul,Appart,12.886643575525625,4.634728988229636
318000.0,85.0,2,Tunis,Appart,12.669809806411457,4.454347296253507
3500000.0,931.0,3,Tunis,House,15.068273812173887,6.837332814685591
250000.0,189.0,3,Nabeul,House,12.429220196836383,5.247024072160486
279000.0,90.0,2,Tunis,Appart,12.53897064502647,4.51085950651685
900000.0,300.0,4,Nabeul,House,13.710151153416941,5.707110264748875
1980000.0,356.0,4,Tunis,Appart,14.498607907721096,5.877735781779639
307000.0,100.0,2,Tunis,Appart,12.634606283893019,4.61512051684126
350000.0,74.0,1,Sousse,Appart,12.765691290604371,4.31748811353631
400000.0,162.0,3,Sousse,Appart,12.899222326086994,5.093750200806762
365000.0,127.0,3,Ariana,Appart,12.807655372286902,4.852030263919617
1550000.0,327.0,2,Tunis,House,14.253766134056512,5.793013608384144
248000.0,46.0,1,Nabeul,Appart,12.421188057397055,3.8501476017100584
340000.0,116.0,2,Nabeul,Appart,12.73670383776449,4.762173934797756
1400000.0,300.0,4,Nabeul,House,14.151983508870947,5.707110264748875
228000.0,72.0,1,Ariana,Appart,12.337105293891872,4.290459441148391
750000.0,405.0,6,Ariana,House,13.527829818844937,6.0063531596017325
360000.0,149.0,4,Tunis,Appart,12.793862088206213,5.0106352940962555
450000.0,500.0,4,Nabeul,House,13.017005083966255,6.2166061010848646
250000.0,100.0,3,Tunis,Appart,12.429220196836383,4.61512051684126
630000.0,743.0,3,Nabeul,House,13.353476685668044,6.612041034833092
1420000.0,350.0,5,Tunis,House,14.166168133802548,5.860786223465865
325000.0,150.0,3,Sousse,Appart,12.691583538230217,5.017279836814924
160000.0,89.0,3,Ben Arous,Appart,11.982935344196433,4.499809670330265
575000.0,200.0,3,Nabeul,House,13.26212705890841,5.303304908059076
650000.0,500.0,4,Nabeul,House,13.384729180332174,6.2166061010848646
330000.0,70.0,2,Sousse,Appart,12.706850963741102,4.2626798770413155
1000000.0,525.0,8,Mednine,House,13.815511557963774,6.26530121273771
1890000.0,617.0,6,Ariana,House,14.452087916136215,6.42648845745769
1500000.0,700.0,5,Sousse,House,14.220976332738882,6.55250788703459
395000.0,123.0,2,Sousse,Appart,12.886643575525625,4.820281565605037
520000.0,165.0,3,Sousse,Appart,13.161586013632684,5.111987788356544
750000.0,318.0,4,Nabeul,House,13.527829818844937,5.765191102784844
390000.0,110.0,2,Mednine,House,12.873904582205107,4.709530201312334
1700000.0,580.0,5,Sousse,House,14.346139397261565,6.364750756851911
950000.0,300.0,4,Ben Arous,House,13.76421831620775,5.707110264748875
950000.0,540.0,8,Tunis,House,13.76421831620775,6.293419278846481
1180000.0,320.0,4,Nabeul,House,13.981025843899115,5.771441123130016
395000.0,90.0,2,Sousse,Appart,12.886643575525625,4.51085950651685
290000.0,96.0,2,Sousse,Appart,12.577639650232573,4.574710978503383
310000.0,82.0,1,Sousse,Appart,12.644330802262578,4.418840607796598
333000.0,58.0,1,Nabeul,Appart,12.715900771961074,4.07753744390572
650000.0,250.0,4,Nabeul,House,13.384729180332174,5.5254529391317835
900000.0,375.0,3,Nabeul,House,13.710151153416941,5.929589143389895
480000.0,200.0,3,Ben Arous,House,13.081543466215237,5.303304908059076
155000.0,100.0,3,Ben Arous,Appart,11.951186847493476,4.61512051684126
720000.0,210.0,3,Nabeul,House,13.487007879880162,5.351858133476067
395000.0,138.0,3,Tunis,Appart,12.886643575525625,4.9344739331306915
510000.0,117.0,2,Tunis,Appart,13.1421679654829,4.770684624465665
950000.0,386.0,5,Tunis,House,13.76421831620775,5.958424693029782
1400000.0,350.0,4,Nabeul,House,14.151983508870947,5.860786223465865
650000.0,134.0,2,Tunis,Appart,13.384729180332174,4.90527477843843
370000.0,65.0,1,Tunis,Appart,12.821260987319457,4.189654742026425
150000.0,90.0,2,Tunis,House,11.918397239722838,4.51085950651685
360000.0,128.0,3,Ben Arous,Appart,12.793862088206213,4.859812404361672
220000.0,58.0,1,Tunis,Appart,12.301387370778713,4.07753744390572
215000.0,52.0,1,Tunis,Appart,12.278397958261774,3.970291913552122
3200000.0,1000.0,5,Ariana,House,14.978661680269907,6.90875477931522
780000.0,250.0,9,Nabeul,House,13.567050480716235,5.5254529391317835
180000.0,45.0,1,Nabeul,Appart,12.100717685412471,3.828641396489095
750000.0,240.0,4,Nabeul,House,13.527829818844937,5.484796933490655
829000.0,143.0,2,Tunis,Appart,13.627976640389322,4.969813299576001
800000.0,138.0,2,Tunis,Appart,13.592368256649284,4.9344739331306915
841000.0,145.0,2,Tunis,Appart,13.642348128015021,4.983606621708336
676000.0,211.0,3,Ariana,Appart,13.423949834313948,5.356586274672012
1700000.0,220.0,3,Tunis,Appart,14.346139397261565,5.3981627015177525
2500000.0,321.0,3,Tunis,House,14.731801689838349,5.7745515455444085
840000.0,490.0,3,Nabeul,House,13.641158361294979,6.19644412779452
750000.0,225.0,3,Nabeul,House,13.527829818844937,5.420534999272286
600000.0,400.0,3,Nabeul,House,13.304686600863562,5.993961427306569
415000.0,97.0,2,Nabeul,Appart,12.936036208848487,4.584967478670572
232000.0,125.0,2,Sfax,Appart,12.354496960983985,4.836281906951478
383000.0,101.0,2,Ariana,Appart,12.855792879125431,4.624972813284271
473000.0,122.0,2,Ariana,Appart,13.06685278163674,4.812184355372417
317000.0,70.0,1,Ariana,Appart,12.666660207428574,4.2626798770413155
350000.0,100.0,2,Tunis,Appart,12.765691290604371,4.61512051684126
880000.0,580.0,8,Tunis,House,13.68767832281738,6.364750756851911
360000.0,150.0,3,Tunis,Appart,12.793862088206213,5.017279836814924
430000.0,143.0,3,Tunis,Appart,12.971542813248437,4.969813299576001
1100000.0,440.0,3,Tunis,House,13.910821646859095,6.089044875446846
370000.0,108.0,2,Tunis,Appart,12.821260987319457,4.6913478822291435
366000.0,106.0,2,Tunis,Appart,12.810391344620207,4.672828834461906
398000.0,110.0,2,Tunis,Appart,12.894209796826232,4.709530201312334
730000.0,172.0,3,Tunis,Appart,13.500801182986649,5.153291594497779
1800000.0,270.0,3,Tunis,House,14.403297778421795,5.602118820879701
350000.0,100.0,2,Nabeul,Appart,12.765691290604371,4.61512051684126
1050000.0,260.0,4,Nabeul,House,13.864301674514206,5.564520407322694
330000.0,76.0,1,Tunis,Appart,12.706850963741102,4.343805421853684
1950000.0,410.0,3,Tunis,House,14.48334044336031,6.018593214496234
230000.0,120.0,2,Tunis,Appart,12.345838935721968,4.795790545596741
580000.0,135.0,2,Tunis,Appart,13.270785106659046,4.912654885736052
330000.0,145.0,4,Ariana,Appart,12.706850963741102,4.983606621708336
780000.0,210.0,5,Ariana,House,13.567050480716235,5.351858133476067
395000.0,74.0,2,Nabeul,Appart,12.886643575525625,4.31748811353631
250000.0,104.0,3,Nabeul,Appart,12.429220196836383,4.653960350157523
950000.0,300.0,4,Nabeul,House,13.76421831620775,5.707110264748875
250000.0,67.0,1,Nabeul,Appart,12.429220196836383,4.219507705176107
230000.0,104.0,2,Nabeul,Appart,12.345838935721968,4.653960350157523
265000.0,72.0,1,Nabeul,Appart,12.487488878546145,4.290459441148391
285000.0,57.0,1,Nabeul,Appart,12.560247968016562,4.060443010546419
220000.0,133.0,3,Ariana,Appart,12.301387370778713,4.897839799950911
347000.0,131.0,3,Tunis,Appart,12.757082940769225,4.882801922586371
230000.0,117.0,2,Nabeul,House,12.345838935721968,4.770684624465665
170000.0,85.0,2,Nabeul,Appart,12.04355959836804,4.454347296253507
295000.0,86.0,1,Nabeul,Appart,12.59473402514672,4.465908118654584
360000.0,208.0,3,Nabeul,Appart,12.793862088206213,5.342334251964811
690000.0,220.0,4,Nabeul,House,13.444448325847754,5.3981627015177525
750000.0,380.0,4,Nabeul,House,13.527829818844937,5.942799375126701
2100000.0,730.0,6,Sousse,House,14.557448378884015,6.594413459749778
500000.0,115.0,3,Sousse,Appart,13.122365377402328,4.7535901911063645
880000.0,220.0,6,Tunis,House,13.68767832281738,5.3981627015177525
750000.0,300.0,4,Nabeul,House,13.527829818844937,5.707110264748875
730000.0,340.0,5,Ariana,House,13.500801182986649,5.831882477283517
550000.0,550.0,5,Ariana,House,13.217675375388819,6.311734809152915
330000.0,120.0,3,Ariana,Appart,12.706850963741102,4.795790545596741
800000.0,264.0,5,Ariana,Appart,13.592368256649284,5.579729825986222
3500000.0,400.0,4,Ariana,House,15.068273812173887,5.993961427306569
430000.0,170.0,3,Ariana,Appart,12.971542813248437,5.14166355650266
1150000.0,266.0,4,Nabeul,House,13.955273369904273,5.58724865840025
547000.0,165.0,3,Ariana,Appart,13.212205909556012,5.111987788356544
445000.0,143.0,3,Sousse,Appart,13.005831808336863,4.969813299576001
520000.0,151.0,3,Sousse,Appart,13.161586013632684,5.0238805208462765
620000.0,200.0,4,Nabeul,House,13.3374763699232,5.303304908059076
860000.0,340.0,4,Nabeul,House,13.664688831019712,5.831882477283517
280000.0,144.0,3,Ariana,Appart,12.54254845357358,4.976733742420574
825000.0,193.0,4,Tunis,House,13.623139877437296,5.267858159063328
227000.0,65.0,1,Ariana,Appart,12.33270970174018,4.189654742026425
370000.0,108.0,2,Sousse,Appart,12.821260987319457,4.6913478822291435
340000.0,97.0,2,Sousse,Appart,12.73670383776449,4.584967478670572
1500000.0,350.0,4,Ariana,House,14.220976332738882,5.860786223465865
450000.0,130.0,3,Tunis,Appart,13.017005083966255,4.875197323201151
1700000.0,300.0,5,Ariana,House,14.346139397261565,5.707110264748875
500000.0,195.0,2,Nabeul,House,13.122365377402328,5.278114659230517
2100000.0,650.0,4,Nabeul,House,14.557448378884015,6.478509642208569
165000.0,75.0,2,Tunis,Appart,12.013706813470414,4.330733340286331
350000.0,300.0,7,Nabeul,House,12.765691290604371,5.707110264748875
235000.0,100.0,2,Tunis,Appart,12.367345048436391,4.61512051684126
885000.0,550.0,7,Nabeul,House,13.69334405393293,6.311734809152915
620000.0,120.0,2,Nabeul,Appart,13.3374763699232,4.795790545596741
495000.0,350.0,5,Nabeul,House,13.112315061750808,5.860786223465865
410000.0,122.0,3,Nabeul,House,12.923914877701906,4.812184355372417
350000.0,140.0,2,Nabeul,Appart,12.765691290604371,4.948759890378168
320000.0,83.0,1,Nabeul,Appart,12.676079399771027,4.430816798843313
310000.0,130.0,3,Nabeul,Appart,12.644330802262578,4.875197323201151
295000.0,101.0,2,Nabeul,Appart,12.59473402514672,4.624972813284271
2200000.0,570.0,4,Ariana,House,14.603968372873895,6.3473892096560105
550000.0,120.0,3,Sousse,Appart,13.217675375388819,4.795790545596741
1920000.0,881.0,6,Sousse,House,14.467836264837162,6.782192056006791
500000.0,100.0,2,Sousse,Appart,13.122365377402328,4.61512051684126
300000.0,156.0,3,Nabeul,Appart,12.611541086966115,5.056245805348308
220000.0,118.0,2,Nabeul,Appart,12.301387370778713,4.77912349311153
210000.0,100.0,2,Nabeul,Appart,12.25486757159303,4.61512051684126
200000.0,117.0,2,Nabeul,Appart,12.206077645517674,4.770684624465665
300000.0,95.0,2,Tunis,Appart,12.611541086966115,4.564348191467836
190000.0,60.0,1,Tunis,Appart,12.154784614286667,4.110873864173311
240000.0,54.0,1,Nabeul,Appart,12.388398368982115,4.007333185232471
2900000.0,210.0,3,Tunis,House,14.88022163978423,5.351858133476067
1700000.0,572.0,5,Sousse,House,14.346139397261565,6.35088571671474
300000.0,176.0,3,Sousse,Appart,12.611541086966115,5.176149732573829
260000.0,100.0,2,Ariana,Appart,12.468440756144114,4.61512051684126
450000.0,146.0,3,Sousse,Appart,13.017005083966255,4.990432586778736
300000.0,140.0,2,Nabeul,Appart,12.611541086966115,4.948759890378168
1950000.0,500.0,2,Ariana,House,14.48334044336031,6.2166061010848646
360000.0,280.0,3,Tunis,House,12.793862088206213,5.638354669333745
530000.0,120.0,2,Tunis,Appart,13.180634172318978,4.795790545596741
368000.0,111.0,4,Ariana,Appart,12.81584093453868,4.718498871295094
1600000.0,247.0,4,Tunis,Appart,14.285514812209815,5.5134287461649825
550000.0,120.0,2,Tunis,Appart,13.217675375388819,4.795790545596741
740000.0,260.0,3,Tunis,House,13.51440681653079,5.564520407322694
385000.0,136.0,3,Tunis,Appart,12.861001210669146,4.919980925828125
1750000.0,280.0,4,Tunis,House,14.375126917328105,5.638354669333745
383000.0,101.0,2,Ariana,Appart,12.855792879125431,4.624972813284271
2100000.0,289.0,3,Tunis,House,14.557448378884015,5.66988092298052
2700000.0,150.0,3,Tunis,House,14.80876270134486,5.017279836814924
380000.0,155.0,3,Tunis,Appart,12.847929163278053,5.049856007249537
330000.0,75.0,2,Nabeul,Appart,12.706850963741102,4.330733340286331
268000.0,66.0,1,Nabeul,Appart,12.498745990829315,4.204692619390966
1100000.0,360.0,4,Ariana,House,13.910821646859095,5.8888779583328805
220000.0,67.0,1,Ariana,Appart,12.301387370778713,4.219507705176107
750000.0,858.0,4,Sousse,House,13.527829818844937,6.755768921984255
850000.0,204.0,3,Sousse,Appart,13.652992804936396,5.3230099791384085
170000.0,80.0,1,Sousse,House,12.04355959836804,4.394449154672439
450000.0,130.0,3,Mednine,House,13.017005083966255,4.875197323201151
750000.0,220.0,4,Nabeul,House,13.527829818844937,5.3981627015177525
230000.0,55.0,1,Nabeul,Appart,12.345838935721968,4.02535169073515
400000.0,150.0,3,Tunis,Appart,12.899222326086994,5.017279836814924
660000.0,162.0,2,Tunis,Appart,13.399996629152975,5.093750200806762
385000.0,101.0,2,Sousse,Appart,12.861001210669146,4.624972813284271
850000.0,100.0,2,Tunis,Appart,13.652992804936396,4.61512051684126
330000.0,140.0,2,Nabeul,House,12.706850963741102,4.948759890378168
590000.0,215.0,5,Nabeul,House,13.28787951079572,5.375278407684165
680000.0,190.0,2,Nabeul,House,13.429849547739444,5.25227342804663
620000.0,300.0,4,Ben Arous,House,13.3374763699232,5.707110264748875
650000.0,1085.0,3,Nabeul,House,13.384729180332174,6.990256500493881
215000.0,73.0,1,Nabeul,Appart,12.278397958261774,4.30406509320417
265000.0,107.0,2,Tunis,Appart,12.487488878546145,4.68213122712422
415000.0,190.0,3,Sousse,Appart,12.936036208848487,5.25227342804663
1350000.0,200.0,4,Tunis,Appart,14.115615891155079,5.303304908059076
1050000.0,230.0,3,Tunis,Appart,13.864301674514206,5.442417710521793
380000.0,121.0,2,Sousse,Appart,12.847929163278053,4.804021044733257
560000.0,153.0,3,Tunis,Appart,13.235693848424024,5.0369526024136295
860000.0,160.0,3,Tunis,Appart,13.664688831019712,5.081404364984463
2100000.0,330.0,6,Tunis,House,14.557448378884015,5.802118375377063
954000.0,280.0,4,Ariana,House,13.768419998647904,5.638354669333745
1800000.0,600.0,6,Ariana,House,14.403297778421795,6.398594934535208
750000.0,250.0,4,Nabeul,House,13.527829818844937,5.5254529391317835
820000.0,2500.0,4,Nabeul,House,13.617060838751888,7.824445930877619
295000.0,92.0,2,Sousse,Appart,12.59473402514672,4.532599493153256
325000.0,85.0,2,Nabeul,Appart,12.691583538230217,4.454347296253507
285000.0,120.0,2,Nabeul,Appart,12.560247968016562,4.795790545596741
365000.0,107.0,2,Nabeul,Appart,12.807655372286902,4.68213122712422
150000.0,156.0,3,Nabeul,House,11.918397239722838,5.056245805348308
250000.0,110.0,3,Nabeul,Appart,12.429220196836383,4.709530201312334
1600000.0,450.0,5,Ariana,House,14.285514812209815,6.111467339502679
1100000.0,290.0,3,Nabeul,House,13.910821646859095,5.673323267171493
670000.0,500.0,3,Nabeul,House,13.415034483903348,6.2166061010848646
830000.0,320.0,4,Nabeul,House,13.629182184591333,5.771441123130016
980000.0,300.0,4,Nabeul,House,13.795308871054397,5.707110264748875
892000.0,485.0,4,Nabeul,House,13.70122253263775,6.186208623900494
680000.0,220.0,4,Nabeul,House,13.429849547739444,5.3981627015177525
399000.0,124.0,3,Tunis,House,12.896719202134523,4.8283137373023015
620000.0,89.0,2,Tunis,Appart,13.3374763699232,4.499809670330265
1500000.0,354.0,6,Tunis,House,14.220976332738882,5.872117789475416
269000.0,77.0,1,Tunis,Appart,12.502470376049185,4.356708826689592
750000.0,350.0,5,Tunis,House,13.527829818844937,5.860786223465865
1580000.0,200.0,3,Tunis,House,14.272936037914342,5.303304908059076
670000.0,172.0,4,Tunis,Appart,13.415034483903348,5.153291594497779
550000.0,123.0,2,Tunis,Appart,13.217675375388819,4.820281565605037
406000.0,120.0,3,Ariana,Appart,12.914110901635024,4.795790545596741
1080000.0,260.0,5,Ariana,House,13.8924725250259,5.564520407322694
1580000.0,465.0,5,Ariana,House,14.272936037914342,6.144185634125646
790000.0,230.0,3,Nabeul,House,13.579789490265188,5.442417710521793
685000.0,260.0,4,Nabeul,House,13.437175577097312,5.564520407322694
690000.0,264.0,4,Nabeul,House,13.444448325847754,5.579729825986222
700000.0,325.0,6,Tunis,House,13.45883704259595,5.786897381366708
650000.0,300.0,4,Ariana,House,13.384729180332174,5.707110264748875
1050000.0,650.0,9,Ariana,House,13.864301674514206,6.478509642208569
370000.0,115.0,4,Ariana,Appart,12.821260987319457,4.7535901911063645
340000.0,115.0,3,Tunis,Appart,12.73670383776449,4.7535901911063645
330000.0,63.0,2,Tunis,Appart,12.706850963741102,4.1588830833596715
1200000.0,400.0,4,Nabeul,House,13.997832948091215,5.993961427306569
1050000.0,270.0,4,Nabeul,House,13.864301674514206,5.602118820879701
1350000.0,580.0,4,Nabeul,House,14.115615891155079,6.364750756851911
950000.0,287.0,4,Ariana,House,13.76421831620775,5.662960480135946
1500000.0,540.0,5,Ben Arous,House,14.220976332738882,6.293419278846481
900000.0,350.0,10,Nabeul,House,13.710151153416941,5.860786223465865
550000.0,155.0,4,Ariana,House,13.217675375388819,5.049856007249537
350000.0,152.0,2,Tunis,Appart,12.765691290604371,5.030437921392435
1450000.0,260.0,4,Tunis,House,14.187074804051692,5.564520407322694
550000.0,180.0,3,Tunis,House,13.217675375388819,5.198497031265826
620000.0,115.0,2,Tunis,Appart,13.3374763699232,4.7535901911063645
1250000.0,550.0,5,Ariana,House,14.038654909278163,6.311734809152915
1550000.0,252.0,4,Tunis,House,14.253766134056512,5.53338948872752
800000.0,380.0,6,Ben Arous,House,13.592368256649284,5.942799375126701
1500000.0,885.0,8,Ben Arous,House,14.220976332738882,6.786716950605081
2500000.0,1500.0,6,Ben Arous,House,14.731801689838349,7.313886831633462
750000.0,250.0,5,Ben Arous,House,13.527829818844937,5.5254529391317835
800000.0,360.0,5,Ben Arous,House,13.592368256649284,5.8888779583328805
880000.0,555.0,10,Ariana,House,13.68767832281738,6.320768294250582
980000.0,602.0,10,Manouba,House,13.795308871054397,6.401917196727186
850000.0,500.0,4,Nabeul,House,13.652992804936396,6.2166061010848646
2300000.0,750.0,5,Tunis,House,14.648420115681892,6.621405651764134
240000.0,50.0,1,Tunis,Appart,12.388398368982115,3.9318256327243257
1400000.0,388.0,3,Tunis,House,14.151983508870947,5.963579343618446
1400000.0,425.0,6,Ariana,House,14.151983508870947,6.054439346269371
450000.0,260.0,3,Ben Arous,House,13.017005083966255,5.564520407322694
1900000.0,740.0,6,Ariana,Appart,14.45736497045232,6.608000625296087
680000.0,250.0,6,Ben Arous,House,13.429849547739444,5.5254529391317835
400000.0,630.0,4,Ariana,House,12.899222326086994,6.447305862541213
630000.0,300.0,8,Ariana,House,13.353476685668044,5.707110264748875
490000.0,154.0,2,Ariana,Appart,13.102162710901053,5.043425116919247
290000.0,100.0,3,Sousse,Appart,12.577639650232573,4.61512051684126
260000.0,100.0,2,Sousse,Appart,12.468440756144114,4.61512051684126
270000.0,120.0,3,Sousse,Appart,12.506180941677357,4.795790545596741
1100000.0,320.0,3,Nabeul,House,13.910821646859095,5.771441123130016
1300000.0,320.0,3,Tunis,House,14.077875591662238,5.771441123130016
270000.0,122.0,3,Tunis,Appart,12.506180941677357,4.812184355372417
250000.0,106.0,2,Tunis,Appart,12.429220196836383,4.672828834461906
770000.0,138.0,3,Tunis,Appart,13.554147092530322,4.9344739331306915
375000.0,110.0,3,Tunis,Appart,12.834683971615659,4.709530201312334
1100000.0,400.0,5,Ben Arous,House,13.910821646859095,5.993961427306569
1350000.0,208.0,3,Tunis,House,14.115615891155079,5.342334251964811
100000.0,90.0,2,Sousse,House,11.51293546492023,4.51085950651685
1400000.0,190.0,2,Tunis,House,14.151983508870947,5.25227342804663
1375000.0,314.0,3,Tunis,Appart,14.13396501635527,5.752572638825633
550000.0,114.0,2,Tunis,Appart,13.217675375388819,4.74493212836325
490000.0,100.0,3,Nabeul,House,13.102162710901053,4.61512051684126
237000.0,60.0,1,Nabeul,Appart,12.37581963951765,4.110873864173311
350000.0,100.0,3,Ariana,Appart,12.765691290604371,4.61512051684126
190000.0,30.0,1,Sousse,Appart,12.154784614286667,3.4339872044851463
219000.0,100.0,2,Ariana,Appart,12.296831574998258,4.61512051684126
1350000.0,270.0,3,Tunis,House,14.115615891155079,5.602118820879701
490000.0,192.0,2,Nabeul,Appart,13.102162710901053,5.262690188904886
530000.0,141.0,3,Nabeul,Appart,13.180634172318978,4.955827057601261
410000.0,109.0,2,Nabeul,Appart,12.923914877701906,4.700480365792417
7300000.0,1850.0,5,Tunis,House,15.803385043104912,7.523481312573497
299000.0,146.0,2,Tunis,Appart,12.608202196848836,4.990432586778736
480000.0,90.0,2,Nabeul,Appart,13.081543466215237,4.51085950651685
475000.0,107.0,3,Nabeul,Appart,13.07107218827772,4.68213122712422
386000.0,122.0,2,Ariana,Appart,12.863595239117187,4.812184355372417
660000.0,198.0,4,Ariana,Appart,13.399996629152975,5.293304824724492
729000.0,155.0,3,Ariana,Appart,13.499430382731967,5.049856007249537
320000.0,97.0,1,Ariana,Appart,12.676079399771027,4.584967478670572
711000.0,206.0,4,Ariana,Appart,13.47442911525415,5.332718793265369
588000.0,196.0,3,Ariana,Appart,13.28448392755959,5.2832037287379885
460000.0,136.0,2,Ariana,Appart,13.038983942375959,4.919980925828125
390000.0,99.0,2,Tunis,Appart,12.873904582205107,4.605170185988092
260000.0,120.0,6,Nabeul,House,12.468440756144114,4.795790545596741
235000.0,110.0,2,Nabeul,Appart,12.367345048436391,4.709530201312334
220000.0,55.0,2,Tunis,Appart,12.301387370778713,4.02535169073515
550000.0,208.0,4,Tunis,Appart,13.217675375388819,5.342334251964811
257000.0,61.0,1,Tunis,Appart,12.456835254920371,4.127134385045092
250000.0,59.0,1,Tunis,Appart,12.429220196836383,4.0943445622221
2000000.0,750.0,5,Monastir,House,14.508658238524095,6.621405651764134
2800000.0,1111.0,4,Sousse,House,14.845130332288226,7.013915474810528
1180000.0,310.0,4,Nabeul,House,13.981025843899115,5.739792912179234
600000.0,210.0,3,Nabeul,House,13.304686600863562,5.351858133476067
900000.0,300.0,4,Nabeul,House,13.710151153416941,5.707110264748875
920000.0,310.0,4,Nabeul,House,13.732130035981154,5.739792912179234
780000.0,180.0,3,Nabeul,House,13.567050480716235,5.198497031265826
178000.0,78.0,2,Manouba,Appart,12.08954444723597,4.3694478524670215
315000.0,175.0,3,Monastir,Appart,12.660331092405906,5.170483995038151
275000.0,67.0,1,Tunis,Appart,12.524530013005734,4.219507705176107
430000.0,142.0,3,Tunis,Appart,12.971542813248437,4.962844630259907
490000.0,160.0,3,Nabeul,Appart,13.102162710901053,5.081404364984463
410000.0,110.0,2,Nabeul,Appart,12.923914877701906,4.709530201312334
1600000.0,240.0,4,Nabeul,House,14.285514812209815,5.484796933490655
1500000.0,712.0,1,Nabeul,House,14.220976332738882,6.569481420414296
2000000.0,400.0,5,Tunis,House,14.508658238524095,5.993961427306569
1849000.0,650.0,9,Ariana,House,14.430156051201998,6.478509642208569
960000.0,345.0,4,Nabeul,Appart,13.774689605110144,5.846438775057725
1600000.0,1060.0,1,Monastir,House,14.285514812209815,6.966967138613983
230000.0,54.0,1,Ariana,Appart,12.345838935721968,4.007333185232471
710000.0,155.0,2,Tunis,Appart,13.47302165746721,5.049856007249537
426000.0,121.0,2,Tunis,Appart,12.962196972666593,4.804021044733257
1035000.0,285.0,5,Tunis,House,13.849912950864715,5.655991810819852
325000.0,131.0,3,Ariana,Appart,12.691583538230217,4.882801922586371
870000.0,200.0,4,Nabeul,House,13.676249640055394,5.303304908059076
795000.0,245.0,3,Tunis,House,13.586098651497313,5.5053315359323625
260000.0,55.0,1,Tunis,Appart,12.468440756144114,4.02535169073515
490000.0,153.0,3,Sousse,Appart,13.102162710901053,5.0369526024136295
580000.0,183.0,2,Sousse,Appart,13.270785106659046,5.214935757608986
780000.0,264.0,4,Nabeul,House,13.567050480716235,5.579729825986222
325000.0,134.0,3,Tunis,Appart,12.691583538230217,4.90527477843843
330000.0,110.0,2,Nabeul,Appart,12.706850963741102,4.709530201312334
750000.0,183.0,4,Tunis,Appart,13.527829818844937,5.214935757608986
430000.0,360.0,5,Ben Arous,House,12.971542813248437,5.8888779583328805
450000.0,145.0,3,Nabeul,House,13.017005083966255,4.983606621708336
550000.0,70.0,1,Nabeul,House,13.217675375388819,4.2626798770413155
880000.0,220.0,4,Nabeul,House,13.68767832281738,5.3981627015177525
526400.0,188.0,3,Ariana,Appart,13.173818558687488,5.241747015059643
490000.0,350.0,5,Nabeul,House,13.102162710901053,5.860786223465865
850000.0,328.0,5,Nabeul,House,13.652992804936396,5.796057750765372
310000.0,140.0,3,Ariana,Appart,12.644330802262578,4.948759890378168
326000.0,103.0,2,Ben Arous,Appart,12.694655727828803,4.6443908991413725
1500000.0,250.0,3,Tunis,House,14.220976332738882,5.5254529391317835
450000.0,136.0,2,Nabeul,Appart,13.017005083966255,4.919980925828125
317000.0,57.0,1,Nabeul,Appart,12.666660207428574,4.060443010546419
234000.0,60.0,1,Nabeul,Appart,12.36308066783498,4.110873864173311
470000.0,160.0,3,Nabeul,Appart,13.060490101343552,5.081404364984463
423000.0,106.0,2,Nabeul,Appart,12.955129822091815,4.672828834461906
170000.0,200.0,4,Nabeul,Appart,12.04355959836804,5.303304908059076
520000.0,110.0,2,Nabeul,Appart,13.161586013632684,4.709530201312334
611000.0,130.0,2,Nabeul,Appart,13.322853874813605,4.875197323201151
500000.0,200.0,3,Tunis,Appart,13.122365377402328,5.303304908059076
1200000.0,189.0,3,Tunis,House,13.997832948091215,5.247024072160486
8000000.0,400.0,8,Tunis,House,15.894952224644102,5.993961427306569
1400000.0,273.0,3,Tunis,Appart,14.151983508870947,5.6131281063880705
380000.0,87.0,1,Tunis,Appart,12.847929163278053,4.477336814478207
400000.0,74.0,1,Tunis,Appart,12.899222326086994,4.31748811353631
400000.0,312.0,5,Tunis,House,12.899222326086994,5.746203190540153
550000.0,312.0,7,Ben Arous,House,13.217675375388819,5.746203190540153
280000.0,100.0,2,Ariana,Appart,12.54254845357358,4.61512051684126
320000.0,68.0,2,Tunis,Appart,12.676079399771027,4.23410650459726
720000.0,160.0,4,Sousse,Appart,13.487007879880162,5.081404364984463
450000.0,262.0,3,Nabeul,House,13.017005083966255,5.572154032177765
240000.0,80.0,1,Tunis,Appart,12.388398368982115,4.394449154672439
180000.0,215.0,2,Nabeul,House,12.100717685412471,5.375278407684165
1395000.0,667.0,6,Ariana,House,14.148405690083225,6.504288173536645
1800000.0,325.0,3,Tunis,House,14.403297778421795,5.786897381366708
3000000.0,280.0,3,Tunis,House,14.914123179965662,5.638354669333745
270000.0,90.0,2,Ariana,Appart,12.506180941677357,4.51085950651685
600000.0,255.0,4,Tunis,House,13.304686600863562,5.545177444479562
300000.0,100.0,2,Nabeul,Appart,12.611541086966115,4.61512051684126
635000.0,141.0,2,Nabeul,Appart,13.361381852676738,4.955827057601261
860000.0,603.0,5,Nabeul,House,13.664688831019712,6.403574197934815
495000.0,124.0,2,Nabeul,Appart,13.112315061750808,4.8283137373023015
240000.0,120.0,2,Ariana,Appart,12.388398368982115,4.795790545596741
255000.0,115.0,3,Tunis,Appart,12.449022745701502,4.7535901911063645
275000.0,100.0,3,Tunis,Appart,12.524530013005734,4.61512051684126
426000.0,142.0,3,Ariana,Appart,12.962196972666593,4.962844630259907
406000.0,120.0,3,Ariana,Appart,12.914110901635024,4.795790545596741
1460000.0,826.0,5,Ariana,House,14.19394767861579,6.717804695023691
600000.0,212.0,3,Ariana,Appart,13.304686600863562,5.3612921657094255
490000.0,281.0,6,Nabeul,House,13.102162710901053,5.641907070938114
300000.0,65.0,2,Nabeul,Appart,12.611541086966115,4.189654742026425
250000.0,100.0,1,Sousse,House,12.429220196836383,4.61512051684126
720000.0,111.0,1,Tunis,Appart,13.487007879880162,4.718498871295094
700000.0,250.0,6,Tunis,House,13.45883704259595,5.5254529391317835
360000.0,74.0,1,Tunis,Appart,12.793862088206213,4.31748811353631
450000.0,120.0,3,Nabeul,Appart,13.017005083966255,4.795790545596741
850000.0,220.0,3,Nabeul,House,13.652992804936396,5.3981627015177525
950000.0,400.0,4,Nabeul,House,13.76421831620775,5.993961427306569
240000.0,100.0,2,Nabeul,Appart,12.388398368982115,4.61512051684126
550000.0,196.0,2,Mednine,House,13.217675375388819,5.2832037287379885
583275.0,106.0,2,Tunis,Appart,13.276415766686943,4.672828834461906
750000.0,158.0,4,Tunis,Appart,13.527829818844937,5.0689042022202315
760000.0,280.0,4,Nabeul,House,13.541075028051122,5.638354669333745
790000.0,300.0,4,Nabeul,House,13.579789490265188,5.707110264748875
235000.0,100.0,2,Tunis,Appart,12.367345048436391,4.61512051684126
260000.0,64.0,1,Nabeul,Appart,12.468440756144114,4.174387269895637
550000.0,500.0,4,Nabeul,House,13.217675375388819,6.2166061010848646
850000.0,782.0,10,Tunis,House,13.652992804936396,6.663132695990803
220000.0,80.0,3,Sousse,Appart,12.301387370778713,4.394449154672439
1050000.0,600.0,6,Sousse,House,13.864301674514206,6.398594934535208
770000.0,190.0,3,Nabeul,House,13.554147092530322,5.25227342804663
1050000.0,400.0,4,Nabeul,House,13.864301674514206,5.993961427306569
320000.0,118.0,2,Sousse,Appart,12.676079399771027,4.77912349311153
458000.0,121.0,2,Sousse,Appart,13.034626646500051,4.804021044733257
373000.0,140.0,3,Sousse,Appart,12.829336379587506,4.948759890378168
460000.0,145.0,3,Sousse,Appart,13.038983942375959,4.983606621708336
370000.0,128.0,2,Sousse,Appart,12.821260987319457,4.859812404361672
365000.0,121.0,2,Sousse,Appart,12.807655372286902,4.804021044733257
406000.0,118.0,2,Sousse,Appart,12.914110901635024,4.77912349311153
365000.0,118.0,2,Sousse,Appart,12.807655372286902,4.77912349311153
1190000.0,230.0,3,Tunis,Appart,13.989464705423494,5.442417710521793
230000.0,55.0,1,Nabeul,Appart,12.345838935721968,4.02535169073515
260000.0,46.0,1,Nabeul,Appart,12.468440756144114,3.8501476017100584
335000.0,65.0,1,Tunis,Appart,12.721888795877375,4.189654742026425
850000.0,225.0,4,Tunis,Appart,13.652992804936396,5.420534999272286
1900000.0,400.0,6,Tunis,House,14.45736497045232,5.993961427306569
360000.0,175.0,4,Tunis,Appart,12.793862088206213,5.170483995038151
300000.0,86.0,2,Nabeul,House,12.611541086966115,4.465908118654584
420000.0,112.0,3,Sousse,Appart,12.948012371209098,4.727387818712341
550000.0,160.0,3,Ariana,Appart,13.217675375388819,5.081404364984463
1300000.0,158.0,3,Tunis,Appart,14.077875591662238,5.0689042022202315
240000.0,110.0,3,Nabeul,Appart,12.388398368982115,4.709530201312334
1450000.0,600.0,5,Ariana,House,14.187074804051692,6.398594934535208
247000.0,62.0,1,Tunis,Appart,12.417147664184915,4.143134726391533
275000.0,170.0,3,Tunis,Appart,12.524530013005734,5.14166355650266
750000.0,230.0,3,Nabeul,House,13.527829818844937,5.442417710521793
840000.0,250.0,4,Nabeul,House,13.641158361294979,5.5254529391317835
235000.0,69.0,1,Ariana,Appart,12.367345048436391,4.248495242049359
250000.0,110.0,2,Tunis,Appart,12.429220196836383,4.709530201312334
200000.0,56.0,1,Sousse,Appart,12.206077645517674,4.04305126783455
130000.0,80.0,2,Ariana,Appart,11.775297421715827,4.394449154672439
2400000.0,200.0,2,Tunis,Appart,14.690979711984754,5.303304908059076
2200000.0,530.0,5,Ariana,House,14.603968372873895,6.274762021241939
950000.0,165.0,3,Tunis,Appart,13.76421831620775,5.111987788356544
4800000.0,2200.0,5,Nabeul,House,15.38412668421143,7.696667081526462
3000000.0,944.0,4,Ariana,House,14.914123179965662,6.851184927493743
900000.0,350.0,3,Manouba,House,13.710151153416941,5.860786223465865
98000.0,60.0,1,Sousse,Appart,11.49273296168228,4.110873864173311
1750000.0,410.0,4,Nabeul,House,14.375126917328105,6.018593214496234
1320000.0,160.0,3,Tunis,Appart,14.093143052138025,5.081404364984463
670000.0,168.0,3,Tunis,Appart,13.415034483903348,5.1298987149230735
1200000.0,250.0,3,Tunis,House,13.997832948091215,5.5254529391317835
650000.0,140.0,3,Tunis,Appart,13.384729180332174,4.948759890378168
329000.0,104.0,2,Ben Arous,Appart,12.703816069256568,4.653960350157523
370000.0,57.0,1,Tunis,Appart,12.821260987319457,4.060443010546419
950000.0,582.0,3,Tunis,House,13.76421831620775,6.368187186350492
1300000.0,243.0,3,Tunis,House,14.077875591662238,5.497168225293202
855000.0,220.0,3,Tunis,House,13.658857917508856,5.3981627015177525
2450000.0,817.0,7,Tunis,House,14.711598990684092,6.706862336602747
2300000.0,820.0,6,Tunis,House,14.648420115681892,6.710523109452428
320000.0,119.0,2,Tunis,Appart,12.676079399771027,4.787491742782046
1650000.0,598.0,7,Ariana,House,14.316286451937186,6.395261598115449
240000.0,90.0,2,Tunis,Appart,12.388398368982115,4.51085950651685
145000.0,73.0,1,Mahdia,Appart,11.884495917930655,4.30406509320417
388000.0,112.0,2,Tunis,House,12.868763195921677,4.727387818712341
381000.0,106.0,2,Tunis,Appart,12.850557278777309,4.672828834461906
135000.0,80.0,2,Nabeul,Appart,11.813037464800539,4.394449154672439
255000.0,75.0,1,Ariana,Appart,12.449022745701502,4.330733340286331
380000.0,119.0,3,Tunis,Appart,12.847929163278053,4.787491742782046
185000.0,66.0,1,Tunis,Appart,12.128116509451258,4.204692619390966
600000.0,190.0,3,Nabeul,House,13.304686600863562,5.25227342804663
380000.0,120.0,2,Ben Arous,Appart,12.847929163278053,4.795790545596741
670000.0,198.0,3,Sousse,Appart,13.415034483903348,5.293304824724492
1100000.0,420.0,4,Nabeul,House,13.910821646859095,6.042632833682381
185000.0,50.0,1,Ariana,Appart,12.128116509451258,3.9318256327243257
1400000.0,400.0,6,Ariana,House,14.151983508870947,5.993961427306569
382000.0,56.0,1,Tunis,Appart,12.853178505386333,4.04305126783455
216000.0,57.0,1,Tunis,Appart,12.283038316285214,4.060443010546419
465000.0,204.0,5,Tunis,Appart,13.049794835104816,5.3230099791384085
440000.0,120.0,2,Sousse,Appart,12.994532278619134,4.795790545596741
1680000.0,370.0,4,Tunis,Appart,14.33430494661736,5.916202062607435
950000.0,386.0,6,Tunis,House,13.76421831620775,5.958424693029782
1330000.0,194.0,3,Tunis,Appart,14.100690252077353,5.272999558563747
357000.0,108.0,2,Ariana,Appart,12.785493861878301,4.6913478822291435
461000.0,139.0,3,Ariana,Appart,13.04115549117383,4.941642422609304
375000.0,110.0,2,Tunis,Appart,12.834683971615659,4.709530201312334
720000.0,197.0,3,Tunis,Appart,13.487007879880162,5.288267030694535
440000.0,70.0,1,Tunis,Appart,12.994532278619134,4.2626798770413155
365000.0,149.0,3,Tunis,Appart,12.807655372286902,5.0106352940962555
850000.0,193.0,3,Tunis,Appart,13.652992804936396,5.267858159063328
390000.0,300.0,3,Tunis,Appart,12.873904582205107,5.707110264748875
650000.0,113.0,4,Tunis,Appart,13.384729180332174,4.736198448394496
890000.0,195.0,4,Ariana,House,13.698977865303197,5.278114659230517
354000.0,129.0,3,Manouba,Appart,12.777055016970678,4.867534450455582
218000.0,49.0,1,Tunis,Appart,12.292254928916668,3.912023005428146
145000.0,75.0,2,Tunis,Appart,11.884495917930655,4.330733340286331
197000.0,72.0,1,Manouba,Appart,12.190964083849375,4.290459441148391
272000.0,98.0,2,Manouba,Appart,12.513561021741964,4.59511985013459
259000.0,114.0,3,Monastir,Appart,12.464587201678082,4.74493212836325
350000.0,99.0,2,Monastir,Appart,12.765691290604371,4.605170185988092
255000.0,112.0,3,Monastir,Appart,12.449022745701502,4.727387818712341
1050000.0,230.0,4,Tunis,Appart,13.864301674514206,5.442417710521793
505000.0,153.0,3,Ariana,Appart,13.132315688453556,5.0369526024136295
475000.0,113.0,2,Sousse,Appart,13.07107218827772,4.736198448394496
880000.0,122.0,3,Tunis,Appart,13.68767832281738,4.812184355372417
570000.0,270.0,3,Nabeul,House,13.25339339419516,5.602118820879701
280000.0,70.0,1,Nabeul,Appart,12.54254845357358,4.2626798770413155
702000.0,167.0,3,Ariana,House,13.461690107508359,5.123963979403259
350000.0,80.0,1,Sousse,Appart,12.765691290604371,4.394449154672439
170000.0,83.0,3,Ariana,Appart,12.04355959836804,4.430816798843313
200000.0,60.0,1,Tunis,Appart,12.206077645517674,4.110873864173311
3300000.0,250.0,7,Tunis,House,15.009433329466965,5.5254529391317835
315000.0,74.0,2,Sousse,Appart,12.660331092405906,4.31748811353631
345050.0,107.0,2,Sousse,Appart,12.751447511175254,4.68213122712422
165000.0,91.0,3,Sousse,Appart,12.013706813470414,4.5217885770490405
320000.0,70.0,2,Tunis,Appart,12.676079399771027,4.2626798770413155
700000.0,160.0,3,Tunis,Appart,13.45883704259595,5.081404364984463
1980000.0,659.0,6,Tunis,House,14.498607907721096,6.492239835020471
2100000.0,420.0,5,Ariana,House,14.557448378884015,6.042632833682381
1350000.0,270.0,3,Tunis,House,14.115615891155079,5.602118820879701
930000.0,225.0,3,Tunis,Appart,13.742940940397677,5.420534999272286
175000.0,97.0,2,Mahdia,Appart,12.07254696717504,4.584967478670572
330000.0,52.0,2,Nabeul,Appart,12.706850963741102,3.970291913552122
310000.0,105.0,2,Manouba,Appart,12.644330802262578,4.663439094112067
200000.0,67.0,1,Manouba,Appart,12.206077645517674,4.219507705176107
1100000.0,412.0,3,Nabeul,House,13.910821646859095,6.023447592961033
660000.0,230.0,3,Mednine,House,13.399996629152975,5.442417710521793
395000.0,122.0,2,Sousse,Appart,12.886643575525625,4.812184355372417
680000.0,300.0,4,Nabeul,House,13.429849547739444,5.707110264748875
165000.0,170.0,3,Nabeul,House,12.013706813470414,5.14166355650266
340000.0,65.0,1,Tunis,Appart,12.73670383776449,4.189654742026425
4100000.0,800.0,5,Tunis,House,15.226497775576945,6.68586094706836
579000.0,138.0,2,Tunis,Appart,13.269059483669357,4.9344739331306915
2200000.0,350.0,4,Nabeul,House,14.603968372873895,5.860786223465865
1550000.0,370.0,5,Nabeul,House,14.253766134056512,5.916202062607435
550000.0,120.0,2,Nabeul,Appart,13.217675375388819,4.795790545596741
299000.0,78.0,2,Nabeul,Appart,12.608202196848836,4.3694478524670215
413000.0,114.0,2,Tunis,Appart,12.931205293247745,4.74493212836325
393000.0,109.0,2,Tunis,Appart,12.881567435377423,4.700480365792417
800000.0,200.0,3,Nabeul,House,13.592368256649284,5.303304908059076
480000.0,138.0,2,Nabeul,Appart,13.081543466215237,4.9344739331306915
1350000.0,370.0,1,Nabeul,House,14.115615891155079,5.916202062607435
350000.0,82.0,1,Nabeul,Appart,12.765691290604371,4.418840607796598
750000.0,144.0,4,Nabeul,House,13.527829818844937,4.976733742420574
410000.0,200.0,2,Nabeul,House,12.923914877701906,5.303304908059076
750000.0,116.0,2,Tunis,Appart,13.527829818844937,4.762173934797756
1300000.0,400.0,1,Nabeul,House,14.077875591662238,5.993961427306569
210000.0,50.0,1,Nabeul,Appart,12.25486757159303,3.9318256327243257
395000.0,71.0,2,Nabeul,Appart,12.886643575525625,4.276666119016055
750000.0,240.0,3,Nabeul,House,13.527829818844937,5.484796933490655
320000.0,146.0,3,Nabeul,Appart,12.676079399771027,4.990432586778736
420000.0,200.0,3,Nabeul,House,12.948012371209098,5.303304908059076
465000.0,130.0,2,Nabeul,Appart,13.049794835104816,4.875197323201151
260000.0,63.0,1,Nabeul,Appart,12.468440756144114,4.1588830833596715
400000.0,103.0,2,Nabeul,Appart,12.899222326086994,4.6443908991413725
287000.0,116.0,2,Ben Arous,Appart,12.567240979056246,4.762173934797756
310000.0,82.0,1,Nabeul,Appart,12.644330802262578,4.418840607796598
490000.0,160.0,3,Nabeul,Appart,13.102162710901053,5.081404364984463
900000.0,44.0,4,Nabeul,House,13.710151153416941,3.8066624897703196
1300000.0,166.0,2,Nabeul,Appart,14.077875591662238,5.117993812416755
570000.0,306.0,4,Nabeul,House,13.25339339419516,5.726847747587197
1550000.0,50.0,6,Tunis,House,14.253766134056512,3.9318256327243257
648000.0,135.0,3,Tunis,Appart,13.381647518543097,4.912654885736052
540000.0,122.0,3,Tunis,Appart,13.199326270390594,4.812184355372417
280000.0,69.0,1,Nabeul,Appart,12.54254845357358,4.248495242049359
283000.0,81.0,2,Tunis,Appart,12.553205710188037,4.406719247264253
560000.0,164.0,3,Ariana,House,13.235693848424024,5.10594547390058
450000.0,260.0,4,Ariana,Appart,13.017005083966255,5.564520407322694
315000.0,40.0,1,Tunis,Appart,12.660331092405906,3.713572066704308
823000.0,168.0,2,Tunis,Appart,13.620712694725297,5.1298987149230735
424000.0,134.0,3,Ben Arous,Appart,12.95749109270188,4.90527477843843
458000.0,109.0,2,Sousse,Appart,13.034626646500051,4.700480365792417
650000.0,175.0,3,Mednine,House,13.384729180332174,5.170483995038151
380000.0,121.0,2,Sousse,Appart,12.847929163278053,4.804021044733257
850000.0,204.0,3,Sousse,Appart,13.652992804936396,5.3230099791384085
395000.0,119.0,3,Tunis,Appart,12.886643575525625,4.787491742782046
285000.0,86.0,2,Ariana,Appart,12.560247968016562,4.465908118654584
380000.0,107.0,3,Tunis,Appart,12.847929163278053,4.68213122712422
900000.0,250.0,3,Nabeul,House,13.710151153416941,5.5254529391317835
397000.0,140.0,3,Ariana,Appart,12.891694078557842,4.948759890378168
870000.0,600.0,4,Nabeul,House,13.676249640055394,6.398594934535208
690000.0,180.0,3,Nabeul,House,13.444448325847754,5.198497031265826
930000.0,310.0,4,Nabeul,House,13.742940940397677,5.739792912179234
310000.0,87.0,2,Tunis,Appart,12.644330802262578,4.477336814478207
420000.0,125.0,3,Ariana,House,12.948012371209098,4.836281906951478
110000.0,100.0,3,Ben Arous,Appart,11.608244735642321,4.61512051684126
95000.0,50.0,1,Tunis,House,11.461642696843066,3.9318256327243257
145000.0,91.0,4,Tunis,House,11.884495917930655,4.5217885770490405
790000.0,191.0,3,Tunis,Appart,13.579789490265188,5.2574953720277815
211000.0,46.0,1,Tunis,Appart,12.259618151783465,3.8501476017100584
289000.0,98.0,2,Tunis,Appart,12.574185427296195,4.59511985013459
240710.0,102.0,2,Kairouan,Appart,12.391352322768494,4.634728988229636
221534.0,94.0,2,Kairouan,Appart,12.30833586952852,4.553876891600541
234741.0,99.0,2,Kairouan,Appart,12.366242317682572,4.605170185988092
250580.0,106.0,2,Kairouan,Appart,12.43153750053306,4.672828834461906
416000.0,125.0,3,Tunis,Appart,12.938442943086665,4.836281906951478
317511.0,105.0,2,Kairouan,Appart,12.66827089187625,4.663439094112067
326786.0,106.0,2,Kairouan,Appart,12.69706386149499,4.672828834461906
756000.0,180.0,3,Sousse,Appart,13.535797977912118,5.198497031265826
207928.0,88.0,2,Kairouan,Appart,12.244951954257749,4.48863636973214
272000.0,93.0,2,Manouba,Appart,12.513561021741964,4.543294782270004
150000.0,80.0,1,Sousse,Appart,11.918397239722838,4.394449154672439
253236.0,107.0,2,Kairouan,Appart,12.44208108811814,4.68213122712422
248841.0,105.0,2,Kairouan,Appart,12.424573435889696,4.663439094112067
790000.0,500.0,3,Nabeul,House,13.579789490265188,6.2166061010848646
416000.0,125.0,3,Tunis,Appart,12.938442943086665,4.836281906951478
229125.0,97.0,2,Kairouan,Appart,12.342027349562379,4.584967478670572
358000.0,104.0,2,Tunis,Appart,12.788291058675025,4.653960350157523
1050000.0,181.0,2,Tunis,Appart,13.864301674514206,5.204006687076795
577000.0,145.0,2,Tunis,Appart,13.265599278590988,4.983606621708336
405000.0,176.0,4,Tunis,Appart,12.91164481522143,5.176149732573829
676000.0,211.0,3,Ariana,Appart,13.423949834313948,5.356586274672012
407000.0,129.0,3,Ben Arous,Appart,12.91657092142417,4.867534450455582
1180000.0,452.0,5,Ariana,House,13.981025843899115,6.115892125483034
440000.0,220.0,3,Ariana,House,12.994532278619134,5.3981627015177525
220000.0,70.0,1,Ariana,Appart,12.301387370778713,4.2626798770413155
1250000.0,420.0,5,Tunis,House,14.038654909278163,6.042632833682381
438000.0,119.0,3,Tunis,Appart,12.989976472461,4.787491742782046
132041.0,46.0,1,Kairouan,Appart,11.79087533277759,3.8501476017100584
410000.0,150.0,3,Ariana,Appart,12.923914877701906,5.017279836814924
1380000.0,300.0,4,Tunis,House,14.137594781770806,5.707110264748875
890000.0,170.0,3,Tunis,Appart,13.698977865303197,5.14166355650266
300000.0,90.0,1,Nabeul,Appart,12.611541086966115,4.51085950651685
610000.0,115.0,6,Nabeul,House,13.321215875492413,4.7535901911063645
392000.0,119.0,3,Tunis,Appart,12.879019669789754,4.787491742782046
416000.0,125.0,3,Tunis,Appart,12.938442943086665,4.836281906951478
1400000.0,235.0,3,Tunis,House,14.151983508870947,5.4638318050256105
950000.0,2200.0,3,Tunis,Appart,13.76421831620775,7.696667081526462
435000.0,100.0,2,Tunis,Appart,12.983103608918753,4.61512051684126
330000.0,110.0,3,Nabeul,House,12.706850963741102,4.709530201312334
226800.0,84.0,2,Sousse,Appart,12.33182825999709,4.442651256490317
340000.0,147.0,3,Sousse,Appart,12.73670383776449,4.997212273764115
260000.0,130.0,2,Sousse,Appart,12.468440756144114,4.875197323201151
200000.0,574.0,1,Sousse,Appart,12.206077645517674,6.354370040797351
250000.0,130.0,2,Sousse,Appart,12.429220196836383,4.875197323201151
235000.0,130.0,2,Sousse,Appart,12.367345048436391,4.875197323201151
660000.0,230.0,3,Sousse,House,13.399996629152975,5.442417710521793
207928.0,88.0,2,Kairouan,Appart,12.244951954257749,4.48863636973214
690000.0,250.0,3,Nabeul,Appart,13.444448325847754,5.5254529391317835
480000.0,72.0,2,Nabeul,Appart,13.081543466215237,4.290459441148391
388000.0,116.0,2,Nabeul,Appart,12.868763195921677,4.762173934797756
417000.0,124.0,3,Ariana,Appart,12.940843898859598,4.8283137373023015
235000.0,130.0,2,Sousse,Appart,12.367345048436391,4.875197323201151
441000.0,147.0,3,Sousse,Appart,12.996802422000108,4.997212273764115
385000.0,69.0,1,Tunis,Appart,12.861001210669146,4.248495242049359
680000.0,220.0,4,Nabeul,House,13.429849547739444,5.3981627015177525
321000.0,107.0,2,Ariana,Appart,12.679199517372098,4.68213122712422
975000.0,300.0,3,Tunis,Appart,13.790193775620484,5.707110264748875
650000.0,260.0,6,Tunis,House,13.384729180332174,5.564520407322694
280000.0,180.0,2,Kairouan,Appart,12.54254845357358,5.198497031265826
370000.0,145.0,3,Tunis,Appart,12.821260987319457,4.983606621708336
468000.0,156.0,3,Tunis,Appart,13.056225711649638,5.056245805348308
714000.0,168.0,3,Ariana,House,13.478639641880966,5.1298987149230735
1300000.0,130.0,3,Nabeul,Appart,14.077875591662238,4.875197323201151
180000.0,60.0,1,Nabeul,Appart,12.100717685412471,4.110873864173311
223720.0,95.0,2,Kairouan,Appart,12.31815501879859,4.564348191467836
600000.0,107.0,2,Tunis,Appart,13.304686600863562,4.68213122712422
419000.0,99.0,2,Tunis,Appart,12.945628585536271,4.605170185988092
622000.0,136.0,3,Tunis,Appart,13.340696979437066,4.919980925828125
419000.0,99.0,2,Tunis,Appart,12.945628585536271,4.605170185988092
576000.0,118.0,2,Tunis,Appart,13.263864675787632,4.77912349311153
822000.0,172.0,4,Tunis,Appart,13.619496890582589,5.153291594497779
622000.0,136.0,3,Tunis,Appart,13.340696979437066,4.919980925828125
622000.0,136.0,3,Tunis,Appart,13.340696979437066,4.919980925828125
378100.0,110.0,2,Ariana,Appart,12.842916634678488,4.709530201312334
1400000.0,503.0,4,Tunis,House,14.151983508870947,6.222576268071369
348000.0,104.0,2,Tunis,Appart,12.759960632315702,4.653960350157523
890000.0,781.0,7,Tunis,House,13.698977865303197,6.661854740545311
384000.0,136.0,2,Ariana,Appart,12.85840043573314,4.919980925828125
324000.0,117.0,2,Ariana,Appart,12.688501881189456,4.770684624465665
349300.0,134.0,2,Ariana,Appart,12.76368929365942,4.90527477843843
495700.0,171.0,3,Ariana,Appart,13.113728201355833,5.147494476813453
378100.0,110.0,2,Ariana,Appart,12.842916634678488,4.709530201312334
375000.0,138.0,3,Tunis,Appart,12.834683971615659,4.9344739331306915
1200000.0,460.0,1,Ariana,House,13.997832948091215,6.133398042996649
421000.0,117.0,2,Tunis,Appart,12.95039048795861,4.770684624465665
690000.0,255.0,3,Nabeul,Appart,13.444448325847754,5.545177444479562
890000.0,670.0,4,Nabeul,House,13.698977865303197,6.508769136971682
599700.0,175.0,3,Ariana,Appart,13.304186476655628,5.170483995038151
364000.0,129.0,2,Ariana,Appart,12.804911893867851,4.867534450455582
487000.0,116.0,2,Sousse,Appart,13.096021455450709,4.762173934797756
1500000.0,800.0,4,Nabeul,House,14.220976332738882,6.68586094706836
1100000.0,347.0,4,Nabeul,House,13.910821646859095,5.8522024797744745
1000000.0,140.0,3,Nabeul,House,13.815511557963774,4.948759890378168
685000.0,190.0,3,Tunis,Appart,13.437175577097312,5.25227342804663
1300000.0,405.0,7,Nabeul,House,14.077875591662238,6.0063531596017325
1180000.0,190.0,3,Nabeul,Appart,13.981025843899115,5.25227342804663
350000.0,120.0,1,Nabeul,Appart,12.765691290604371,4.795790545596741
850000.0,300.0,4,Nabeul,House,13.652992804936396,5.707110264748875
1600000.0,150.0,3,Tunis,Appart,14.285514812209815,5.017279836814924
450000.0,132.0,3,Tunis,Appart,13.017005083966255,4.890349128221754
780000.0,190.0,3,Nabeul,House,13.567050480716235,5.25227342804663
398000.0,160.0,2,Ariana,Appart,12.894209796826232,5.081404364984463
420000.0,200.0,3,Mednine,House,12.948012371209098,5.303304908059076
320000.0,130.0,2,Sousse,Appart,12.676079399771027,4.875197323201151
225000.0,80.0,1,Sousse,Appart,12.323860125621126,4.394449154672439
167875.0,62.0,1,Kairouan,Appart,12.030980890620903,4.143134726391533
235507.0,71.0,1,Ariana,Appart,12.36950016213764,4.276666119016055
354000.0,128.0,2,Ariana,Appart,12.777055016970678,4.859812404361672
385300.0,133.0,2,Ariana,Appart,12.861780125991103,4.897839799950911
509100.0,176.0,2,Ariana,House,13.140401704139137,5.176149732573829
322300.0,111.0,2,Ariana,Appart,12.683241170498064,4.718498871295094
362500.0,104.0,2,Ariana,Appart,12.80078251189375,4.653960350157523
375000.0,136.0,2,Ariana,Appart,12.834683971615659,4.919980925828125
383600.0,97.0,2,Sousse,Appart,12.857358228870192,4.584967478670572
393633.0,95.0,2,Sousse,Appart,12.883176822543337,4.564348191467836
598719.0,144.0,3,Sousse,Appart,13.302549322067861,4.976733742420574
596785.0,148.0,3,Sousse,Appart,13.299313869151494,5.003946305945459
604877.0,150.0,3,Sousse,Appart,13.312782063785738,5.017279836814924
538118.0,133.0,3,Sousse,Appart,13.195835004276189,4.897839799950911
865000.0,152.0,3,Tunis,Appart,13.670485941982712,5.030437921392435
930000.0,163.0,3,Tunis,Appart,13.742940940397677,5.099866427824199
439000.0,133.0,2,Sousse,Appart,12.992256969959042,4.897839799950911
354000.0,107.0,2,Sousse,Appart,12.777055016970678,4.68213122712422
240000.0,71.0,1,Sousse,Appart,12.388398368982115,4.276666119016055
368000.0,68.0,1,Tunis,Appart,12.81584093453868,4.23410650459726
348000.0,127.0,3,Manouba,Appart,12.759960632315702,4.852030263919617
150000.0,90.0,6,Ben Arous,Appart,11.918397239722838,4.51085950651685
2200000.0,225.0,4,Tunis,House,14.603968372873895,5.420534999272286
240000.0,110.0,2,Tunis,Appart,12.388398368982115,4.709530201312334
280000.0,99.0,1,Sousse,Appart,12.54254845357358,4.605170185988092
330000.0,92.0,2,Tunis,Appart,12.706850963741102,4.532599493153256
260000.0,120.0,2,Tunis,Appart,12.468440756144114,4.795790545596741
250000.0,100.0,1,Nabeul,Appart,12.429220196836383,4.61512051684126
185000.0,85.0,2,Nabeul,Appart,12.128116509451258,4.454347296253507
360000.0,103.0,2,Sousse,Appart,12.793862088206213,4.6443908991413725
430000.0,380.0,1,Nabeul,House,12.971542813248437,5.942799375126701
320000.0,160.0,3,Ariana,Appart,12.676079399771027,5.081404364984463
360000.0,140.0,3,Tunis,Appart,12.793862088206213,4.948759890378168
600000.0,158.0,3,Tunis,House,13.304686600863562,5.0689042022202315
430000.0,145.0,4,Ariana,Appart,12.971542813248437,4.983606621708336
950000.0,580.0,7,Tunis,House,13.76421831620775,6.364750756851911
365000.0,147.0,3,Ariana,Appart,12.807655372286902,4.997212273764115
225000.0,58.0,1,Ariana,Appart,12.323860125621126,4.07753744390572
270000.0,90.0,2,Ariana,Appart,12.506180941677357,4.51085950651685
395000.0,190.0,4,Ariana,Appart,12.886643575525625,5.25227342804663
285000.0,125.0,4,Tunis,Appart,12.560247968016562,4.836281906951478
108000.0,82.0,1,Monastir,Appart,11.58989576532275,4.418840607796598
366000.0,140.0,3,Sousse,Appart,12.810391344620207,4.948759890378168
290000.0,90.0,1,Sousse,Appart,12.577639650232573,4.51085950651685
360000.0,106.0,2,Tunis,Appart,12.793862088206213,4.672828834461906
120000.0,70.0,3,Sfax,Appart,11.695255355062795,4.2626798770413155
193000.0,47.0,1,Tunis,Appart,12.170450649220749,3.871201010907891
241000.0,64.0,1,Tunis,Appart,12.392556361841777,4.174387269895637
240000.0,90.0,2,Ben Arous,House,12.388398368982115,4.51085950651685
1200000.0,970.0,8,Sfax,House,13.997832948091215,6.878326468291325
180000.0,54.0,1,Tunis,Appart,12.100717685412471,4.007333185232471
240000.0,70.0,1,Nabeul,Appart,12.388398368982115,4.2626798770413155
320000.0,120.0,3,Nabeul,Appart,12.676079399771027,4.795790545596741
200000.0,90.0,2,Ben Arous,Appart,12.206077645517674,4.51085950651685
70000.0,77.0,2,Sousse,Appart,11.156264806643742,4.356708826689592
450000.0,252.0,1,Tunis,House,13.017005083966255,5.53338948872752
430000.0,350.0,5,Tunis,House,12.971542813248437,5.860786223465865
600000.0,160.0,4,Tunis,House,13.304686600863562,5.081404364984463
870000.0,283.0,4,Tunis,House,13.676249640055394,5.648974238161206
700000.0,1000.0,3,Ariana,House,13.45883704259595,6.90875477931522
405000.0,176.0,2,Tunis,Appart,12.91164481522143,5.176149732573829
245000.0,400.0,3,Nabeul,House,12.409017571151187,5.993961427306569
950000.0,775.0,8,Ariana,House,13.76421831620775,6.654152520183219
240000.0,115.0,2,Tunis,Appart,12.388398368982115,4.7535901911063645
220000.0,132.0,3,Ben Arous,Appart,12.301387370778713,4.890349128221754
180000.0,110.0,3,Ben Arous,Appart,12.100717685412471,4.709530201312334
85000.0,110.0,1,Ben Arous,House,11.350418300109132,4.709530201312334
280000.0,117.0,2,Ben Arous,Appart,12.54254845357358,4.770684624465665
210000.0,90.0,2,Ben Arous,Appart,12.25486757159303,4.51085950651685
460000.0,136.0,3,Ariana,Appart,13.038983942375959,4.919980925828125
500000.0,1000.0,3,Tunis,House,13.122365377402328,6.90875477931522
130000.0,75.0,3,Ariana,Appart,11.775297421715827,4.330733340286331
390000.0,140.0,3,Tunis,Appart,12.873904582205107,4.948759890378168
750000.0,348.0,3,Mahdia,House,13.527829818844937,5.855071922202427
550000.0,186.0,3,Mahdia,Appart,13.217675375388819,5.231108616854587
260000.0,420.0,2,Mahdia,House,12.468440756144114,6.042632833682381
310000.0,360.0,3,Mahdia,House,12.644330802262578,5.8888779583328805
590000.0,480.0,5,Mahdia,House,13.28787951079572,6.175867270105761
220000.0,85.0,2,Nabeul,Appart,12.301387370778713,4.454347296253507
160000.0,100.0,2,Monastir,Appart,11.982935344196433,4.61512051684126
320000.0,135.0,3,Ariana,Appart,12.676079399771027,4.912654885736052
230000.0,90.0,2,Tunis,Appart,12.345838935721968,4.51085950651685
198000.0,75.0,2,Sousse,Appart,12.19602736016897,4.330733340286331
310000.0,260.0,5,Tunis,House,12.644330802262578,5.564520407322694
152000.0,42.0,2,Tunis,Appart,11.931642378754141,3.7612001156935624
297000.0,93.0,2,Tunis,Appart,12.601490784782536,4.543294782270004
317000.0,152.0,3,Tunis,Appart,12.666660207428574,5.030437921392435
297000.0,93.0,2,Tunis,Appart,12.601490784782536,4.543294782270004
80000.0,70.0,1,Ben Arous,Appart,11.289794413577894,4.2626798770413155
270000.0,94.0,2,Ariana,Appart,12.506180941677357,4.553876891600541
180000.0,80.0,2,Sfax,House,12.100717685412471,4.394449154672439
180000.0,80.0,2,Sfax,House,12.100717685412471,4.394449154672439
180000.0,80.0,2,Sfax,House,12.100717685412471,4.394449154672439
329997.0,200.0,3,Tunis,House,12.706841872818236,5.303304908059076
850000.0,285.0,4,Tunis,House,13.652992804936396,5.655991810819852
295000.0,113.5,2,Sousse,Appart,12.59473402514672,4.740574822994295
270000.0,94.0,2,Tunis,Appart,12.506180941677357,4.553876891600541
270000.0,94.0,2,Tunis,Appart,12.506180941677357,4.553876891600541
320000.0,135.0,3,Tunis,Appart,12.676079399771027,4.912654885736052
185000.0,92.0,3,Ariana,Appart,12.128116509451258,4.532599493153256
1300000.0,380.0,8,Ariana,House,14.077875591662238,5.942799375126701
140000.0,70.0,2,Sousse,Appart,11.849404844423074,4.2626798770413155
160000.0,69.0,1,Ben Arous,Appart,11.982935344196433,4.248495242049359
370000.0,120.0,2,Sousse,Appart,12.821260987319457,4.795790545596741
350000.0,116.0,2,Tunis,Appart,12.765691290604371,4.762173934797756
245000.0,400.0,3,Nabeul,House,12.409017571151187,5.993961427306569
70000.0,75.0,2,Sousse,Appart,11.156264806643742,4.330733340286331
295000.0,72.0,1,Tunis,Appart,12.59473402514672,4.290459441148391
400000.0,150.0,3,Tunis,Appart,12.899222326086994,5.017279836814924
325000.0,114.0,5,Sousse,House,12.691583538230217,4.74493212836325
245000.0,113.0,2,Ben Arous,Appart,12.409017571151187,4.736198448394496
130000.0,65.0,3,Ben Arous,Appart,11.775297421715827,4.189654742026425
700000.0,925.0,5,Sfax,House,13.45883704259595,6.8308742346461795
310000.0,180.0,4,Ben Arous,House,12.644330802262578,5.198497031265826
412000.0,112.0,2,Tunis,Appart,12.928781055513184,4.727387818712341
890000.0,781.0,7,Tunis,House,13.698977865303197,6.661854740545311
890000.0,210.0,5,Ariana,House,13.698977865303197,5.351858133476067
267000.0,67.0,2,Tunis,Appart,12.495007682693725,4.219507705176107
700000.0,485.0,3,Ben Arous,House,13.45883704259595,6.186208623900494
80000.0,65.0,2,Sousse,Appart,11.289794413577894,4.189654742026425
650000.0,520.0,6,Ben Arous,House,13.384729180332174,6.255750041753367
480000.0,185.0,4,Ben Arous,House,13.081543466215237,5.225746673713202
750000.0,422.0,3,Ben Arous,House,13.527829818844937,6.0473721790462776
350000.0,100.0,2,Tunis,Appart,12.765691290604371,4.61512051684126
550000.0,220.0,3,Mednine,House,13.217675375388819,5.3981627015177525
160000.0,39.0,1,Ariana,Appart,11.982935344196433,3.6888794541139363
115000.0,49.0,1,Tunis,Appart,11.652696102959753,3.912023005428146
1250000.0,367.0,4,Ariana,House,14.038654909278163,5.908082938168931
225000.0,60.0,1,Ariana,Appart,12.323860125621126,4.110873864173311
3200000.0,126.0,3,Ariana,Appart,14.978661680269907,4.844187086458591
780000.0,500.0,8,Ariana,House,13.567050480716235,6.2166061010848646
1600000.0,590.0,6,Ariana,House,14.285514812209815,6.3818160174060985
120000.0,75.0,3,Tunis,Appart,11.695255355062795,4.330733340286331
480000.0,307.0,3,Sousse,House,13.081543466215237,5.730099782973574
190000.0,470.0,3,Tunis,House,12.154784614286667,6.154858094016418
240000.0,465.0,4,Mednine,House,12.388398368982115,6.144185634125646
185000.0,80.0,2,Nabeul,Appart,12.128116509451258,4.394449154672439
150000.0,65.0,1,Tunis,Appart,11.918397239722838,4.189654742026425
273000.0,90.0,2,Tunis,Appart,12.51723073716405,4.51085950651685
389000.0,107.0,2,Ariana,Appart,12.871337193291367,4.68213122712422
388000.0,110.0,2,Ariana,Appart,12.868763195921677,4.709530201312334
330000.0,230.0,4,Tunis,House,12.706850963741102,5.442417710521793
390000.0,120.0,2,Tunis,Appart,12.873904582205107,4.795790545596741
410000.0,125.0,3,Ariana,Appart,12.923914877701906,4.836281906951478
175000.0,42.0,1,Ariana,Appart,12.07254696717504,3.7612001156935624
175000.0,42.0,1,Tunis,Appart,12.07254696717504,3.7612001156935624
175000.0,42.0,1,Ariana,Appart,12.07254696717504,3.7612001156935624
320000.0,135.0,3,Ariana,Appart,12.676079399771027,4.912654885736052
530000.0,206.0,4,Ariana,Appart,13.180634172318978,5.332718793265369
270000.0,94.0,2,Tunis,Appart,12.506180941677357,4.553876891600541
270000.0,94.0,2,Tunis,Appart,12.506180941677357,4.553876891600541
270000.0,540.0,3,Nabeul,House,12.506180941677357,6.293419278846481
220000.0,1500.0,3,Sousse,House,12.301387370778713,7.313886831633462
320000.0,135.0,3,Tunis,Appart,12.676079399771027,4.912654885736052
290000.0,870.0,3,Sfax,House,12.577639650232573,6.769641976852503
365000.0,105.12,2,Nabeul,Appart,12.807655372286902,4.664570529269539
195000.0,200.0,2,Nabeul,House,12.180759965737863,5.303304908059076
320000.0,135.0,3,Tunis,Appart,12.676079399771027,4.912654885736052
115000.0,65.0,3,Ben Arous,House,11.652696102959753,4.189654742026425
190000.0,116.0,2,Nabeul,Appart,12.154784614286667,4.762173934797756
145000.0,101.0,2,Ben Arous,House,11.884495917930655,4.624972813284271
430000.0,4000.0,1,Sousse,House,12.971542813248437,8.294299608857235
205000.0,120.0,2,Sousse,Appart,12.230770136157428,4.795790545596741
80000.0,90.0,2,Sousse,Appart,11.289794413577894,4.51085950651685
300000.0,204.0,3,Sousse,Appart,12.611541086966115,5.3230099791384085
260000.0,46.0,1,Nabeul,Appart,12.468440756144114,3.8501476017100584
769998.0,204.0,3,Nabeul,House,13.554144495127725,5.3230099791384085
405000.0,176.0,4,Tunis,Appart,12.91164481522143,5.176149732573829
405000.0,176.0,4,Tunis,Appart,12.91164481522143,5.176149732573829
1790000.0,570.0,7,Ariana,House,14.397726736475999,6.3473892096560105
145000.0,68.0,2,Sousse,Appart,11.884495917930655,4.23410650459726
269999.0,125.0,3,Ariana,Appart,12.506177237980511,4.836281906951478
239900.0,70.0,1,Ariana,Appart,12.3879816172226,4.2626798770413155
405000.0,139.0,3,Ariana,Appart,12.91164481522143,4.941642422609304
280000.0,269.0,4,Tunis,House,12.54254845357358,5.598421958998375
395000.0,161.0,2,Ariana,Appart,12.886643575525625,5.087596335232384
395000.0,190.0,3,Tunis,Appart,12.886643575525625,5.25227342804663
350000.0,120.0,3,Ariana,Appart,12.765691290604371,4.795790545596741
430000.0,160.0,4,Ariana,Appart,12.971542813248437,5.081404364984463
435000.0,168.0,4,Ariana,Appart,12.983103608918753,5.1298987149230735
390000.0,120.0,3,Ariana,Appart,12.873904582205107,4.795790545596741
365000.0,147.0,3,Ariana,Appart,12.807655372286902,4.997212273764115
420000.0,90.0,2,Monastir,Appart,12.948012371209098,4.51085950651685
400000.0,115.0,4,Tunis,House,12.899222326086994,4.7535901911063645
240000.0,116.0,2,Sousse,Appart,12.388398368982115,4.762173934797756
240000.0,95.0,2,Nabeul,Appart,12.388398368982115,4.564348191467836
250000.0,101.0,2,Sousse,Appart,12.429220196836383,4.624972813284271
530000.0,118.0,2,Sousse,Appart,13.180634172318978,4.77912349311153
310000.0,114.0,2,Tunis,Appart,12.644330802262578,4.74493212836325
159000.0,63.0,2,Tunis,Appart,11.976665770490767,4.1588830833596715
200000.0,56.0,1,Sousse,Appart,12.206077645517674,4.04305126783455
400000.0,269.0,3,Nabeul,House,12.899222326086994,5.598421958998375
330000.0,108.0,2,Ariana,Appart,12.706850963741102,4.6913478822291435
12345.0,620.0,3,Ben Arous,House,9.421087402953841,6.431331081933479
299000.0,118.0,3,Ben Arous,Appart,12.608202196848836,4.77912349311153
185000.0,152.0,2,Nabeul,Appart,12.128116509451258,5.030437921392435
160000.0,102.0,2,Monastir,Appart,11.982935344196433,4.634728988229636
1800000.0,400.0,6,Tunis,House,14.403297778421795,5.993961427306569
410000.0,220.0,7,Ariana,House,12.923914877701906,5.3981627015177525
1300000.0,400.0,7,Tunis,House,14.077875591662238,5.993961427306569
349998.0,500.0,2,Nabeul,House,12.765685576318658,6.2166061010848646
205000.0,100.0,2,Nabeul,Appart,12.230770136157428,4.61512051684126
365000.0,281.0,4,Sfax,House,12.807655372286902,5.641907070938114
130000.0,80.0,2,Ben Arous,Appart,11.775297421715827,4.394449154672439
479999.0,90.0,2,Nabeul,Appart,13.081541382884074,4.51085950651685
210000.0,65.0,2,Ariana,Appart,12.25486757159303,4.189654742026425
2000000.0,1200.0,5,Tunis,House,14.508658238524095,7.0909098220799835
315000.0,126.0,3,Manouba,Appart,12.660331092405906,4.844187086458591
210000.0,100.0,3,Tunis,Appart,12.25486757159303,4.61512051684126
299000.0,100.0,3,Tunis,Appart,12.608202196848836,4.61512051684126
890000.0,315.0,2,Tunis,Appart,13.698977865303197,5.755742213586912
540000.0,360.0,7,Ariana,Appart,13.199326270390594,5.8888779583328805
399999.0,1500.0,3,Mednine,House,12.89921982609012,7.313886831633462
256000.0,140.0,3,Tunis,Appart,12.45293662970407,4.948759890378168
630000.0,345.0,5,Tunis,House,13.353476685668044,5.846438775057725
1300000.0,405.0,5,Sousse,House,14.077875591662238,6.0063531596017325
460000.0,183.0,4,Ariana,Appart,13.038983942375959,5.214935757608986
125000.0,46.0,1,Sousse,Appart,11.736077016252437,3.8501476017100584
160000.0,90.0,3,Ben Arous,Appart,11.982935344196433,4.51085950651685
125000.0,600.0,1,Nabeul,House,11.736077016252437,6.398594934535208
270000.0,100.0,2,Sousse,Appart,12.506180941677357,4.61512051684126
260000.0,65.0,1,Ben Arous,Appart,12.468440756144114,4.189654742026425
190000.0,65.0,2,Tunis,Appart,12.154784614286667,4.189654742026425
320000.0,106.0,4,Ariana,Appart,12.676079399771027,4.672828834461906
320000.0,106.0,4,Ariana,Appart,12.676079399771027,4.672828834461906
1400000.0,650.0,4,Nabeul,House,14.151983508870947,6.478509642208569
1180000.0,446.0,4,Nabeul,House,13.981025843899115,6.102558594613569
750000.0,250.0,4,Nabeul,House,13.527829818844937,5.5254529391317835
370000.0,315.0,6,Nabeul,House,12.821260987319457,5.755742213586912
790000.0,500.0,3,Nabeul,House,13.579789490265188,6.2166061010848646
280000.0,117.0,2,Ariana,Appart,12.54254845357358,4.770684624465665
150000.0,98.0,2,Ben Arous,Appart,11.918397239722838,4.59511985013459
395000.0,260.0,6,Tunis,House,12.886643575525625,5.564520407322694
210000.0,62.0,1,Ariana,Appart,12.25486757159303,4.143134726391533
135000.0,60.0,1,Tunis,Appart,11.813037464800539,4.110873864173311
390000.0,200.0,4,Ariana,House,12.873904582205107,5.303304908059076
310000.0,100.0,2,Nabeul,Appart,12.644330802262578,4.61512051684126
370000.0,120.0,3,Sousse,Appart,12.821260987319457,4.795790545596741
690000.0,537.0,3,Nabeul,House,13.444448325847754,6.2878585601617845
930000.0,510.0,4,Nabeul,House,13.742940940397677,6.236369590203704
380000.0,107.0,3,Tunis,Appart,12.847929163278053,4.68213122712422
750000.0,203.0,3,Nabeul,House,13.527829818844937,5.318119993844216
245000.0,90.0,3,Tunis,Appart,12.409017571151187,4.51085950651685
250000.0,120.0,2,Sousse,Appart,12.429220196836383,4.795790545596741
270000.0,85.0,3,Tunis,Appart,12.506180941677357,4.454347296253507
2000000.0,1200.0,5,Tunis,House,14.508658238524095,7.0909098220799835
2400000.0,600.0,7,Tunis,House,14.690979711984754,6.398594934535208
190000.0,105.0,3,Nabeul,House,12.154784614286667,4.663439094112067
290000.0,150.0,3,Nabeul,House,12.577639650232573,5.017279836814924
98000.0,60.0,1,Sousse,Appart,11.49273296168228,4.110873864173311
650000.0,500.0,4,Ariana,House,13.384729180332174,6.2166061010848646
125000.0,90.0,2,Ben Arous,Appart,11.736077016252437,4.51085950651685
250000.0,189.0,3,Nabeul,House,12.429220196836383,5.247024072160486
239999.0,104.0,2,Nabeul,Appart,12.388394202324129,4.653960350157523
390000.0,135.0,2,Tunis,Appart,12.873904582205107,4.912654885736052
170000.0,115.0,2,Sousse,Appart,12.04355959836804,4.7535901911063645
130000.0,75.0,3,Ben Arous,House,11.775297421715827,4.330733340286331
140000.0,225.0,2,Monastir,House,11.849404844423074,5.420534999272286
200000.0,100.0,4,Ben Arous,House,12.206077645517674,4.61512051684126
150000.0,88.0,2,Tunis,Appart,11.918397239722838,4.48863636973214
295000.0,140.0,1,Tunis,House,12.59473402514672,4.948759890378168
980000.0,515.0,6,Tunis,House,13.795308871054397,6.246106765481563
1050000.0,230.0,2,Tunis,House,13.864301674514206,5.442417710521793
270000.0,160.0,3,Tunis,House,12.506180941677357,5.081404364984463
265000.0,107.0,2,Tunis,Appart,12.487488878546145,4.68213122712422
175000.0,69.0,2,Tunis,Appart,12.07254696717504,4.248495242049359
240000.0,140.0,3,Sousse,Appart,12.388398368982115,4.948759890378168
230000.0,100.0,2,Nabeul,Appart,12.345838935721968,4.61512051684126
370000.0,175.0,4,Tunis,Appart,12.821260987319457,5.170483995038151
1500000.0,673.0,5,Ariana,House,14.220976332738882,6.513230110912307
335000.0,123.0,3,Ariana,Appart,12.721888795877375,4.820281565605037
1380000.0,530.0,3,Tunis,House,14.137594781770806,6.274762021241939
1600000.0,600.0,6,Ariana,House,14.285514812209815,6.398594934535208
1750000.0,700.0,10,Nabeul,House,14.375126917328105,6.55250788703459
180000.0,100.0,2,Nabeul,Appart,12.100717685412471,4.61512051684126
838000.0,544.0,3,Ariana,House,13.63877457278093,6.300785794663244
1550000.0,684.0,7,Ariana,House,14.253766134056512,6.529418838262226
440000.0,369.0,3,Ariana,House,12.994532278619134,5.91350300563827
125000.0,70.0,2,Ariana,Appart,11.736077016252437,4.2626798770413155
2000000.0,600.0,7,Tunis,House,14.508658238524095,6.398594934535208
845000.0,420.0,4,Tunis,House,13.647093089770562,6.042632833682381
845000.0,420.0,4,Tunis,House,13.647093089770562,6.042632833682381
845000.0,420.0,4,Ariana,House,13.647093089770562,6.042632833682381
845000.0,420.0,4,Tunis,House,13.647093089770562,6.042632833682381
474999.0,146.0,3,Sousse,Appart,13.071070083016778,4.990432586778736
399000.0,118.0,2,Sousse,Appart,12.896719202134523,4.77912349311153
373000.0,140.0,3,Sousse,Appart,12.829336379587506,4.948759890378168
407000.0,118.0,2,Sousse,Appart,12.91657092142417,4.77912349311153
475000.0,146.0,3,Sousse,Appart,13.07107218827772,4.990432586778736
320000.0,133.0,3,Tunis,Appart,12.676079399771027,4.897839799950911
630000.0,286.0,4,Sousse,House,13.353476685668044,5.659482215759621
155000.0,133.0,2,Nabeul,House,11.951186847493476,4.897839799950911
1600000.0,400.0,5,Tunis,House,14.285514812209815,5.993961427306569
850000.0,404.0,6,Ariana,House,13.652992804936396,6.003887067106539
920000.0,320.0,4,Nabeul,House,13.732130035981154,5.771441123130016
300000.0,276.0,3,Mahdia,Appart,12.611541086966115,5.6240175061873385
165000.0,167.0,3,Nabeul,House,12.013706813470414,5.123963979403259
170000.0,150.0,2,Mahdia,House,12.04355959836804,5.017279836814924
310000.0,230.0,3,Mahdia,Appart,12.644330802262578,5.442417710521793
865000.0,330.0,4,Mahdia,House,13.670485941982712,5.802118375377063
1300000.0,700.0,6,Mahdia,House,14.077875591662238,6.55250788703459
155000.0,87.0,2,Nabeul,Appart,11.951186847493476,4.477336814478207
300000.0,2583.0,3,Nabeul,House,12.611541086966115,7.857093864902493
900000.0,492.0,3,Sousse,House,13.710151153416941,6.20050917404269
178000.0,85.0,2,Nabeul,Appart,12.08954444723597,4.454347296253507
360000.0,90.0,2,Tunis,Appart,12.793862088206213,4.51085950651685
375000.0,142.0,3,Manouba,Appart,12.834683971615659,4.962844630259907
290000.0,370.0,3,Ben Arous,House,12.577639650232573,5.916202062607435
700000.0,225.0,4,Tunis,Appart,13.45883704259595,5.420534999272286
460000.0,164.0,3,Ben Arous,House,13.038983942375959,5.10594547390058
350000.0,91.0,2,Nabeul,Appart,12.765691290604371,4.5217885770490405
359999.0,116.0,2,Nabeul,Appart,12.793859310432293,4.762173934797756
385000.0,102.0,2,Nabeul,Appart,12.861001210669146,4.634728988229636
230000.0,55.0,1,Nabeul,Appart,12.345838935721968,4.02535169073515
285000.0,57.0,1,Nabeul,Appart,12.560247968016562,4.060443010546419
240000.0,100.0,2,Nabeul,Appart,12.388398368982115,4.61512051684126
950000.0,200.0,3,Tunis,Appart,13.76421831620775,5.303304908059076
185000.0,100.0,2,Nabeul,Appart,12.128116509451258,4.61512051684126
500000.0,211.0,2,Nabeul,House,13.122365377402328,5.356586274672012
780000.0,371.0,7,Nabeul,House,13.567050480716235,5.918893854273146
360000.0,122.0,3,Tunis,Appart,12.793862088206213,4.812184355372417
300000.0,150.0,4,Nabeul,House,12.611541086966115,5.017279836814924
630000.0,107.0,2,Tunis,Appart,13.353476685668044,4.68213122712422
1399999.0,340.0,4,Tunis,House,14.151982794585487,5.831882477283517
370000.0,100.0,4,Tunis,House,12.821260987319457,4.61512051684126
720000.0,160.0,4,Sousse,Appart,13.487007879880162,5.081404364984463
270000.0,94.0,2,Tunis,Appart,12.506180941677357,4.553876891600541
320000.0,83.0,1,Tunis,Appart,12.676079399771027,4.430816798843313
130000.0,100.0,2,Tunis,Appart,11.775297421715827,4.61512051684126
1150000.0,310.0,6,Tunis,Appart,13.955273369904273,5.739792912179234
820000.0,500.0,4,Nabeul,House,13.617060838751888,6.2166061010848646
1050000.0,420.0,4,Nabeul,House,13.864301674514206,6.042632833682381
800000.0,413.0,6,Ben Arous,House,13.592368256649284,6.025865973825314
2400000.0,1014.0,6,Ben Arous,House,14.690979711984754,6.922643891475888
2700000.0,640.0,9,Nabeul,House,14.80876270134486,6.46302945692067
150000.0,121.0,3,Ben Arous,Appart,11.918397239722838,4.804021044733257
380000.0,156.0,3,Nabeul,House,12.847929163278053,5.056245805348308
165000.0,95.0,3,Tunis,Appart,12.013706813470414,4.564348191467836
310000.0,140.0,3,Tunis,Appart,12.644330802262578,4.948759890378168
280000.0,83.0,2,Tunis,Appart,12.54254845357358,4.430816798843313
160000.0,90.0,3,Ben Arous,Appart,11.982935344196433,4.51085950651685
270000.0,160.0,3,Tunis,Appart,12.506180941677357,5.081404364984463
235000.0,60.0,1,Ariana,Appart,12.367345048436391,4.110873864173311
235000.0,150.0,3,Tunis,Appart,12.367345048436391,5.017279836814924
180000.0,102.0,2,Nabeul,House,12.100717685412471,4.634728988229636
319000.0,120.0,2,Ariana,Appart,12.672949516558306,4.795790545596741
300000.0,400.0,3,Sousse,House,12.611541086966115,5.993961427306569
185000.0,150.0,2,Nabeul,House,12.128116509451258,5.017279836814924
320000.0,155.0,3,Ariana,Appart,12.676079399771027,5.049856007249537
120000.0,100.0,2,Ben Arous,Appart,11.695255355062795,4.61512051684126
185000.0,250.0,4,Nabeul,House,12.128116509451258,5.5254529391317835
260000.0,72.0,1,Ariana,Appart,12.468440756144114,4.290459441148391
180000.0,105.0,2,Nabeul,Appart,12.100717685412471,4.663439094112067
235000.0,95.0,2,Ben Arous,Appart,12.367345048436391,4.564348191467836
200000.0,96.0,5,Sousse,House,12.206077645517674,4.574710978503383
375000.0,138.0,3,Tunis,Appart,12.834683971615659,4.9344739331306915
160000.0,128.0,3,Sousse,House,11.982935344196433,4.859812404361672
250000.0,90.0,2,Tunis,Appart,12.429220196836383,4.51085950651685
1080000.0,450.0,4,Sousse,House,13.8924725250259,6.111467339502679
205000.0,120.0,5,Tunis,Appart,12.230770136157428,4.795790545596741
205000.0,95.0,2,Nabeul,Appart,12.230770136157428,4.564348191467836
335000.0,130.0,3,Ariana,Appart,12.721888795877375,4.875197323201151
400000.0,74.0,1,Tunis,Appart,12.899222326086994,4.31748811353631
270000.0,103.0,2,Monastir,Appart,12.506180941677357,4.6443908991413725
135000.0,61.0,1,Nabeul,House,11.813037464800539,4.127134385045092
260000.0,100.0,2,Ariana,Appart,12.468440756144114,4.61512051684126
441000.0,147.0,3,Tunis,Appart,12.996802422000108,4.997212273764115
160000.0,100.0,2,Tunis,Appart,11.982935344196433,4.61512051684126
90000.0,90.0,2,Sousse,Appart,11.407576060361786,4.51085950651685
4600000.0,173.63,3,Ariana,Appart,15.341567078850604,5.162669449951753
200000.0,50.0,1,Tunis,Appart,12.206077645517674,3.9318256327243257
140000.0,75.0,2,Ariana,Appart,11.849404844423074,4.330733340286331
399000.0,134.0,2,Sousse,Appart,12.896719202134523,4.90527477843843
1600000.0,1606.0,3,Mahdia,House,14.285514812209815,7.382124365737512
249999.0,319.0,4,Sousse,House,12.429216196844383,5.768320995793772
890000.0,500.0,4,Tunis,House,13.698977865303197,6.2166061010848646
150000.0,80.0,2,Ariana,Appart,11.918397239722838,4.394449154672439
178000.0,85.0,2,Nabeul,Appart,12.08954444723597,4.454347296253507
140000.0,50.0,1,Mahdia,Appart,11.849404844423074,3.9318256327243257
300000.0,170.0,4,Ariana,House,12.611541086966115,5.14166355650266
2076000.0,444.0,3,Mednine,House,14.545954004963368,6.09807428216624
394997.0,150.0,4,Tunis,Appart,12.886635980579301,5.017279836814924
200000.0,57.0,1,Tunis,Appart,12.206077645517674,4.060443010546419
100000.0,280.0,2,Nabeul,House,11.51293546492023,5.638354669333745
850000.0,100.0,2,Tunis,Appart,13.652992804936396,4.61512051684126
380000.0,120.0,3,Ariana,Appart,12.847929163278053,4.795790545596741
125000.0,600.0,1,Nabeul,House,11.736077016252437,6.398594934535208
1400000.0,460.0,5,Tunis,House,14.151983508870947,6.133398042996649
590000.0,180.0,3,Tunis,Appart,13.28787951079572,5.198497031265826
220000.0,80.0,2,Tunis,Appart,12.301387370778713,4.394449154672439
295000.0,136.0,3,Tunis,Appart,12.59473402514672,4.919980925828125
290000.0,128.0,2,Ariana,Appart,12.577639650232573,4.859812404361672
850000.0,1400.0,4,Ben Arous,House,13.652992804936396,7.244941546337007
600000.0,185.0,4,Ariana,Appart,13.304686600863562,5.225746673713202
185000.0,100.0,2,Ben Arous,Appart,12.128116509451258,4.61512051684126
550000.0,139.2,3,Ariana,Appart,13.217675375388819,4.94306997460049
535000.0,152.0,3,Tunis,Appart,13.190023895035274,5.030437921392435
1200000.0,200.0,3,Tunis,Appart,13.997832948091215,5.303304908059076
2500000.0,1053.0,6,Tunis,House,14.731801689838349,6.960347729101308
495000.0,500.0,3,Sousse,House,13.112315061750808,6.2166061010848646
665000.0,672.0,9,Sousse,Appart,13.407543823396258,6.511745329644728
650000.0,1467.0,3,Mednine,House,13.384729180332174,7.291656209174461
228000.0,50.0,1,Ariana,Appart,12.337105293891872,3.9318256327243257
600000.0,185.0,3,Ariana,Appart,13.304686600863562,5.225746673713202
1700000.0,1700.0,3,Nabeul,House,14.346139397261565,7.438971592395862
235000.0,120.0,2,Nabeul,Appart,12.367345048436391,4.795790545596741
210000.0,110.0,2,Nabeul,House,12.25486757159303,4.709530201312334
370000.0,120.0,2,Sousse,Appart,12.821260987319457,4.795790545596741
350000.0,135.0,2,Sousse,Appart,12.765691290604371,4.912654885736052
570000.0,110.0,2,Monastir,Appart,13.25339339419516,4.709530201312334
380000.0,130.0,2,Sousse,Appart,12.847929163278053,4.875197323201151
106000.0,50.0,1,Manouba,Appart,11.571203807011969,3.9318256327243257
1600000.0,467.0,5,Ariana,House,14.285514812209815,6.148468295917647
1385000.0,467.0,4,Ariana,Appart,14.141211419624977,6.148468295917647
380000.0,175.0,4,Tunis,House,12.847929163278053,5.170483995038151
550000.0,2656.0,7,Mednine,House,13.217675375388819,7.884952945759814
190000.0,100.0,2,Sousse,House,12.154784614286667,4.61512051684126
660000.0,162.0,2,Tunis,Appart,13.399996629152975,5.093750200806762
370000.0,147.0,3,Ariana,Appart,12.821260987319457,4.997212273764115
230000.0,117.0,2,Nabeul,House,12.345838935721968,4.770684624465665
520000.0,76.0,2,Sousse,Appart,13.161586013632684,4.343805421853684
2200000.0,950.0,5,Tunis,House,14.603968372873895,6.85751406254539
295000.0,113.5,2,Sousse,Appart,12.59473402514672,4.740574822994295
415000.0,160.0,3,Ariana,Appart,12.936036208848487,5.081404364984463
750000.0,244.0,5,Ariana,House,13.527829818844937,5.501258210544727
320000.0,131.0,4,Tunis,Appart,12.676079399771027,4.882801922586371
800000.0,413.0,8,Ben Arous,House,13.592368256649284,6.025865973825314
338000.0,150.0,3,Ariana,Appart,12.73080413304066,5.017279836814924
250000.0,125.0,3,Ben Arous,Appart,12.429220196836383,4.836281906951478
280000.0,140.0,3,Tunis,House,12.54254845357358,4.948759890378168
530000.0,168.0,3,Tunis,Appart,13.180634172318978,5.1298987149230735
320000.0,128.0,3,Sousse,Appart,12.676079399771027,4.859812404361672
510000.0,190.0,3,Nabeul,Appart,13.1421679654829,5.25227342804663
175000.0,120.0,2,Nabeul,Appart,12.07254696717504,4.795790545596741
270000.0,208.0,3,Nabeul,House,12.506180941677357,5.342334251964811
205000.0,85.0,2,Nabeul,Appart,12.230770136157428,4.454347296253507
140000.0,90.0,2,Monastir,Appart,11.849404844423074,4.51085950651685
400000.0,269.0,3,Nabeul,House,12.899222326086994,5.598421958998375
520000.0,303.0,3,Nabeul,House,13.161586013632684,5.717027701406222
440000.0,122.5,2,Tunis,Appart,12.994532278619134,4.816241156068032
210000.0,88.0,2,Ariana,Appart,12.25486757159303,4.48863636973214
125000.0,97.0,2,Tunis,Appart,11.736077016252437,4.584967478670572
850000.0,250.0,3,Nabeul,House,13.652992804936396,5.5254529391317835
160000.0,100.0,2,Nabeul,Appart,11.982935344196433,4.61512051684126
300000.0,156.0,3,Tunis,House,12.611541086966115,5.056245805348308
270000.0,238.0,5,Nabeul,House,12.506180941677357,5.476463551931511
790000.0,544.0,9,Ben Arous,House,13.579789490265188,6.300785794663244
480000.0,365.0,5,Nabeul,House,13.081543466215237,5.902633333401366
100000.0,446.0,3,Manouba,House,11.51293546492023,6.102558594613569
200000.0,130.0,3,Nabeul,Appart,12.206077645517674,4.875197323201151
630000.0,743.0,2,Nabeul,House,13.353476685668044,6.612041034833092
160000.0,77.0,1,Monastir,Appart,11.982935344196433,4.356708826689592
350000.0,220.0,4,Tunis,House,12.765691290604371,5.3981627015177525
750000.0,600.0,6,Sfax,House,13.527829818844937,6.398594934535208
500000.0,798.0,5,Sfax,House,13.122365377402328,6.683360945766275
215000.0,63.0,1,Tunis,Appart,12.278397958261774,4.1588830833596715
1599998.0,587.0,4,Tunis,House,14.285513562209815,6.376726947898627
1300000.0,387.0,3,Tunis,House,14.077875591662238,5.961005339623274
703000.0,140.0,3,Ariana,Appart,13.463113593266897,4.948759890378168
185000.0,95.0,2,Ariana,Appart,12.128116509451258,4.564348191467836
460000.0,307.0,3,Sousse,House,13.038983942375959,5.730099782973574
2500000.0,1200.0,6,Sousse,House,14.731801689838349,7.0909098220799835
250000.0,140.0,3,Sousse,Appart,12.429220196836383,4.948759890378168
225000.0,100.0,2,Sousse,Appart,12.323860125621126,4.61512051684126
498999.0,146.0,2,Ariana,Appart,13.120361374733656,4.990432586778736
710000.0,155.0,2,Tunis,Appart,13.47302165746721,5.049856007249537
440000.0,151.0,3,Sousse,Appart,12.994532278619134,5.0238805208462765
370000.0,170.0,2,Nabeul,House,12.821260987319457,5.14166355650266
120000.0,75.0,2,Ben Arous,Appart,11.695255355062795,4.330733340286331
450000.0,430.0,3,Sfax,House,13.017005083966255,6.066108090103747
170000.0,60.0,3,Tunis,House,12.04355959836804,4.110873864173311
530000.0,141.0,3,Nabeul,Appart,13.180634172318978,4.955827057601261
490000.0,104.0,2,Nabeul,Appart,13.102162710901053,4.653960350157523
410000.0,109.0,2,Nabeul,Appart,12.923914877701906,4.700480365792417
490000.0,190.0,4,Tunis,House,13.102162710901053,5.25227342804663
385000.0,224.0,1,Nabeul,House,12.861001210669146,5.41610040220442
160000.0,100.0,2,Tunis,House,11.982935344196433,4.61512051684126
590000.0,537.0,2,Nabeul,House,13.28787951079572,6.2878585601617845
515000.0,141.0,2,Ben Arous,Appart,13.151924121391561,4.955827057601261
230000.0,68.0,1,Ariana,Appart,12.345838935721968,4.23410650459726
520000.0,240.0,3,Tunis,Appart,13.161586013632684,5.484796933490655
480000.0,200.0,3,Ben Arous,House,13.081543466215237,5.303304908059076
520000.0,172.0,3,Mahdia,Appart,13.161586013632684,5.153291594497779
381000.0,123.0,2,Tunis,Appart,12.850557278777309,4.820281565605037
985000.0,546.0,4,Ariana,House,13.800397935382136,6.304448802421981
387000.0,162.0,3,Tunis,Appart,12.866182555987908,5.093750200806762
315000.0,126.0,3,Manouba,Appart,12.660331092405906,4.844187086458591
320000.0,307.0,1,Manouba,House,12.676079399771027,5.730099782973574
260000.0,114.0,3,Tunis,Appart,12.468440756144114,4.74493212836325
540000.0,122.0,3,Tunis,Appart,13.199326270390594,4.812184355372417
138000.0,66.0,2,Tunis,Appart,11.835016210489899,4.204692619390966
175000.0,66.0,1,Monastir,Appart,12.07254696717504,4.204692619390966
350000.0,100.0,2,Monastir,Appart,12.765691290604371,4.61512051684126
270000.0,90.0,3,Ben Arous,Appart,12.506180941677357,4.51085950651685
180000.0,66.0,1,Nabeul,Appart,12.100717685412471,4.204692619390966
260000.0,115.0,2,Ben Arous,Appart,12.468440756144114,4.7535901911063645
1190000.0,230.0,3,Tunis,Appart,13.989464705423494,5.442417710521793
372000.0,91.23,2,Ariana,Appart,12.826651821423713,4.524285457247627
450000.0,145.0,3,Nabeul,House,13.017005083966255,4.983606621708336
370000.0,65.0,1,Tunis,Appart,12.821260987319457,4.189654742026425
80000.0,85.0,2,Sousse,Appart,11.289794413577894,4.454347296253507
162000.0,200.0,3,Ariana,House,11.995357787034976,5.303304908059076
600000.0,500.0,3,Tunis,House,13.304686600863562,6.2166061010848646
225000.0,100.0,3,Ben Arous,Appart,12.323860125621126,4.61512051684126
450000.0,126.0,2,Tunis,Appart,13.017005083966255,4.844187086458591
560000.0,121.0,2,Tunis,Appart,13.235693848424024,4.804021044733257
950000.0,220.0,3,Tunis,Appart,13.76421831620775,5.3981627015177525
295000.0,113.5,2,Sousse,Appart,12.59473402514672,4.740574822994295
200000.0,86.0,2,Ben Arous,Appart,12.206077645517674,4.465908118654584
799999.0,413.0,5,Ben Arous,House,13.592367006650065,6.025865973825314
320000.0,157.0,4,Tunis,Appart,12.676079399771027,5.062595033026967
200000.0,75.0,2,Mednine,Appart,12.206077645517674,4.330733340286331
400000.0,120.0,2,Tunis,Appart,12.899222326086994,4.795790545596741
526550.0,123.0,2,Tunis,Appart,13.174103471961816,4.820281565605037
274000.0,65.0,1,Ariana,Appart,12.520887034998584,4.189654742026425
265000.0,105.0,2,Sousse,Appart,12.487488878546145,4.663439094112067
160000.0,124.0,3,Sousse,House,11.982935344196433,4.8283137373023015
178000.0,150.0,1,Nabeul,Appart,12.08954444723597,5.017279836814924
230000.0,110.0,2,Nabeul,Appart,12.345838935721968,4.709530201312334
220000.0,306.0,4,Manouba,House,12.301387370778713,5.726847747587197
165000.0,110.0,2,Nabeul,Appart,12.013706813470414,4.709530201312334
145000.0,73.0,1,Mahdia,Appart,11.884495917930655,4.30406509320417
200000.0,80.0,2,Ben Arous,Appart,12.206077645517674,4.394449154672439
380000.0,168.0,2,Ben Arous,House,12.847929163278053,5.1298987149230735
450000.0,186.0,8,Tunis,House,13.017005083966255,5.231108616854587
458000.0,122.0,2,Sousse,Appart,13.034626646500051,4.812184355372417
510000.0,150.0,3,Sousse,Appart,13.1421679654829,5.017279836814924
365000.0,116.0,2,Sousse,Appart,12.807655372286902,4.762173934797756
425000.0,123.0,2,Sousse,Appart,12.959846800844963,4.820281565605037
395000.0,134.0,3,Sousse,Appart,12.886643575525625,4.90527477843843
375000.0,140.0,3,Sousse,Appart,12.834683971615659,4.948759890378168
447000.0,160.0,3,Sousse,Appart,13.010316110729669,5.081404364984463
370000.0,128.0,2,Sousse,Appart,12.821260987319457,4.859812404361672
300000.0,116.0,2,Sousse,Appart,12.611541086966115,4.762173934797756
320000.0,118.0,2,Sousse,Appart,12.676079399771027,4.77912349311153
420000.0,160.0,3,Sousse,Appart,12.948012371209098,5.081404364984463
540000.0,167.0,2,Sousse,Appart,13.199326270390594,5.123963979403259
349000.0,120.0,2,Tunis,Appart,12.762830066509972,4.795790545596741
150000.0,60.0,2,Monastir,Appart,11.918397239722838,4.110873864173311
365000.0,100.0,4,Monastir,House,12.807655372286902,4.61512051684126
400000.0,452.0,1,Mednine,House,12.899222326086994,6.115892125483034
450000.0,250.0,7,Ben Arous,House,13.017005083966255,5.5254529391317835
440000.0,735.0,4,Mednine,House,12.994532278619134,6.601230118728877
180000.0,175.0,3,Tunis,Appart,12.100717685412471,5.170483995038151
370000.0,91.0,2,Tunis,Appart,12.821260987319457,4.5217885770490405
335000.0,65.0,1,Tunis,Appart,12.721888795877375,4.189654742026425
800000.0,225.0,5,Tunis,House,13.592368256649284,5.420534999272286
365000.0,160.0,9,Tunis,House,12.807655372286902,5.081404364984463
680000.0,500.0,4,Sousse,House,13.429849547739444,6.2166061010848646
410000.0,200.0,3,Nabeul,House,12.923914877701906,5.303304908059076
150000.0,156.0,3,Tunis,House,11.918397239722838,5.056245805348308
199000.0,85.0,2,Nabeul,Appart,12.201065128819632,4.454347296253507
170000.0,89.5,2,Mahdia,Appart,12.04355959836804,4.505349850705881
264000.0,69.5,1,Mahdia,Appart,12.483708170000067,4.255612709818223
650000.0,425.0,7,Mahdia,House,13.384729180332174,6.054439346269371
200000.0,100.0,2,Ben Arous,Appart,12.206077645517674,4.61512051684126
90000.0,45.0,1,Tunis,Appart,11.407576060361786,3.828641396489095
180000.0,150.0,3,Tunis,Appart,12.100717685412471,5.017279836814924
630000.0,160.0,4,Tunis,Appart,13.353476685668044,5.081404364984463
529996.0,300.0,4,Tunis,House,13.180626625134925,5.707110264748875
620000.0,560.0,1,Tunis,House,13.3374763699232,6.329720905522696
500000.0,800.0,9,Sfax,House,13.122365377402328,6.68586094706836
1200000.0,690.0,7,Manouba,House,13.997832948091215,6.53813982376767
95000.0,85.0,2,Ben Arous,Appart,11.461642696843066,4.454347296253507
345000.0,75.0,1,Tunis,Appart,12.75130259456002,4.330733340286331
650000.0,500.0,4,Ariana,House,13.384729180332174,6.2166061010848646
320000.0,130.0,3,Ariana,Appart,12.676079399771027,4.875197323201151
1250000.0,500.0,5,Tunis,House,14.038654909278163,6.2166061010848646
190000.0,115.0,2,Tunis,Appart,12.154784614286667,4.7535901911063645
1600000.0,450.0,5,Tunis,House,14.285514812209815,6.111467339502679
275000.0,120.0,3,Monastir,Appart,12.524530013005734,4.795790545596741
180000.0,236.0,2,Mednine,House,12.100717685412471,5.4680601411351315
1990000.0,450.0,5,Tunis,House,14.503645699213111,6.111467339502679
3099998.0,672.0,5,Tunis,House,14.946912346874678,6.511745329644728
180000.0,100.0,3,Nabeul,Appart,12.100717685412471,4.61512051684126
380000.0,112.0,3,Ariana,Appart,12.847929163278053,4.727387818712341
950000.0,1000.0,4,Nabeul,House,13.76421831620775,6.90875477931522
240000.0,150.0,2,Nabeul,House,12.388398368982115,5.017279836814924
255000.0,102.5,2,Monastir,Appart,12.449022745701502,4.639571612705423
290000.0,69.0,1,Tunis,Appart,12.577639650232573,4.248495242049359
250000.0,190.0,3,Ariana,House,12.429220196836383,5.25227342804663
780000.0,200.0,3,Ariana,Appart,13.567050480716235,5.303304908059076
592000.0,170.69,2,Ariana,Appart,13.291263603053904,5.145690525089121
390000.0,140.0,5,Tunis,House,12.873904582205107,4.948759890378168
680000.0,307.0,3,Ariana,House,13.429849547739444,5.730099782973574
180000.0,170.0,4,Sfax,House,12.100717685412471,5.14166355650266
270000.0,220.0,3,Tunis,House,12.506180941677357,5.3981627015177525
178000.0,150.0,3,Tunis,Appart,12.08954444723597,5.017279836814924
315000.0,130.0,2,Nabeul,Appart,12.660331092405906,4.875197323201151
460000.0,120.0,2,Nabeul,Appart,13.038983942375959,4.795790545596741
270000.0,70.0,1,Tunis,Appart,12.506180941677357,4.2626798770413155
230000.0,160.0,2,Tunis,House,12.345838935721968,5.081404364984463
205000.0,127.0,3,Tunis,Appart,12.230770136157428,4.852030263919617
130000.0,150.0,2,Monastir,Appart,11.775297421715827,5.017279836814924
580000.0,230.0,2,Mahdia,House,13.270785106659046,5.442417710521793
290000.0,111.0,2,Mahdia,Appart,12.577639650232573,4.718498871295094
180000.0,110.0,2,Nabeul,Appart,12.100717685412471,4.709530201312334
120000.0,240.0,2,Tunis,House,11.695255355062795,5.484796933490655
320000.0,135.0,3,Tunis,Appart,12.676079399771027,4.912654885736052
390000.0,111.0,3,Ariana,Appart,12.873904582205107,4.718498871295094
779998.0,400.0,2,Ariana,House,13.56704791661367,5.993961427306569
165000.0,90.0,3,Ben Arous,Appart,12.013706813470414,4.51085950651685
90000.0,80.0,2,Tunis,Appart,11.407576060361786,4.394449154672439
225000.0,60.0,1,Ariana,Appart,12.323860125621126,4.110873864173311
700000.0,360.0,2,Ariana,House,13.45883704259595,5.8888779583328805
360000.0,240.0,3,Mednine,House,12.793862088206213,5.484796933490655
95000.0,90.0,2,Nabeul,Appart,11.461642696843066,4.51085950651685
210000.0,100.0,2,Nabeul,Appart,12.25486757159303,4.61512051684126
1900000.0,500.0,5,Tunis,House,14.45736497045232,6.2166061010848646
349999.0,220.0,4,Manouba,House,12.765688433465597,5.3981627015177525
240000.0,120.0,2,Ben Arous,Appart,12.388398368982115,4.795790545596741
365000.0,118.0,2,Mahdia,Appart,12.807655372286902,4.77912349311153
850000.0,880.0,6,Tunis,House,13.652992804936396,6.78105762593618
275000.0,128.0,3,Ariana,Appart,12.524530013005734,4.859812404361672
340000.0,230.0,4,Tunis,House,12.73670383776449,5.442417710521793
285000.0,100.0,2,Tunis,Appart,12.560247968016562,4.61512051684126
340000.0,130.0,3,Tunis,Appart,12.73670383776449,4.875197323201151
164000.0,120.0,4,Ariana,Appart,12.00762780434872,4.795790545596741
170000.0,50.0,2,Tunis,Appart,12.04355959836804,3.9318256327243257
650000.0,122.0,2,Tunis,Appart,13.384729180332174,4.812184355372417
157900.0,64.0,1,Ariana,Appart,11.969723533345908,4.174387269895637
300000.0,115.0,4,Tunis,House,12.611541086966115,4.7535901911063645
380000.0,160.0,3,Nabeul,House,12.847929163278053,5.081404364984463
260000.0,47.0,1,Nabeul,Appart,12.468440756144114,3.871201010907891
114998.0,110.0,1,Nabeul,Appart,11.652678711655406,4.709530201312334
239998.0,104.0,2,Nabeul,Appart,12.388390035648781,4.653960350157523
1100000.0,150.0,4,Sousse,House,13.910821646859095,5.017279836814924
2900000.0,4000.0,7,Ariana,House,14.88022163978423,8.294299608857235
350000.0,153.0,3,Ariana,Appart,12.765691290604371,5.0369526024136295
1150000.0,200.0,4,Tunis,Appart,13.955273369904273,5.303304908059076
450999.0,156.0,3,Tunis,Appart,13.019222618484815,5.056245805348308
410000.0,137.0,3,Nabeul,House,12.923914877701906,4.927253685157205
165000.0,100.0,2,Nabeul,Appart,12.013706813470414,4.61512051684126
235000.0,130.0,2,Sousse,Appart,12.367345048436391,4.875197323201151
260000.0,101.0,2,Sousse,Appart,12.468440756144114,4.624972813284271
260000.0,52.0,1,Tunis,Appart,12.468440756144114,3.970291913552122
268997.0,115.0,3,Tunis,Appart,12.5024592236121,4.7535901911063645
1500000.0,600.0,10,Tunis,House,14.220976332738882,6.398594934535208
280000.0,131.0,4,Ariana,House,12.54254845357358,4.882801922586371
130000.0,92.0,3,Tunis,Appart,11.775297421715827,4.532599493153256
450000.0,280.0,3,Ben Arous,House,13.017005083966255,5.638354669333745
2100000.0,1250.0,6,Tunis,House,14.557448378884015,7.1316985104669115
160000.0,75.0,2,Sousse,Appart,11.982935344196433,4.330733340286331
280000.0,80.0,1,Ariana,Appart,12.54254845357358,4.394449154672439
370000.0,170.0,4,Ariana,Appart,12.821260987319457,5.14166355650266
890000.0,260.0,5,Tunis,House,13.698977865303197,5.564520407322694
880000.0,780.0,4,Sousse,House,13.68767832281738,6.660575149839686
385000.0,96.0,2,Ben Arous,Appart,12.861001210669146,4.574710978503383
200000.0,91.0,1,Ben Arous,Appart,12.206077645517674,4.5217885770490405
890000.0,670.0,4,Tunis,House,13.698977865303197,6.508769136971682
400000.0,83.0,1,Mahdia,Appart,12.899222326086994,4.430816798843313
260000.0,114.0,3,Tunis,Appart,12.468440756144114,4.74493212836325
320000.0,114.0,3,Tunis,Appart,12.676079399771027,4.74493212836325
247000.0,185.0,4,Ben Arous,House,12.417147664184915,5.225746673713202
180000.0,121.0,3,Ariana,Appart,12.100717685412471,4.804021044733257
260000.0,90.0,4,Tunis,Appart,12.468440756144114,4.51085950651685
650000.0,154.0,3,Monastir,Appart,13.384729180332174,5.043425116919247
119998.0,100.0,3,Tunis,Appart,11.695238688396127,4.61512051684126
185000.0,59.0,1,Ariana,Appart,12.128116509451258,4.0943445622221
104000.0,68.0,1,Ariana,Appart,11.552155793461898,4.23410650459726
120000.0,98.0,2,Ben Arous,Appart,11.695255355062795,4.59511985013459
1650000.0,510.0,3,Tunis,House,14.316286451937186,6.236369590203704
259000.0,110.0,3,Tunis,Appart,12.464587201678082,4.709530201312334
350000.0,265.0,5,Ben Arous,House,12.765691290604371,5.583496308781699
440000.0,180.0,7,Ariana,House,12.994532278619134,5.198497031265826
280000.0,95.0,2,Nabeul,Appart,12.54254845357358,4.564348191467836
650000.0,500.0,4,Ariana,House,13.384729180332174,6.2166061010848646
185000.0,60.0,1,Mahdia,Appart,12.128116509451258,4.110873864173311
285000.0,130.0,3,Mahdia,Appart,12.560247968016562,4.875197323201151
438000.0,120.0,2,Mahdia,Appart,12.989976472461,4.795790545596741
383000.0,123.08,2,Mahdia,Appart,12.855792879125431,4.8209265188682835
382000.0,132.0,2,Mahdia,Appart,12.853178505386333,4.890349128221754
425000.0,180.0,3,Sousse,Appart,12.959846800844963,5.198497031265826
545000.0,250.0,8,Tunis,House,13.208542908506082,5.5254529391317835
330000.0,100.0,2,Nabeul,House,12.706850963741102,4.61512051684126
290000.0,110.0,3,Ariana,Appart,12.577639650232573,4.709530201312334
239000.0,80.0,2,Tunis,Appart,12.384223015005313,4.394449154672439
289000.0,82.0,1,Sousse,Appart,12.574185427296195,4.418840607796598
290000.0,120.0,2,Nabeul,Appart,12.577639650232573,4.795790545596741
80000.0,120.0,2,Ben Arous,House,11.289794413577894,4.795790545596741
450000.0,287.0,4,Ariana,Appart,13.017005083966255,5.662960480135946
680000.0,300.0,4,Nabeul,House,13.429849547739444,5.707110264748875
290000.0,100.0,6,Sousse,House,12.577639650232573,4.61512051684126
185000.0,153.0,2,Tunis,Appart,12.128116509451258,5.0369526024136295
650000.0,500.0,8,Ariana,House,13.384729180332174,6.2166061010848646
100000.0,85.0,2,Nabeul,Appart,11.51293546492023,4.454347296253507
95000.0,69.0,2,Ben Arous,Appart,11.461642696843066,4.248495242049359
400000.0,67.0,2,Sousse,Appart,12.899222326086994,4.219507705176107
254999.0,151.0,2,Ben Arous,Appart,12.449018824140563,5.0238805208462765
415000.0,700.0,4,Sfax,House,12.936036208848487,6.55250788703459
224000.0,200.0,4,Ariana,House,12.319405795112926,5.303304908059076
375000.0,122.0,2,Sousse,Appart,12.834683971615659,4.812184355372417
768000.0,2900.0,2,Sousse,House,13.551546314212295,7.972810784121404
1100000.0,350.0,4,Sousse,House,13.910821646859095,5.860786223465865
115000.0,62.0,2,Ben Arous,Appart,11.652696102959753,4.143134726391533
180000.0,256.0,2,Nabeul,House,12.100717685412471,5.54907608489522
700000.0,378.0,6,Ben Arous,House,13.45883704259595,5.937536205082426
264993.0,90.0,2,Tunis,Appart,12.487462463202602,4.51085950651685
3700000.0,100.0,3,Nabeul,Appart,15.123843647884687,4.61512051684126
270000.0,122.0,3,Tunis,Appart,12.506180941677357,4.812184355372417
440000.0,390.0,2,Mednine,House,12.994532278619134,5.968707559985366
420000.0,290.0,2,Mednine,House,12.948012371209098,5.673323267171493
300000.0,190.0,2,Mednine,House,12.611541086966115,5.25227342804663
1200000.0,570.0,4,Mednine,House,13.997832948091215,6.3473892096560105
520000.0,420.0,3,Mednine,House,13.161586013632684,6.042632833682381
185000.0,100.0,2,Ben Arous,Appart,12.128116509451258,4.61512051684126
320000.0,500.0,4,Tunis,House,12.676079399771027,6.2166061010848646
145000.0,129.0,4,Mahdia,House,11.884495917930655,4.867534450455582
250000.0,240.0,2,Nabeul,House,12.429220196836383,5.484796933490655
208700.0,72.0,1,Tunis,Appart,12.248657884620656,4.290459441148391
169999.0,100.0,2,Nabeul,Appart,12.043553716032399,4.61512051684126
260000.0,103.0,2,Ben Arous,House,12.468440756144114,4.6443908991413725
120000.0,70.0,2,Sfax,Appart,11.695255355062795,4.2626798770413155
120000.0,56.0,1,Tunis,Appart,11.695255355062795,4.04305126783455
375000.0,484.0,2,Sousse,House,12.834683971615659,6.184148890937483
450000.0,300.0,3,Tunis,Appart,13.017005083966255,5.707110264748875
165000.0,100.0,3,Ben Arous,Appart,12.013706813470414,4.61512051684126
1400000.0,250.0,4,Sfax,House,14.151983508870947,5.5254529391317835
300000.0,160.0,3,Ben Arous,House,12.611541086966115,5.081404364984463
700000.0,300.0,2,Nabeul,House,13.45883704259595,5.707110264748875
309998.0,70.0,2,Nabeul,Appart,12.644324350649674,4.2626798770413155
295000.0,110.0,2,Sousse,Appart,12.59473402514672,4.709530201312334
270000.0,120.0,2,Tunis,Appart,12.506180941677357,4.795790545596741
225000.0,80.0,1,Sousse,Appart,12.323860125621126,4.394449154672439
95000.0,80.0,2,Sousse,Appart,11.461642696843066,4.394449154672439
330000.0,182.0,3,Nabeul,House,12.706850963741102,5.209486152841421
350000.0,294.0,3,Tunis,House,12.765691290604371,5.68697535633982
600000.0,103.0,2,Tunis,House,13.304686600863562,4.6443908991413725
253800.0,116.0,1,Sousse,Appart,12.444305774364985,4.762173934797756
410000.0,165.0,2,Sousse,Appart,12.923914877701906,5.111987788356544
380000.0,100.0,3,Sousse,Appart,12.847929163278053,4.61512051684126
800000.0,413.0,8,Ben Arous,House,13.592368256649284,6.025865973825314
137998.0,100.0,2,Nabeul,House,11.835001717736276,4.61512051684126
330000.0,68.0,2,Sousse,Appart,12.706850963741102,4.23410650459726
150000.0,100.0,3,Ben Arous,House,11.918397239722838,4.61512051684126
449000.0,336.0,7,Tunis,House,13.014780393893403,5.820082930352362
189000.0,130.0,3,Sfax,Appart,12.149507585033072,4.875197323201151
700000.0,1090.0,5,Monastir,House,13.45883704259595,6.994849985833071
560000.0,185.0,3,Nabeul,Appart,13.235693848424024,5.225746673713202
440000.0,181.0,2,Ariana,Appart,12.994532278619134,5.204006687076795
350000.0,150.0,3,Tunis,Appart,12.765691290604371,5.017279836814924
200000.0,85.0,2,Tunis,Appart,12.206077645517674,4.454347296253507
200001.0,85.0,2,Sousse,Appart,12.206082645480175,4.454347296253507
470000.0,118.0,2,Mahdia,Appart,13.060490101343552,4.77912349311153
230000.0,90.0,2,Mahdia,Appart,12.345838935721968,4.51085950651685
630000.0,126.0,3,Tunis,Appart,13.353476685668044,4.844187086458591
750000.0,300.0,4,Nabeul,House,13.527829818844937,5.707110264748875
450000.0,140.0,3,Tunis,Appart,13.017005083966255,4.948759890378168
190000.0,82.0,2,Tunis,Appart,12.154784614286667,4.418840607796598
1000000.0,284.0,5,Tunis,House,13.815511557963774,5.652489180268651
300000.0,650.0,5,Sfax,House,12.611541086966115,6.478509642208569
350000.0,50.0,1,Sousse,Appart,12.765691290604371,3.9318256327243257
500000.0,798.0,5,Sfax,House,13.122365377402328,6.683360945766275
749999.0,300.0,6,Sfax,House,13.527828485512494,5.707110264748875
159999.0,100.0,2,Monastir,Appart,11.982929094215963,4.61512051684126
320000.0,250.0,4,Monastir,House,12.676079399771027,5.5254529391317835
210000.0,110.0,3,Sfax,Appart,12.25486757159303,4.709530201312334
320000.0,100.0,2,Tunis,House,12.676079399771027,4.61512051684126
469997.0,145.0,3,Nabeul,Appart,13.06048371835804,4.983606621708336
590000.0,170.0,3,Ben Arous,Appart,13.28787951079572,5.14166355650266
285000.0,112.0,2,Ariana,Appart,12.560247968016562,4.727387818712341
165000.0,90.0,3,Ben Arous,Appart,12.013706813470414,4.51085950651685
240000.0,100.0,2,Monastir,Appart,12.388398368982115,4.61512051684126
720000.0,180.0,6,Tunis,House,13.487007879880162,5.198497031265826
229000.0,85.0,2,Tunis,Appart,12.34148164933907,4.454347296253507
170000.0,115.0,2,Sousse,House,12.04355959836804,4.7535901911063645
245000.0,100.0,2,Ariana,Appart,12.409017571151187,4.61512051684126
290000.0,100.0,1,Nabeul,Appart,12.577639650232573,4.61512051684126
250000.0,95.0,3,Tunis,Appart,12.429220196836383,4.564348191467836
560000.0,2000.0,5,Kasserine,House,13.235693848424024,7.601402334583733
455000.0,155.0,3,Ariana,Appart,13.02805489573287,5.049856007249537
500000.0,630.0,4,Nabeul,House,13.122365377402328,6.447305862541213
175000.0,110.0,3,Sousse,House,12.07254696717504,4.709530201312334
800000.0,237.0,3,Tunis,House,13.592368256649284,5.472270673671475
380000.0,110.0,2,Ariana,Appart,12.847929163278053,4.709530201312334
295000.0,175.0,3,Nabeul,Appart,12.59473402514672,5.170483995038151
120000.0,50.0,1,Ariana,Appart,11.695255355062795,3.9318256327243257
360000.0,187.0,2,Ariana,Appart,12.793862088206213,5.236441962829949
335000.0,140.0,3,Ariana,Appart,12.721888795877375,4.948759890378168
1190000.0,556.0,8,Ariana,House,13.989464705423494,6.322565239927284
225000.0,60.0,1,Ariana,Appart,12.323860125621126,4.110873864173311
14998.0,1150.0,6,Tunis,House,9.61573881119536,7.048386408721883
380000.0,180.0,4,Ariana,Appart,12.847929163278053,5.198497031265826
310000.0,225.0,2,Tunis,Appart,12.644330802262578,5.420534999272286
380000.0,90.0,2,Nabeul,House,12.847929163278053,4.51085950651685
147000.0,120.0,2,Nabeul,House,11.898194668458823,4.795790545596741
48000.0,55.0,2,Tunis,Appart,10.778977123006351,4.02535169073515
295000.0,120.0,2,Ariana,Appart,12.59473402514672,4.795790545596741
139997.0,110.0,4,Ben Arous,Appart,11.849383415775113,4.709530201312334
200000.0,86.0,2,Ben Arous,Appart,12.206077645517674,4.465908118654584
6000000.0,212.0,3,Ariana,Appart,15.607270193858982,5.3612921657094255
155000.0,90.0,3,Tunis,Appart,11.951186847493476,4.51085950651685
440000.0,240.0,4,Ariana,House,12.994532278619134,5.484796933490655
132000.0,106.0,3,Ariana,Appart,11.790564777297387,4.672828834461906
315000.0,100.0,3,Tunis,Appart,12.660331092405906,4.61512051684126
450000.0,200.0,4,Sousse,House,13.017005083966255,5.303304908059076
1450000.0,340.0,4,Sousse,House,14.187074804051692,5.831882477283517
650000.0,166.0,3,Tunis,Appart,13.384729180332174,5.117993812416755
550000.0,500.0,5,Monastir,Appart,13.217675375388819,6.2166061010848646
399999.0,200.0,3,Nabeul,House,12.89921982609012,5.303304908059076
270000.0,127.0,2,Ben Arous,Appart,12.506180941677357,4.852030263919617
391000.0,140.0,1,Sousse,Appart,12.876465396508989,4.948759890378168
850000.0,208.0,4,Ariana,Appart,13.652992804936396,5.342334251964811
190000.0,100.0,2,Monastir,Appart,12.154784614286667,4.61512051684126
450000.0,187.0,4,Tunis,House,13.017005083966255,5.236441962829949
800000.0,413.0,5,Ben Arous,House,13.592368256649284,6.025865973825314
3500000.0,200.0,3,Tunis,House,15.068273812173887,5.303304908059076
375000.0,315.0,3,Ariana,House,12.834683971615659,5.755742213586912
255000.0,74.0,1,Ariana,Appart,12.449022745701502,4.31748811353631
180000.0,75.0,1,Nabeul,Appart,12.100717685412471,4.330733340286331
300000.0,420.0,3,Sfax,House,12.611541086966115,6.042632833682381
126003.0,65.0,3,Ariana,Appart,11.744068931461467,4.189654742026425
1137497.0,339.0,3,Ariana,House,13.944341671563938,5.8289456176102075
680000.0,460.0,5,Tunis,House,13.429849547739444,6.133398042996649
305000.0,140.0,4,Tunis,Appart,12.628070334272698,4.948759890378168
248000.0,190.0,4,Ben Arous,House,12.421188057397055,5.25227342804663
1200000.0,529.0,7,Ben Arous,House,13.997832948091215,6.272877006546167
426000.0,190.0,3,Sousse,Appart,12.962196972666593,5.25227342804663
2000000.0,465.0,1,Tunis,Appart,14.508658238524095,6.144185634125646
165000.0,75.0,2,Tunis,Appart,12.013706813470414,4.330733340286331
160000.0,50.0,1,Tunis,Appart,11.982935344196433,3.9318256327243257
350000.0,297.0,2,Tunis,House,12.765691290604371,5.697093486505405
320000.0,90.0,2,Nabeul,Appart,12.676079399771027,4.51085950651685
600000.0,147.0,2,Mahdia,Appart,13.304686600863562,4.997212273764115
460000.0,147.0,3,Mahdia,Appart,13.038983942375959,4.997212273764115
209999.0,145.0,2,Nabeul,House,12.254862809699606,4.983606621708336
559000.0,119.0,2,Ariana,Appart,13.233906541044401,4.787491742782046
435000.0,168.0,4,Ariana,Appart,12.983103608918753,5.1298987149230735
263000.0,89.0,3,Tunis,Appart,12.479913113434042,4.499809670330265
525000.0,160.0,4,Tunis,House,13.171155446333852,5.081404364984463
1650000.0,250.0,6,Tunis,House,14.316286451937186,5.5254529391317835
350000.0,120.0,2,Sousse,Appart,12.765691290604371,4.795790545596741
395000.0,253.0,3,Nabeul,House,12.886643575525625,5.537334267018537
420000.0,127.0,2,Nabeul,House,12.948012371209098,4.852030263919617
680000.0,450.0,6,Tunis,House,13.429849547739444,6.111467339502679
295000.0,110.0,2,Sousse,Appart,12.59473402514672,4.709530201312334
260000.0,97.0,2,Sousse,Appart,12.468440756144114,4.584967478670572
280000.0,100.0,2,Sousse,Appart,12.54254845357358,4.61512051684126
120000.0,100.0,4,Tunis,House,11.695255355062795,4.61512051684126
120000.0,96.66,2,Sousse,Appart,11.695255355062795,4.581492058633514
4350000.0,1280.0,10,Tunis,House,15.285686632949897,7.155396301896734
350000.0,168.0,3,Tunis,Appart,12.765691290604371,5.1298987149230735
450000.0,300.0,6,Ben Arous,House,13.017005083966255,5.707110264748875
97000.0,75.0,2,Nabeul,Appart,11.48247656671073,4.330733340286331
845000.0,300.0,4,Ariana,Appart,13.647093089770562,5.707110264748875
90000.0,120.0,4,Tunis,House,11.407576060361786,4.795790545596741
260000.0,130.0,2,Sousse,Appart,12.468440756144114,4.875197323201151
160000.0,75.0,2,Sousse,Appart,11.982935344196433,4.330733340286331
155000.0,97.0,3,Tunis,Appart,11.951186847493476,4.584967478670572
665000.0,672.0,3,Sousse,Appart,13.407543823396258,6.511745329644728
210000.0,115.0,4,Monastir,House,12.25486757159303,4.7535901911063645
260000.0,200.0,2,Ariana,House,12.468440756144114,5.303304908059076
240000.0,100.0,2,Sousse,Appart,12.388398368982115,4.61512051684126
324710.0,85.45,2,Nabeul,Appart,12.690690834942426,4.4595662121293
1050000.0,230.0,4,Sousse,House,13.864301674514206,5.442417710521793
426000.0,190.0,3,Sousse,Appart,12.962196972666593,5.25227342804663
70000.0,80.0,2,Sfax,Appart,11.156264806643742,4.394449154672439
485760.0,147.0,3,Sousse,Appart,13.093472012377005,4.997212273764115
1480000.0,650.0,4,Sousse,House,14.207553321415745,6.478509642208569
240000.0,90.0,1,Nabeul,Appart,12.388398368982115,4.51085950651685
345000.0,110.0,3,Ariana,Appart,12.75130259456002,4.709530201312334
220000.0,130.0,5,Tunis,Appart,12.301387370778713,4.875197323201151
750000.0,600.0,6,Tunis,House,13.527829818844937,6.398594934535208
285000.0,75.0,2,Nabeul,Appart,12.560247968016562,4.330733340286331
300000.0,220.0,5,Tunis,House,12.611541086966115,5.3981627015177525
180000.0,55.0,1,Tunis,Appart,12.100717685412471,4.02535169073515
290000.0,132.0,3,Tunis,Appart,12.577639650232573,4.890349128221754
670000.0,180.0,5,Ariana,Appart,13.415034483903348,5.198497031265826
375000.0,200.0,3,Tunis,House,12.834683971615659,5.303304908059076
720194.0,218.24,3,Sousse,Appart,13.487277287656845,5.390167020177915
250000.0,200.0,5,Sousse,House,12.429220196836383,5.303304908059076
150000.0,40.0,1,Ariana,Appart,11.918397239722838,3.713572066704308
250000.0,61.8,1,Sousse,Appart,12.429220196836383,4.139955073474153
220000.0,89.0,2,Tunis,Appart,12.301387370778713,4.499809670330265
257000.0,92.0,2,Tunis,Appart,12.456835254920371,4.532599493153256
690000.0,170.0,3,Tunis,House,13.444448325847754,5.14166355650266
950000.0,300.0,4,Tunis,House,13.76421831620775,5.707110264748875
160000.0,500.0,3,Nabeul,House,11.982935344196433,6.2166061010848646
650000.0,220.0,3,Nabeul,House,13.384729180332174,5.3981627015177525
140000.0,73.0,1,Tunis,Appart,11.849404844423074,4.30406509320417
740000.0,518.0,5,Ben Arous,House,13.51440681653079,6.251903883165888
330000.0,140.0,2,Sousse,Appart,12.706850963741102,4.948759890378168
1849999.0,650.0,8,Tunis,House,14.430696197054507,6.478509642208569
520000.0,165.0,3,Sousse,Appart,13.161586013632684,5.111987788356544
850000.0,2900.0,2,Sousse,House,13.652992804936396,7.972810784121404
245000.0,69.43,1,Sousse,Appart,12.409017571151187,4.254619308757319
370000.0,118.39,2,Sousse,Appart,12.821260987319457,4.782395445357297
395000.0,123.08,2,Sousse,Appart,12.886643575525625,4.8209265188682835
345000.0,85.0,2,Tunis,Appart,12.75130259456002,4.454347296253507
447000.0,163.0,3,Tunis,Appart,13.010316110729669,5.099866427824199
250000.0,75.0,1,Tunis,Appart,12.429220196836383,4.330733340286331
200000.0,86.0,2,Ben Arous,Appart,12.206077645517674,4.465908118654584
90000.0,82.0,2,Sousse,Appart,11.407576060361786,4.418840607796598
750000.0,591.0,2,Mednine,House,13.527829818844937,6.3835066348840055
850000.0,204.0,3,Sousse,Appart,13.652992804936396,5.3230099791384085
850000.0,204.0,3,Sousse,Appart,13.652992804936396,5.3230099791384085
5200000.0,120.0,3,Nabeul,Appart,15.46416937585933,4.795790545596741
360000.0,90.0,2,Nabeul,Appart,12.793862088206213,4.51085950651685
540000.0,207.0,1,Tunis,House,13.199326270390594,5.337538079701318
1250000.0,349.0,3,Nabeul,House,14.038654909278163,5.857933154483459
260000.0,128.0,3,Tunis,Appart,12.468440756144114,4.859812404361672
170000.0,90.0,2,Ben Arous,Appart,12.04355959836804,4.51085950651685
880000.0,404.0,9,Ariana,House,13.68767832281738,6.003887067106539
320000.0,130.0,2,Sousse,Appart,12.676079399771027,4.875197323201151
850000.0,238.0,3,Tunis,House,13.652992804936396,5.476463551931511
195000.0,124.0,5,Tunis,House,12.180759965737863,4.8283137373023015
280000.0,220.0,4,Gafsa,House,12.54254845357358,5.3981627015177525
11111.0,316.0,4,Ben Arous,House,9.31578088443418,5.75890177387728
280000.0,257.0,3,Tunis,House,12.54254845357358,5.552959584921617
495000.0,185.0,3,Tunis,Appart,13.112315061750808,5.225746673713202
500000.0,323.0,3,Ben Arous,House,13.122365377402328,5.780743515792329
260000.0,129.0,3,Manouba,Appart,12.468440756144114,4.867534450455582
850000.0,500.0,4,Tunis,House,13.652992804936396,6.2166061010848646
580000.0,266.0,10,Sousse,House,13.270785106659046,5.58724865840025
553000.0,135.0,3,Ariana,Appart,13.223115088821102,4.912654885736052
230000.0,146.0,3,Sousse,Appart,12.345838935721968,4.990432586778736
760000.0,180.0,3,Nabeul,House,13.541075028051122,5.198497031265826
385000.0,250.0,3,Nabeul,House,12.861001210669146,5.5254529391317835
440000.0,120.0,2,Nabeul,Appart,12.994532278619134,4.795790545596741
405000.0,124.0,2,Ariana,Appart,12.91164481522143,4.8283137373023015
1200000.0,420.0,2,Tunis,House,13.997832948091215,6.042632833682381
489000.0,1270.0,2,Sousse,House,13.100119813444692,7.147559271189454
240000.0,96.0,2,Sousse,Appart,12.388398368982115,4.574710978503383
850000.0,505.0,8,Tunis,House,13.652992804936396,6.226536669287466
175000.0,140.0,4,Sfax,House,12.07254696717504,4.948759890378168
75000.0,60.0,1,Sousse,Appart,11.225256725762893,4.110873864173311
370000.0,143.0,3,Tunis,Appart,12.821260987319457,4.969813299576001
240000.0,120.0,2,Tunis,Appart,12.388398368982115,4.795790545596741
650000.0,343.0,2,Manouba,House,13.384729180332174,5.840641657373398
989999.0,500.0,4,Ben Arous,House,13.805460222110773,6.2166061010848646
490000.0,1918.0,3,Sfax,House,13.102162710901053,7.5595594960077
830000.0,490.0,7,Ben Arous,House,13.629182184591333,6.19644412779452
186000.0,93.0,2,Sousse,Appart,12.133507329024972,4.543294782270004
650000.0,400.0,2,Sfax,House,13.384729180332174,5.993961427306569
900000.0,144.0,2,Sousse,Appart,13.710151153416941,4.976733742420574
340000.0,55.0,1,Sousse,Appart,12.73670383776449,4.02535169073515
160000.0,107.0,2,Sousse,Appart,11.982935344196433,4.68213122712422
375000.0,119.0,2,Ariana,Appart,12.834683971615659,4.787491742782046
270000.0,105.0,2,Ben Arous,Appart,12.506180941677357,4.663439094112067
185000.0,94.0,2,Ben Arous,Appart,12.128116509451258,4.553876891600541
2400000.0,740.0,5,Tunis,House,14.690979711984754,6.608000625296087
3200000.0,1250.0,8,Tunis,House,14.978661680269907,7.1316985104669115
225000.0,79.0,1,Tunis,Appart,12.323860125621126,4.382026634673881
1500000.0,430.0,4,Ariana,House,14.220976332738882,6.066108090103747
235000.0,100.0,2,Nabeul,Appart,12.367345048436391,4.61512051684126
990000.0,440.0,6,Ariana,House,13.805461232211272,6.089044875446846
350000.0,280.0,3,Nabeul,House,12.765691290604371,5.638354669333745
320000.0,150.0,4,Tunis,Appart,12.676079399771027,5.017279836814924
1450000.0,600.0,6,Ariana,House,14.187074804051692,6.398594934535208
280000.0,57.0,1,Ariana,Appart,12.54254845357358,4.060443010546419
390000.0,96.0,2,Mahdia,Appart,12.873904582205107,4.574710978503383
195000.0,75.0,1,Ariana,Appart,12.180759965737863,4.330733340286331
2099999.0,936.0,4,Nabeul,House,14.557447902693651,6.842683282238422
290000.0,63.0,1,Tunis,Appart,12.577639650232573,4.1588830833596715
180000.0,100.0,4,Tunis,Appart,12.100717685412471,4.61512051684126
610000.0,400.0,6,Tunis,House,13.321215875492413,5.993961427306569
360000.0,227.0,4,Ariana,House,12.793862088206213,5.429345628954441
180000.0,106.0,2,Sousse,House,12.100717685412471,4.672828834461906
370000.0,125.0,3,Mednine,House,12.821260987319457,4.836281906951478
560000.0,485.0,6,Monastir,House,13.235693848424024,6.186208623900494
250000.0,135.0,2,Tunis,Appart,12.429220196836383,4.912654885736052
255000.0,81.0,2,Ben Arous,Appart,12.449022745701502,4.406719247264253
235000.0,130.0,2,Tunis,Appart,12.367345048436391,4.875197323201151
180000.0,100.0,5,Ben Arous,House,12.100717685412471,4.61512051684126
205000.0,400.0,3,Sfax,House,12.230770136157428,5.993961427306569
256500.0,50.0,1,Sousse,Appart,12.45488784222084,3.9318256327243257
450000.0,145.0,3,Sousse,Appart,13.017005083966255,4.983606621708336
270000.0,73.0,2,Tunis,Appart,12.506180941677357,4.30406509320417
800000.0,485.0,6,Ben Arous,House,13.592368256649284,6.186208623900494
300000.0,170.0,5,Tunis,House,12.611541086966115,5.14166355650266
220000.0,200.0,4,Tunis,House,12.301387370778713,5.303304908059076
220000.0,140.0,3,Ben Arous,House,12.301387370778713,4.948759890378168
1269000.0,500.0,5,Ariana,House,14.053740534718278,6.2166061010848646
350000.0,204.0,3,Nabeul,House,12.765691290604371,5.3230099791384085
310000.0,125.0,2,Tunis,Appart,12.644330802262578,4.836281906951478
219000.0,100.0,2,Ariana,Appart,12.296831574998258,4.61512051684126
94000.0,78.0,3,Ben Arous,Appart,11.451060699493427,4.3694478524670215
363600.0,87.8,2,Mahdia,Appart,12.803812391556706,4.486386649998124
1350000.0,750.0,9,Sousse,House,14.115615891155079,6.621405651764134
360000.0,265.0,1,Ariana,House,12.793862088206213,5.583496308781699
180000.0,400.0,3,Nabeul,House,12.100717685412471,5.993961427306569
170000.0,160.0,4,Tunis,House,12.04355959836804,5.081404364984463
195000.0,100.0,2,Nabeul,House,12.180759965737863,4.61512051684126
350000.0,250.0,3,Nabeul,House,12.765691290604371,5.5254529391317835
650000.0,498.0,7,Ben Arous,House,13.384729180332174,6.212606095751519
1480000.0,465.0,4,Ariana,House,14.207553321415745,6.144185634125646
200000.0,57.4,1,Sousse,Appart,12.206077645517674,4.067315889834181
290000.0,145.0,3,Sfax,Appart,12.577639650232573,4.983606621708336
400000.0,200.0,7,Ben Arous,House,12.899222326086994,5.303304908059076
750000.0,314.0,3,Sousse,House,13.527829818844937,5.752572638825633
120000.0,90.0,3,Ben Arous,Appart,11.695255355062795,4.51085950651685
750000.0,470.0,6,Tunis,House,13.527829818844937,6.154858094016418
800000.0,500.0,4,Tunis,House,13.592368256649284,6.2166061010848646
255000.0,65.0,1,Tunis,Appart,12.449022745701502,4.189654742026425
240000.0,120.0,2,Nabeul,Appart,12.388398368982115,4.795790545596741
300000.0,111.0,2,Sousse,Appart,12.611541086966115,4.718498871295094
310000.0,140.0,3,Tunis,Appart,12.644330802262578,4.948759890378168
370000.0,170.0,2,Nabeul,House,12.821260987319457,5.14166355650266
820000.0,337.0,4,Nabeul,House,13.617060838751888,5.823045895483019
530000.0,100.0,2,Tunis,Appart,13.180634172318978,4.61512051684126
325000.0,85.0,2,Nabeul,Appart,12.691583538230217,4.454347296253507
210000.0,45.0,1,Nabeul,Appart,12.25486757159303,3.828641396489095
540000.0,184.0,3,Ben Arous,House,13.199326270390594,5.220355825078324
270000.0,90.0,3,Ben Arous,Appart,12.506180941677357,4.51085950651685
155000.0,100.0,4,Ben Arous,Appart,11.951186847493476,4.61512051684126
650000.0,498.0,7,Ben Arous,House,13.384729180332174,6.212606095751519
235000.0,170.0,4,Tunis,Appart,12.367345048436391,5.14166355650266
150000.0,85.0,2,Ben Arous,Appart,11.918397239722838,4.454347296253507
220000.0,274.0,3,Sousse,House,12.301387370778713,5.616771097666572
1300000.0,375.0,10,Nabeul,House,14.077875591662238,5.929589143389895
510000.0,363.0,3,Mahdia,House,13.1421679654829,5.8971538676367405
474999.0,256.0,4,Sousse,House,13.071070083016778,5.54907608489522
376000.0,102.0,2,Ariana,Appart,12.837347081942964,4.634728988229636
650000.0,457.0,4,Nabeul,House,13.384729180332174,6.126869184114185
950000.0,579.0,7,Tunis,House,13.76421831620775,6.363028103540465
225000.0,144.0,3,Ariana,Appart,12.323860125621126,4.976733742420574
133000.0,63.0,1,Monastir,Appart,11.798111925972618,4.1588830833596715
320000.0,180.0,5,Tunis,House,12.676079399771027,5.198497031265826
230000.0,800.0,4,Sfax,House,12.345838935721968,6.68586094706836
330000.0,104.0,3,Nabeul,House,12.706850963741102,4.653960350157523
700000.0,2707.0,5,Mednine,House,13.45883704259595,7.903965634032166
510000.0,395.0,3,Ben Arous,House,13.1421679654829,5.981414211254481
92000.0,77.0,2,Sousse,Appart,11.429554725537322,4.356708826689592
320000.0,110.0,2,Nabeul,Appart,12.676079399771027,4.709530201312334
700000.0,480.0,3,Nabeul,House,13.45883704259595,6.175867270105761
1560000.0,312.0,3,Tunis,House,14.260197020251155,5.746203190540153
175000.0,97.0,2,Monastir,Appart,12.07254696717504,4.584967478670572
260000.0,110.0,2,Mahdia,Appart,12.468440756144114,4.709530201312334
125000.0,80.0,1,Nabeul,Appart,11.736077016252437,4.394449154672439
260000.0,140.0,3,Nabeul,Appart,12.468440756144114,4.948759890378168
170000.0,54.0,1,Ben Arous,Appart,12.04355959836804,4.007333185232471
370000.0,299.0,5,Ben Arous,House,12.821260987319457,5.703782474656201
165000.0,60.0,1,Ariana,Appart,12.013706813470414,4.110873864173311
275000.0,126.0,3,Ariana,Appart,12.524530013005734,4.844187086458591
150000.0,100.0,3,Tunis,Appart,11.918397239722838,4.61512051684126
224900.0,79.0,1,Tunis,Appart,12.323415584358154,4.382026634673881
800000.0,280.0,6,Ariana,House,13.592368256649284,5.638354669333745
260000.0,60.0,1,Tunis,Appart,12.468440756144114,4.110873864173311
1500000.0,1220.0,10,Tunis,House,14.220976332738882,7.107425474110705
210000.0,130.0,3,Ariana,Appart,12.25486757159303,4.875197323201151
280000.0,200.0,3,Monastir,Appart,12.54254845357358,5.303304908059076
275000.0,342.0,2,Monastir,House,12.524530013005734,5.8377304471659395
310000.0,120.0,3,Mahdia,Appart,12.644330802262578,4.795790545596741
550000.0,210.0,3,Tunis,Appart,13.217675375388819,5.351858133476067
560000.0,245.0,4,Ariana,Appart,13.235693848424024,5.5053315359323625
800000.0,300.0,4,Sousse,House,13.592368256649284,5.707110264748875
398000.0,105.0,2,Nabeul,Appart,12.894209796826232,4.663439094112067
899000.0,490.0,4,Nabeul,House,13.70903942580019,6.19644412779452
310000.0,74.0,2,Tunis,Appart,12.644330802262578,4.31748811353631
230000.0,63.0,1,Tunis,Appart,12.345838935721968,4.1588830833596715
150000.0,110.0,5,Tunis,House,11.918397239722838,4.709530201312334
517000.0,517.0,8,Ariana,House,13.155800087724673,6.249975242259483
315000.0,126.0,2,Mahdia,Appart,12.660331092405906,4.844187086458591
253000.0,330.0,6,Monastir,House,12.441148720271016,5.802118375377063
400000.0,202.0,5,Nabeul,House,12.899222326086994,5.313205979041787
1100000.0,2500.0,6,Manouba,House,13.910821646859095,7.824445930877619
616000.0,137.0,2,Mahdia,Appart,13.331003865890963,4.927253685157205
350000.0,122.0,3,Mahdia,Appart,12.765691290604371,4.812184355372417
300000.0,245.0,5,Mahdia,House,12.611541086966115,5.5053315359323625
295000.0,115.0,2,Mahdia,Appart,12.59473402514672,4.7535901911063645
270000.0,75.0,1,Mahdia,Appart,12.506180941677357,4.330733340286331
489998.0,130.0,3,Mahdia,Appart,13.1021586292684,4.875197323201151
620000.0,120.0,2,Tunis,House,13.3374763699232,4.795790545596741
340000.0,55.0,1,Sousse,Appart,12.73670383776449,4.02535169073515
450000.0,200.0,9,Ben Arous,House,13.017005083966255,5.303304908059076
165000.0,90.0,3,Manouba,Appart,12.013706813470414,4.51085950651685
2500000.0,900.0,10,Ariana,House,14.731801689838349,6.803505257608338
270000.0,110.0,2,Ariana,Appart,12.506180941677357,4.709530201312334
150000.0,110.0,4,Tunis,House,11.918397239722838,4.709530201312334
92000.0,75.0,2,Monastir,Appart,11.429554725537322,4.330733340286331
50000.0,100.0,2,Nabeul,House,10.819798284210286,4.61512051684126
250000.0,110.0,2,Sousse,Appart,12.429220196836383,4.709530201312334
155000.0,100.0,3,Tunis,Appart,11.951186847493476,4.61512051684126
105000.0,90.0,3,Monastir,Appart,11.561725152903833,4.51085950651685
180000.0,120.0,2,Monastir,Appart,12.100717685412471,4.795790545596741
115000.0,140.0,3,Mahdia,Appart,11.652696102959753,4.948759890378168
345000.0,100.0,4,Mahdia,House,12.75130259456002,4.61512051684126
220000.0,100.0,3,Tunis,Appart,12.301387370778713,4.61512051684126
110000.0,52.38,1,Nabeul,Appart,11.608244735642321,3.9774361439763783
175000.0,65.0,1,Ariana,Appart,12.07254696717504,4.189654742026425
130000.0,90.0,2,Tunis,Appart,11.775297421715827,4.51085950651685
330000.0,70.0,3,Tunis,House,12.706850963741102,4.2626798770413155
120000.0,74.0,2,Sousse,Appart,11.695255355062795,4.31748811353631
388000.0,155.0,3,Tunis,Appart,12.868763195921677,5.049856007249537
247000.0,65.0,1,Tunis,Appart,12.417147664184915,4.189654742026425
495000.0,200.0,5,Tunis,House,13.112315061750808,5.303304908059076
150000.0,98.0,2,Ben Arous,Appart,11.918397239722838,4.59511985013459
795000.0,400.0,9,Manouba,House,13.586098651497313,5.993961427306569
780000.0,500.0,6,Ariana,House,13.567050480716235,6.2166061010848646
350000.0,125.0,2,Ariana,Appart,12.765691290604371,4.836281906951478
215000.0,56.0,1,Ariana,Appart,12.278397958261774,4.04305126783455
360000.0,100.0,2,Tunis,Appart,12.793862088206213,4.61512051684126
256000.0,51.0,1,Nabeul,Appart,12.45293662970407,3.9512437185814275
850000.0,416.0,6,Ariana,House,13.652992804936396,6.0330862217988015
640000.0,411.0,3,Ariana,House,13.369225017834633,6.021023349349527
209999.0,100.0,1,Tunis,Appart,12.254862809699606,4.61512051684126
280000.0,90.0,3,Tunis,Appart,12.54254845357358,4.51085950651685
540000.0,270.0,4,Nabeul,House,13.199326270390594,5.602118820879701
230000.0,130.0,4,Tunis,Appart,12.345838935721968,4.875197323201151
295000.0,264.0,3,Mednine,House,12.59473402514672,5.579729825986222
450000.0,136.0,3,Nabeul,Appart,13.017005083966255,4.919980925828125
900000.0,300.0,3,Ariana,Appart,13.710151153416941,5.707110264748875
215000.0,72.0,1,Nabeul,Appart,12.278397958261774,4.290459441148391
380000.0,95.0,2,Nabeul,Appart,12.847929163278053,4.564348191467836
1050000.0,400.0,4,Nabeul,House,13.864301674514206,5.993961427306569
1200000.0,400.0,4,Nabeul,House,13.997832948091215,5.993961427306569
1100000.0,1012.0,3,Nabeul,House,13.910821646859095,6.920671504248683
245000.0,76.0,1,Ariana,Appart,12.409017571151187,4.343805421853684
180000.0,100.0,2,Monastir,Appart,12.100717685412471,4.61512051684126
170000.0,75.0,2,Monastir,Appart,12.04355959836804,4.330733340286331
240000.0,150.0,2,Tunis,House,12.388398368982115,5.017279836814924
200000.0,140.0,2,Tunis,House,12.206077645517674,4.948759890378168
350000.0,92.0,2,Mahdia,House,12.765691290604371,4.532599493153256
100000.0,110.0,3,Sousse,Appart,11.51293546492023,4.709530201312334
115000.0,110.0,2,Nabeul,Appart,11.652696102959753,4.709530201312334
220000.0,145.0,3,Nabeul,House,12.301387370778713,4.983606621708336
228000.0,70.0,1,Ariana,Appart,12.337105293891872,4.2626798770413155
435000.0,165.0,4,Ariana,Appart,12.983103608918753,5.111987788356544
1900000.0,598.0,8,Tunis,House,14.45736497045232,6.395261598115449
1300000.0,240.0,3,Tunis,Appart,14.077875591662238,5.484796933490655
470000.0,130.0,2,Nabeul,Appart,13.060490101343552,4.875197323201151
430000.0,220.0,2,Nabeul,House,12.971542813248437,5.3981627015177525
255000.0,110.0,3,Tunis,Appart,12.449022745701502,4.709530201312334
320000.0,180.0,5,Tunis,House,12.676079399771027,5.198497031265826
85000.0,50.0,1,Tunis,Appart,11.350418300109132,3.9318256327243257
830000.0,400.0,4,Nabeul,House,13.629182184591333,5.993961427306569
380000.0,441.0,5,Ariana,House,12.847929163278053,6.091309882077698
1000000.0,672.0,6,Ariana,House,13.815511557963774,6.511745329644728
695000.0,480.0,7,Ariana,House,13.451668563394815,6.175867270105761
1900000.0,502.0,5,Ariana,House,14.45736497045232,6.220590170099739
190000.0,134.0,4,Ariana,Appart,12.154784614286667,4.90527477843843
115000.0,61.0,1,Ariana,Appart,11.652696102959753,4.127134385045092
170000.0,92.0,3,Ariana,Appart,12.04355959836804,4.532599493153256
450000.0,355.0,4,Ariana,House,13.017005083966255,5.87493073085203
105000.0,65.0,1,Tunis,Appart,11.561725152903833,4.189654742026425
140000.0,65.0,2,Tunis,Appart,11.849404844423074,4.189654742026425
165000.0,50.0,1,Ariana,Appart,12.013706813470414,3.9318256327243257
270000.0,130.0,2,Ben Arous,House,12.506180941677357,4.875197323201151
125000.0,85.0,2,Sousse,Appart,11.736077016252437,4.454347296253507
850000.0,450.0,7,Tunis,House,13.652992804936396,6.111467339502679
400000.0,153.0,3,Tunis,Appart,12.899222326086994,5.0369526024136295
178000.0,75.0,2,Monastir,Appart,12.08954444723597,4.330733340286331
780000.0,380.0,5,Ben Arous,House,13.567050480716235,5.942799375126701
350000.0,139.0,2,Tunis,Appart,12.765691290604371,4.941642422609304
320000.0,83.0,1,Nabeul,Appart,12.676079399771027,4.430816798843313
195000.0,100.0,2,Manouba,Appart,12.180759965737863,4.61512051684126
244999.0,145.0,3,Gabes,Appart,12.409013489526863,4.983606621708336
295000.0,200.0,6,Manouba,House,12.59473402514672,5.303304908059076
670000.0,354.0,3,Nabeul,House,13.415034483903348,5.872117789475416
800000.0,413.0,8,Ben Arous,House,13.592368256649284,6.025865973825314
280000.0,120.0,4,Ariana,Appart,12.54254845357358,4.795790545596741
570002.0,554.0,4,Mednine,House,13.253396902954778,6.318968113746434
200000.0,120.0,2,Mahdia,Appart,12.206077645517674,4.795790545596741
240000.0,82.0,2,Mahdia,Appart,12.388398368982115,4.418840607796598
280000.0,92.0,1,Tunis,Appart,12.54254845357358,4.532599493153256
180000.0,54.0,1,Tunis,Appart,12.100717685412471,4.007333185232471
115000.0,50.0,1,Ariana,Appart,11.652696102959753,3.9318256327243257
506000.0,156.0,3,Tunis,Appart,13.134293924552235,5.056245805348308
650000.0,156.0,3,Ariana,Appart,13.384729180332174,5.056245805348308
569000.0,125.0,2,Ariana,Appart,13.251637470576167,4.836281906951478
560000.0,472.0,4,Tunis,Appart,13.235693848424024,6.159095388491933
960000.0,180.0,3,Ariana,House,13.774689605110144,5.198497031265826
297000.0,119.0,2,Tunis,Appart,12.601490784782536,4.787491742782046
350000.0,143.0,3,Sousse,Appart,12.765691290604371,4.969813299576001
1600000.0,491.0,8,Tunis,House,14.285514812209815,6.198478716492308
294998.0,97.0,2,Sousse,Appart,12.594727245485704,4.584967478670572
320000.0,100.0,3,Monastir,Appart,12.676079399771027,4.61512051684126
190000.0,120.0,2,Ariana,House,12.154784614286667,4.795790545596741
220000.0,104.0,2,Tunis,Appart,12.301387370778713,4.653960350157523
600000.0,465.0,3,Tunis,House,13.304686600863562,6.144185634125646
495000.0,350.0,5,Nabeul,House,13.112315061750808,5.860786223465865
280000.0,69.0,1,Nabeul,Appart,12.54254845357358,4.248495242049359
199997.0,117.0,2,Nabeul,House,12.206062645480174,4.770684624465665
350000.0,200.0,4,Nabeul,House,12.765691290604371,5.303304908059076
440000.0,388.0,4,Ariana,House,12.994532278619134,5.963579343618446
170000.0,100.0,1,Tunis,House,12.04355959836804,4.61512051684126
693494.0,162.0,3,Ariana,Appart,13.449499308905697,5.093750200806762
686000.0,130.0,3,Ariana,Appart,13.438634364432907,4.875197323201151
315000.0,41.0,1,Tunis,Appart,12.660331092405906,3.7376696182833684
210000.0,160.0,2,Nabeul,House,12.25486757159303,5.081404364984463
270000.0,135.0,3,Tunis,Appart,12.506180941677357,4.912654885736052
170000.0,100.0,3,Manouba,Appart,12.04355959836804,4.61512051684126
490000.0,440.0,3,Nabeul,House,13.102162710901053,6.089044875446846
160000.0,107.0,3,Ben Arous,Appart,11.982935344196433,4.68213122712422
690000.0,243.0,5,Nabeul,Appart,13.444448325847754,5.497168225293202
360000.0,150.0,3,Ariana,House,12.793862088206213,5.017279836814924
580000.0,486.0,5,Ariana,House,13.270785106659046,6.18826412308259
700000.0,170.0,3,Ariana,Appart,13.45883704259595,5.14166355650266
450000.0,149.0,4,Ariana,House,13.017005083966255,5.0106352940962555
400000.0,220.0,2,Ariana,House,12.899222326086994,5.3981627015177525
280000.0,144.0,3,Tunis,Appart,12.54254845357358,4.976733742420574
150000.0,60.0,2,Tunis,Appart,11.918397239722838,4.110873864173311
150000.0,150.0,2,Sfax,House,11.918397239722838,5.017279836814924
560000.0,153.0,3,Tunis,Appart,13.235693848424024,5.0369526024136295
250000.0,110.0,3,Tunis,Appart,12.429220196836383,4.709530201312334
170000.0,68.0,1,Nabeul,Appart,12.04355959836804,4.23410650459726
890000.0,500.0,4,Nabeul,House,13.698977865303197,6.2166061010848646
250000.0,115.0,3,Ariana,Appart,12.429220196836383,4.7535901911063645
279000.0,110.0,2,Ariana,Appart,12.53897064502647,4.709530201312334
140000.0,110.0,2,Sousse,Appart,11.849404844423074,4.709530201312334
98000.0,115.0,3,Sousse,Appart,11.49273296168228,4.7535901911063645
1800000.0,670.0,6,Ariana,House,14.403297778421795,6.508769136971682
1850000.0,616.0,6,Ariana,House,14.430696737594902,6.424869023905388
70000.0,75.0,2,Sousse,Appart,11.156264806643742,4.330733340286331
320000.0,96.0,2,Tunis,Appart,12.676079399771027,4.574710978503383
480000.0,200.0,4,Nabeul,House,13.081543466215237,5.303304908059076
86000.0,107.0,3,Sousse,Appart,11.362114203075018,4.68213122712422
280000.0,66.0,2,Nabeul,Appart,12.54254845357358,4.204692619390966
220000.0,112.0,3,Manouba,Appart,12.301387370778713,4.727387818712341
360000.0,130.0,3,Tunis,Appart,12.793862088206213,4.875197323201151
65000.0,70.0,2,Sfax,Appart,11.082157933374816,4.2626798770413155
850000.0,204.0,3,Sousse,Appart,13.652992804936396,5.3230099791384085
750000.0,400.0,4,Nabeul,House,13.527829818844937,5.993961427306569
1650000.0,476.0,2,Tunis,House,14.316286451937186,6.1675164908883415
130000.0,85.0,3,Ben Arous,Appart,11.775297421715827,4.454347296253507
145000.0,145.0,3,Nabeul,House,11.884495917930655,4.983606621708336
322000.0,118.0,2,Tunis,Appart,12.682309930111785,4.77912349311153
740000.0,178.0,3,Ariana,Appart,13.51440681653079,5.187385805840755
426000.0,107.0,2,Ariana,Appart,12.962196972666593,4.68213122712422
1250000.0,356.0,4,Tunis,House,14.038654909278163,5.877735781779639
870000.0,170.0,5,Tunis,House,13.676249640055394,5.14166355650266
150000.0,150.0,7,Tunis,House,11.918397239722838,5.017279836814924
845000.0,290.0,4,Ariana,House,13.647093089770562,5.673323267171493
1380000.0,300.0,4,Ariana,House,14.137594781770806,5.707110264748875
620000.0,140.0,3,Tunis,Appart,13.3374763699232,4.948759890378168
3000000.0,564.0,5,Ariana,House,14.914123179965662,6.336825731146441
650000.0,150.0,1,Nabeul,Appart,13.384729180332174,5.017279836814924
170000.0,116.0,2,Tunis,Appart,12.04355959836804,4.762173934797756
249997.0,110.0,3,Nabeul,Appart,12.429208196812384,4.709530201312334
380000.0,105.0,2,Tunis,Appart,12.847929163278053,4.663439094112067
220000.0,118.0,2,Tunis,Appart,12.301387370778713,4.77912349311153
190000.0,55.6,1,Tunis,Appart,12.154784614286667,4.036008985209137
450000.0,150.0,3,Ariana,Appart,13.017005083966255,5.017279836814924
140000.0,180.0,1,Nabeul,House,11.849404844423074,5.198497031265826
100000.0,235.0,2,Nabeul,House,11.51293546492023,5.4638318050256105
420000.0,135.0,4,Tunis,Appart,12.948012371209098,4.912654885736052
1234567.0,147.0,3,Nabeul,House,14.026231669279923,4.997212273764115
265000.0,589.0,6,Sfax,House,12.487488878546145,6.380122536899765
123456.0,360.0,6,Gabes,House,11.723648196284437,5.8888779583328805
570000.0,138.0,4,Tunis,House,13.25339339419516,4.9344739331306915
1800000.0,400.0,6,Tunis,House,14.403297778421795,5.993961427306569
607000.0,113.0,3,Ariana,Appart,13.316285717486736,4.736198448394496
217000.0,98.0,2,Monastir,Appart,12.28765724080691,4.59511985013459
2700000.0,640.0,9,Nabeul,House,14.80876270134486,6.46302945692067
355000.0,100.0,3,Ariana,Appart,12.779875885354993,4.61512051684126
1111111.0,200.0,3,Tunis,House,13.920871873621781,5.303304908059076
178000.0,85.0,2,Nabeul,Appart,12.08954444723597,4.454347296253507
1000000.0,350.0,9,Ben Arous,House,13.815511557963774,5.860786223465865
256000.0,64.0,1,Ariana,Appart,12.45293662970407,4.174387269895637
160000.0,65.0,1,Ben Arous,Appart,11.982935344196433,4.189654742026425
900000.0,530.0,4,Nabeul,House,13.710151153416941,6.274762021241939
125000.0,60.0,1,Nabeul,House,11.736077016252437,4.110873864173311
185000.0,100.0,6,Tunis,House,12.128116509451258,4.61512051684126
239999.0,104.0,2,Nabeul,Appart,12.388394202324129,4.653960350157523
155000.0,150.0,2,Tunis,House,11.951186847493476,5.017279836814924
2400000.0,450.0,7,Ariana,House,14.690979711984754,6.111467339502679
240000.0,100.0,2,Nabeul,Appart,12.388398368982115,4.61512051684126
530000.0,105.0,2,Ariana,Appart,13.180634172318978,4.663439094112067
400000.0,460.0,8,Sousse,Appart,12.899222326086994,6.133398042996649
170000.0,100.0,4,Ariana,Appart,12.04355959836804,4.61512051684126
369999.0,160.0,5,Tunis,Appart,12.821258284620408,5.081404364984463
985000.0,490.0,4,Ariana,House,13.800397935382136,6.19644412779452
135000.0,120.0,2,Nabeul,House,11.813037464800539,4.795790545596741
370000.0,124.0,2,Tunis,Appart,12.821260987319457,4.8283137373023015
190000.0,56.0,1,Mahdia,Appart,12.154784614286667,4.04305126783455
690000.0,300.0,6,Nabeul,House,13.444448325847754,5.707110264748875
235000.0,107.0,2,Tunis,Appart,12.367345048436391,4.68213122712422
350000.0,74.0,1,Sousse,Appart,12.765691290604371,4.31748811353631
350000.0,80.0,1,Sousse,Appart,12.765691290604371,4.394449154672439
770000.0,151.0,3,Sousse,House,13.554147092530322,5.0238805208462765
240000.0,68.0,1,Nabeul,Appart,12.388398368982115,4.23410650459726
760000.0,185.0,3,Nabeul,House,13.541075028051122,5.225746673713202
2100000.0,700.0,6,Nabeul,House,14.557448378884015,6.55250788703459
400000.0,74.0,1,Tunis,Appart,12.899222326086994,4.31748811353631
425000.0,127.0,2,Tunis,Appart,12.959846800844963,4.852030263919617
620000.0,165.0,3,Tunis,Appart,13.3374763699232,5.111987788356544
1480000.0,650.0,4,Sousse,House,14.207553321415745,6.478509642208569
730000.0,314.0,3,Sousse,House,13.500801182986649,5.752572638825633
190000.0,56.0,1,Ariana,Appart,12.154784614286667,4.04305126783455
390000.0,140.0,4,Tunis,House,12.873904582205107,4.948759890378168
120000.0,100.0,4,Manouba,House,11.695255355062795,4.61512051684126
680000.0,197.0,3,Ben Arous,House,13.429849547739444,5.288267030694535
270000.0,150.0,2,Ben Arous,House,12.506180941677357,5.017279836814924
220000.0,61.0,3,Ariana,Appart,12.301387370778713,4.127134385045092
529999.0,300.0,4,Tunis,House,13.180632285528304,5.707110264748875
543000.0,140.0,3,Ariana,Appart,13.204866440535003,4.948759890378168
650000.0,230.0,4,Nabeul,House,13.384729180332174,5.442417710521793
890000.0,340.0,4,Nabeul,House,13.698977865303197,5.831882477283517
950000.0,400.0,4,Nabeul,House,13.76421831620775,5.993961427306569
594000.0,424.0,3,Monastir,House,13.29463628184505,6.052089168924417
145000.0,95.0,2,Ariana,Appart,11.884495917930655,4.564348191467836
295000.0,129.0,4,Ariana,House,12.59473402514672,4.867534450455582
240000.0,95.0,2,Nabeul,Appart,12.388398368982115,4.564348191467836
180000.0,1300.0,3,Sfax,House,12.100717685412471,7.170888478512505
470000.0,292.0,6,Nabeul,House,13.060490101343552,5.680172609017068
190000.0,56.0,1,Ariana,Appart,12.154784614286667,4.04305126783455
295000.0,84.0,1,Tunis,Appart,12.59473402514672,4.442651256490317
310000.0,130.0,3,Nabeul,Appart,12.644330802262578,4.875197323201151
680000.0,124.0,2,Mahdia,Appart,13.429849547739444,4.8283137373023015
342500.0,122.0,2,Sousse,Appart,12.744029856388185,4.812184355372417
260000.0,58.0,1,Tunis,Appart,12.468440756144114,4.07753744390572
240000.0,105.0,2,Mahdia,Appart,12.388398368982115,4.663439094112067
190000.0,58.0,1,Mahdia,Appart,12.154784614286667,4.07753744390572
338000.0,129.0,2,Mahdia,Appart,12.73080413304066,4.867534450455582
460000.0,120.9,2,Mahdia,Appart,13.038983942375959,4.803201036487226
680000.0,300.0,4,Tunis,House,13.429849547739444,5.707110264748875
139000.0,124.0,2,Sfax,Appart,11.842236406331555,4.8283137373023015
980000.0,635.0,4,Nabeul,House,13.795308871054397,6.455198563340122
500000.0,830.0,5,Sfax,House,13.122365377402328,6.7226297948554485
120000.0,100.0,2,Nabeul,Appart,11.695255355062795,4.61512051684126
259000.0,120.0,2,Sousse,Appart,12.464587201678082,4.795790545596741
900000.0,802.0,5,Sfax,House,13.710151153416941,6.688354713946762
195000.0,45.0,1,Sousse,Appart,12.180759965737863,3.828641396489095
270000.0,70.0,1,Tunis,Appart,12.506180941677357,4.2626798770413155
250000.0,100.0,2,Sousse,Appart,12.429220196836383,4.61512051684126
110000.0,50.0,1,Nabeul,House,11.608244735642321,3.9318256327243257
190000.0,107.0,3,Ariana,Appart,12.154784614286667,4.68213122712422
150000.0,60.0,1,Nabeul,Appart,11.918397239722838,4.110873864173311
315000.0,143.0,3,Ben Arous,Appart,12.660331092405906,4.969813299576001
120000.0,32.0,1,Tunis,Appart,11.695255355062795,3.4965075614664802
340000.0,110.0,2,Ariana,Appart,12.73670383776449,4.709530201312334
400000.0,110.0,3,Nabeul,Appart,12.899222326086994,4.709530201312334
250000.0,170.0,6,Nabeul,House,12.429220196836383,5.14166355650266
150000.0,78.0,2,Tunis,Appart,11.918397239722838,4.3694478524670215
420000.0,170.0,3,Ariana,House,12.948012371209098,5.14166355650266
210000.0,54.0,1,Tunis,Appart,12.25486757159303,4.007333185232471
260000.0,400.0,3,Ariana,House,12.468440756144114,5.993961427306569
110000.0,75.0,2,Ben Arous,Appart,11.608244735642321,4.330733340286331
250000.0,108.0,3,Ben Arous,Appart,12.429220196836383,4.6913478822291435
630000.0,220.0,3,Ben Arous,House,13.353476685668044,5.3981627015177525
530000.0,424.0,3,Ben Arous,House,13.180634172318978,6.052089168924417
1300000.0,1053.0,5,Ben Arous,House,14.077875591662238,6.960347729101308
1300000.0,580.0,7,Ben Arous,House,14.077875591662238,6.364750756851911
890000.0,485.0,4,Nabeul,House,13.698977865303197,6.186208623900494
335000.0,110.0,3,Tunis,Appart,12.721888795877375,4.709530201312334
270000.0,170.0,3,Tunis,Appart,12.506180941677357,5.14166355650266
699998.0,300.0,4,Tunis,House,13.458834185453092,5.707110264748875
1440000.0,1215.0,6,Sfax,House,14.180154365996387,7.103322062526113
425000.0,120.0,3,Tunis,Appart,12.959846800844963,4.795790545596741
259000.0,114.0,3,Monastir,Appart,12.464587201678082,4.74493212836325
1120000.0,1000.0,4,Tunis,House,13.928840136128022,6.90875477931522
380000.0,110.0,2,Nabeul,Appart,12.847929163278053,4.709530201312334
297000.0,120.0,3,Tunis,Appart,12.601490784782536,4.795790545596741
200000.0,100.0,2,Ben Arous,Appart,12.206077645517674,4.61512051684126
690000.0,130.0,1,Tunis,Appart,13.444448325847754,4.875197323201151
800000.0,413.0,8,Ben Arous,House,13.592368256649284,6.025865973825314
350000.0,151.0,3,Nabeul,Appart,12.765691290604371,5.0238805208462765
110000.0,52.38,1,Nabeul,Appart,11.608244735642321,3.9774361439763783
6300000.0,1080.0,3,Tunis,House,15.656060350091908,6.985641817639208
525000.0,131.0,2,Tunis,Appart,13.171155446333852,4.882801922586371
290000.0,100.0,2,Nabeul,Appart,12.577639650232573,4.61512051684126
247000.0,61.0,2,Tunis,Appart,12.417147664184915,4.127134385045092
450000.0,300.0,4,Ariana,House,13.017005083966255,5.707110264748875
255000.0,89.0,2,Tunis,Appart,12.449022745701502,4.499809670330265
850000.0,562.0,5,Ben Arous,House,13.652992804936396,6.333279628139691
220000.0,65.0,1,Tunis,Appart,12.301387370778713,4.189654742026425
330000.0,535.0,2,Nabeul,House,12.706850963741102,6.284134161070802
154999.0,130.0,6,Ariana,House,11.951180395901384,4.875197323201151
190000.0,72.0,2,Manouba,Appart,12.154784614286667,4.290459441148391
230000.0,97.0,3,Monastir,Appart,12.345838935721968,4.584967478670572
740000.0,203.0,3,Ariana,Appart,13.51440681653079,5.318119993844216
260000.0,160.0,4,Sfax,Appart,12.468440756144114,5.081404364984463
165000.0,105.0,3,Ariana,Appart,12.013706813470414,4.663439094112067
550000.0,175.0,3,Sousse,Appart,13.217675375388819,5.170483995038151
290000.0,97.0,2,Mahdia,Appart,12.577639650232573,4.584967478670572
265000.0,76.0,2,Ariana,Appart,12.487488878546145,4.343805421853684
845000.0,420.0,4,Tunis,House,13.647093089770562,6.042632833682381
160000.0,90.0,2,Monastir,Appart,11.982935344196433,4.51085950651685
280000.0,331.0,3,Sfax,House,12.54254845357358,5.805134968916488
650000.0,1250.0,3,Sfax,House,13.384729180332174,7.1316985104669115
400000.0,742.0,2,Sfax,Appart,12.899222326086994,6.610696044717759
180000.0,200.0,1,Ariana,House,12.100717685412471,5.303304908059076
390000.0,467.0,3,Mahdia,House,12.873904582205107,6.148468295917647
270000.0,72.0,2,Tunis,Appart,12.506180941677357,4.290459441148391
290000.0,136.0,2,Ariana,Appart,12.577639650232573,4.919980925828125
171000.0,68.0,1,Ariana,Appart,12.049424683420915,4.23410650459726
171000.0,68.0,1,Tunis,Appart,12.049424683420915,4.23410650459726
850000.0,500.0,4,Nabeul,House,13.652992804936396,6.2166061010848646
220000.0,110.0,2,Nabeul,House,12.301387370778713,4.709530201312334
240000.0,100.0,2,Nabeul,Appart,12.388398368982115,4.61512051684126
220000.0,88.0,4,Ben Arous,Appart,12.301387370778713,4.48863636973214
590000.0,530.0,3,Sousse,House,13.28787951079572,6.274762021241939
450000.0,270.0,4,Mahdia,Appart,13.017005083966255,5.602118820879701
140000.0,95.0,1,Nabeul,Appart,11.849404844423074,4.564348191467836
125000.0,200.0,2,Nabeul,House,11.736077016252437,5.303304908059076
226000.0,73.0,1,Tunis,Appart,12.328294703023394,4.30406509320417
190000.0,56.0,1,Monastir,Appart,12.154784614286667,4.04305126783455
380000.0,120.0,3,Monastir,Appart,12.847929163278053,4.795790545596741
120000.0,65.0,2,Tunis,Appart,11.695255355062795,4.189654742026425
550000.0,115.0,3,Sousse,Appart,13.217675375388819,4.7535901911063645
244000.0,46.0,1,Ariana,Appart,12.404927602627597,3.8501476017100584
280000.0,118.0,2,Tunis,Appart,12.54254845357358,4.77912349311153
480000.0,105.0,2,Tunis,Appart,13.081543466215237,4.663439094112067
860000.0,160.0,3,Ariana,Appart,13.664688831019712,5.081404364984463
250000.0,109.0,2,Tunis,Appart,12.429220196836383,4.700480365792417
5400000.0,795.0,5,Tunis,House,15.501909696719672,6.679599185844383
600000.0,270.0,3,Ariana,House,13.304686600863562,5.602118820879701
570000.0,499.0,4,Ariana,House,13.25339339419516,6.214608098422191
370000.0,220.0,7,Tunis,House,12.821260987319457,5.3981627015177525
425000.0,120.0,2,Tunis,Appart,12.959846800844963,4.795790545596741
40000.0,108.0,2,Tunis,House,10.596659732783579,4.6913478822291435
330000.0,90.0,2,Ariana,Appart,12.706850963741102,4.51085950651685
285000.0,150.0,2,Nabeul,House,12.560247968016562,5.017279836814924
1350000.0,580.0,4,Nabeul,House,14.115615891155079,6.364750756851911
1150000.0,650.0,4,Nabeul,House,13.955273369904273,6.478509642208569
680000.0,620.0,4,Nabeul,House,13.429849547739444,6.431331081933479
95000.0,50.0,1,Tunis,House,11.461642696843066,3.9318256327243257
120000.0,75.0,2,Ben Arous,Appart,11.695255355062795,4.330733340286331
350000.0,175.0,8,Tunis,House,12.765691290604371,5.170483995038151
130000.0,36.0,1,Tunis,Appart,11.775297421715827,3.6109179126442243
180000.0,54.0,1,Tunis,Appart,12.100717685412471,4.007333185232471
230000.0,115.0,2,Monastir,Appart,12.345838935721968,4.7535901911063645
215000.0,106.0,1,Ariana,Appart,12.278397958261774,4.672828834461906
120000.0,70.0,1,Ben Arous,Appart,11.695255355062795,4.2626798770413155
155000.0,35.0,2,Tunis,Appart,11.951186847493476,3.58351893845611
190000.0,101.0,4,Tunis,Appart,12.154784614286667,4.624972813284271
140000.0,68.0,2,Sousse,Appart,11.849404844423074,4.23410650459726
180000.0,54.0,1,Tunis,Appart,12.100717685412471,4.007333185232471
165000.0,116.0,3,Tunis,Appart,12.013706813470414,4.762173934797756
450000.0,341.0,5,Ben Arous,House,13.017005083966255,5.834810737062605
375000.0,188.0,3,Tunis,House,12.834683971615659,5.241747015059643
255000.0,104.0,2,Ben Arous,Appart,12.449022745701502,4.653960350157523
260000.0,89.0,2,Ben Arous,Appart,12.468440756144114,4.499809670330265
228000.0,114.141,2,Ben Arous,Appart,12.337105293891872,4.7461574642889826
165000.0,95.0,2,Tunis,Appart,12.013706813470414,4.564348191467836
135000.0,90.0,2,Ben Arous,Appart,11.813037464800539,4.51085950651685
130000.0,74.0,2,Ben Arous,Appart,11.775297421715827,4.31748811353631
350000.0,180.0,3,Tunis,Appart,12.765691290604371,5.198497031265826
480000.0,85.0,1,Ariana,House,13.081543466215237,4.454347296253507
1350000.0,434.0,5,Sousse,House,14.115615891155079,6.075346031088684
185000.0,105.0,2,Ariana,Appart,12.128116509451258,4.663439094112067
190000.0,115.0,3,Ariana,Appart,12.154784614286667,4.7535901911063645
900000.0,526.0,3,Ben Arous,House,13.710151153416941,6.267200548541362
530000.0,100.0,2,Ariana,Appart,13.180634172318978,4.61512051684126
147000.0,45.0,2,Tunis,Appart,11.898194668458823,3.828641396489095
155000.0,48.0,2,Tunis,Appart,11.951186847493476,3.8918202981106265
198000.0,100.0,3,Tunis,Appart,12.19602736016897,4.61512051684126
580000.0,280.0,4,Nabeul,House,13.270785106659046,5.638354669333745
950000.0,380.0,5,Tunis,House,13.76421831620775,5.942799375126701
255000.0,55.0,1,Tunis,Appart,12.449022745701502,4.02535169073515
285000.0,100.0,2,Tunis,Appart,12.560247968016562,4.61512051684126
155000.0,100.0,3,Tunis,Appart,11.951186847493476,4.61512051684126
540000.0,147.0,2,Nabeul,Appart,13.199326270390594,4.997212273764115
130000.0,144.0,3,Ariana,House,11.775297421715827,4.976733742420574
1300000.0,422.0,10,Tunis,House,14.077875591662238,6.0473721790462776
290000.0,120.0,3,Monastir,Appart,12.577639650232573,4.795790545596741
280000.0,118.0,4,Tunis,Appart,12.54254845357358,4.77912349311153
225000.0,120.0,3,Ariana,Appart,12.323860125621126,4.795790545596741
1200000.0,547.0,5,Tunis,House,13.997832948091215,6.306275286948016
460000.0,150.0,3,Ariana,Appart,13.038983942375959,5.017279836814924
600000.0,200.0,3,Ariana,Appart,13.304686600863562,5.303304908059076
430000.0,150.0,3,Ariana,Appart,12.971542813248437,5.017279836814924
365000.0,155.0,3,Ariana,Appart,12.807655372286902,5.049856007249537
320000.0,150.0,3,Ariana,Appart,12.676079399771027,5.017279836814924
168000.0,80.0,3,Sousse,Appart,12.031725210748633,4.394449154672439
275000.0,100.0,3,Tunis,Appart,12.524530013005734,4.61512051684126
850000.0,473.0,6,Tunis,House,13.652992804936396,6.161207321695077
185000.0,80.0,3,Tunis,Appart,12.128116509451258,4.394449154672439
630000.0,522.0,9,Ben Arous,House,13.353476685668044,6.259581464064923
500000.0,150.0,2,Nabeul,House,13.122365377402328,5.017279836814924
176003.0,80.0,2,Tunis,Appart,12.078262001034755,4.394449154672439
350000.0,120.0,6,Nabeul,House,12.765691290604371,4.795790545596741
550000.0,290.0,2,Nabeul,House,13.217675375388819,5.673323267171493
900000.0,313.0,6,Nabeul,House,13.710151153416941,5.749392985908253
490000.0,192.0,2,Nabeul,Appart,13.102162710901053,5.262690188904886
285000.0,60.0,2,Ariana,Appart,12.560247968016562,4.110873864173311
270000.0,156.0,2,Sousse,House,12.506180941677357,5.056245805348308
750000.0,230.0,3,Tunis,House,13.527829818844937,5.442417710521793
330000.0,118.0,2,Sousse,Appart,12.706850963741102,4.77912349311153
148000.0,90.0,2,Sousse,Appart,11.904974309480183,4.51085950651685
380000.0,90.0,2,Sfax,Appart,12.847929163278053,4.51085950651685
950000.0,582.0,6,Ben Arous,House,13.76421831620775,6.368187186350492
590000.0,270.0,4,Sfax,Appart,13.28787951079572,5.602118820879701
197000.0,110.0,2,Manouba,House,12.190964083849375,4.709530201312334
95000.0,150.0,2,Nabeul,House,11.461642696843066,5.017279836814924
220000.0,140.0,3,Tunis,House,12.301387370778713,4.948759890378168
315000.0,104.0,2,Ariana,Appart,12.660331092405906,4.653960350157523
310000.0,260.0,5,Tunis,House,12.644330802262578,5.564520407322694
170000.0,90.0,2,Tunis,Appart,12.04355959836804,4.51085950651685
170000.0,85.0,2,Nabeul,Appart,12.04355959836804,4.454347296253507
230000.0,90.0,2,Tunis,Appart,12.345838935721968,4.51085950651685
297000.0,93.6,2,Tunis,Appart,12.601490784782536,4.549657476057832
950000.0,450.0,5,Sousse,House,13.76421831620775,6.111467339502679
425000.0,153.0,2,Ariana,Appart,12.959846800844963,5.0369526024136295
335000.0,156.0,3,Tunis,Appart,12.721888795877375,5.056245805348308
325000.0,100.0,2,Ariana,Appart,12.691583538230217,4.61512051684126
835000.0,286.0,3,Ariana,House,13.635188201437066,5.659482215759621
265000.0,72.0,1,Ariana,Appart,12.487488878546145,4.290459441148391
376000.0,101.5,2,Ariana,Appart,12.837347081942964,4.629862798578463
260000.0,115.0,3,Tunis,Appart,12.468440756144114,4.7535901911063645
259000.0,230.0,4,Sousse,House,12.464587201678082,5.442417710521793
430000.0,140.0,3,Ariana,Appart,12.971542813248437,4.948759890378168
430000.0,140.0,3,Tunis,Appart,12.971542813248437,4.948759890378168
209000.0,83.0,1,Tunis,Appart,12.250094315624496,4.430816798843313
178000.0,85.0,2,Nabeul,Appart,12.08954444723597,4.454347296253507
950000.0,597.0,3,Ben Arous,House,13.76421831620775,6.393590753950631
90000.0,85.0,2,Manouba,Appart,11.407576060361786,4.454347296253507
455000.0,170.0,3,Tunis,Appart,13.02805489573287,5.14166355650266
600000.0,194.0,4,Ariana,House,13.304686600863562,5.272999558563747
1280000.0,400.0,5,Ariana,House,14.062371417145494,5.993961427306569
650000.0,495.0,4,Ariana,Appart,13.384729180332174,6.206575926724928
400000.0,140.0,3,Ariana,Appart,12.899222326086994,4.948759890378168
440000.0,168.0,3,Ariana,Appart,12.994532278619134,5.1298987149230735
950000.0,1600.0,3,Ariana,House,13.76421831620775,7.3783837129967145
580000.0,230.0,4,Ariana,Appart,13.270785106659046,5.442417710521793
120000.0,120.0,5,Tunis,House,11.695255355062795,4.795790545596741
370000.0,112.0,2,Ariana,Appart,12.821260987319457,4.727387818712341
750000.0,865.0,2,Ariana,House,13.527829818844937,6.763884908562435
265000.0,30.0,1,Ariana,Appart,12.487488878546145,3.4339872044851463
435000.0,210.0,4,Ben Arous,House,12.983103608918753,5.351858133476067
750000.0,597.0,3,Ben Arous,House,13.527829818844937,6.393590753950631
790000.0,418.0,7,Ben Arous,House,13.579789490265188,6.037870919922137
850000.0,733.0,4,Ariana,House,13.652992804936396,6.598509028614515
460000.0,141.0,2,Tunis,Appart,13.038983942375959,4.955827057601261
150000.0,70.0,1,Sousse,Appart,11.918397239722838,4.2626798770413155
168000.0,80.0,3,Sousse,Appart,12.031725210748633,4.394449154672439
257000.0,97.0,2,Sousse,House,12.456835254920371,4.584967478670572
1150000.0,500.0,7,Tunis,House,13.955273369904273,6.2166061010848646
900000.0,300.0,4,Nabeul,House,13.710151153416941,5.707110264748875
850000.0,400.0,4,Nabeul,House,13.652992804936396,5.993961427306569
115000.0,100.0,2,Ben Arous,Appart,11.652696102959753,4.61512051684126
409998.0,109.0,2,Nabeul,Appart,12.923909999653127,4.700480365792417
265000.0,112.0,3,Ariana,Appart,12.487488878546145,4.727387818712341
185000.0,65.0,1,Tunis,Appart,12.128116509451258,4.189654742026425
480000.0,294.0,4,Tunis,House,13.081543466215237,5.68697535633982
350000.0,162.0,3,Sousse,Appart,12.765691290604371,5.093750200806762
295000.0,160.0,3,Sousse,Appart,12.59473402514672,5.081404364984463
194000.0,100.0,2,Sousse,Appart,12.175618592671356,4.61512051684126
558000.0,137.0,3,Sousse,Appart,13.232116033476537,4.927253685157205
561000.0,175.0,3,Sousse,Appart,13.237477967034438,5.170483995038151
420000.0,120.0,3,Sousse,Appart,12.948012371209098,4.795790545596741
120000.0,75.0,2,Ben Arous,Appart,11.695255355062795,4.330733340286331
320000.0,135.0,3,Tunis,Appart,12.676079399771027,4.912654885736052
210000.0,300.0,3,Nabeul,House,12.25486757159303,5.707110264748875
250000.0,80.0,2,Monastir,Appart,12.429220196836383,4.394449154672439
325000.0,89.0,2,Tunis,Appart,12.691583538230217,4.499809670330265
275000.0,81.0,1,Tunis,Appart,12.524530013005734,4.406719247264253
495000.0,129.0,3,Ariana,Appart,13.112315061750808,4.867534450455582
125000.0,200.0,2,Nabeul,House,11.736077016252437,5.303304908059076
240000.0,117.0,2,Ben Arous,Appart,12.388398368982115,4.770684624465665
297000.0,93.0,2,Ariana,Appart,12.601490784782536,4.543294782270004
260000.0,120.0,2,Tunis,Appart,12.468440756144114,4.795790545596741
178000.0,150.0,3,Nabeul,Appart,12.08954444723597,5.017279836814924
140000.0,85.0,2,Tunis,Appart,11.849404844423074,4.454347296253507
390000.0,246.0,3,Tunis,House,12.873904582205107,5.5093883366279774
550000.0,186.0,3,Mahdia,Appart,13.217675375388819,5.231108616854587
245000.0,450.0,3,Mahdia,House,12.409017571151187,6.111467339502679
1800000.0,200.0,5,Mahdia,House,14.403297778421795,5.303304908059076
290000.0,100.0,2,Nabeul,Appart,12.577639650232573,4.61512051684126
280000.0,116.0,2,Tunis,Appart,12.54254845357358,4.762173934797756
210000.0,182.0,3,Nabeul,House,12.25486757159303,5.209486152841421
590000.0,155.0,3,Ariana,Appart,13.28787951079572,5.049856007249537
450000.0,124.0,4,Ariana,Appart,13.017005083966255,4.8283137373023015
235000.0,94.0,2,Sousse,Appart,12.367345048436391,4.553876891600541
950000.0,775.0,8,Ariana,House,13.76421831620775,6.654152520183219
270000.0,94.0,2,Tunis,Appart,12.506180941677357,4.553876891600541
890000.0,413.0,3,Sousse,House,13.698977865303197,6.025865973825314
490000.0,1490.0,5,Sfax,House,13.102162710901053,7.307202314764738
390000.0,300.0,4,Ben Arous,House,12.873904582205107,5.707110264748875
156000.0,60.0,2,Nabeul,Appart,11.957617696467539,4.110873864173311
280000.0,105.0,2,Sousse,Appart,12.54254845357358,4.663439094112067
169000.0,175.0,2,Sousse,Appart,12.037659911047468,5.170483995038151
160000.0,51.0,1,Sousse,Appart,11.982935344196433,3.9512437185814275
380000.0,210.0,3,Ariana,House,12.847929163278053,5.351858133476067
350000.0,99.0,2,Monastir,Appart,12.765691290604371,4.605170185988092
650000.0,1085.0,3,Nabeul,House,13.384729180332174,6.990256500493881
230000.0,100.0,2,Tunis,Appart,12.345838935721968,4.61512051684126
290000.0,100.0,2,Nabeul,Appart,12.577639650232573,4.61512051684126
2700000.0,812.0,6,Ariana,House,14.80876270134486,6.70073110954781
595000.0,148.0,3,Tunis,Appart,13.296318365198623,5.003946305945459
140000.0,73.0,2,Ben Arous,Appart,11.849404844423074,4.30406509320417
140000.0,73.0,2,Ben Arous,Appart,11.849404844423074,4.30406509320417
410000.0,158.0,4,Ariana,Appart,12.923914877701906,5.0689042022202315
1920000.0,550.0,5,Tunis,House,14.467836264837162,6.311734809152915
243000.0,73.0,2,Ariana,Appart,12.400820837540556,4.30406509320417
220000.0,86.0,3,Tunis,Appart,12.301387370778713,4.465908118654584
170000.0,75.0,2,Ariana,Appart,12.04355959836804,4.330733340286331
280000.0,125.0,4,Ariana,Appart,12.54254845357358,4.836281906951478
150000.0,50.0,2,Ariana,Appart,11.918397239722838,3.9318256327243257
950000.0,238.0,5,Tunis,Appart,13.76421831620775,5.476463551931511
380000.0,120.0,4,Tunis,Appart,12.847929163278053,4.795790545596741
1007000.0,234.0,5,Tunis,House,13.822487164748866,5.459585514144159
800000.0,270.0,5,Ariana,Appart,13.592368256649284,5.602118820879701
300000.0,140.0,4,Ariana,Appart,12.611541086966115,4.948759890378168
2100000.0,425.0,5,Tunis,House,14.557448378884015,6.054439346269371
900000.0,272.0,4,Tunis,Appart,13.710151153416941,5.60947179518496
140000.0,70.0,2,Ariana,Appart,11.849404844423074,4.2626798770413155
360000.0,138.0,4,Ariana,Appart,12.793862088206213,4.9344739331306915
356000.0,137.0,3,Ariana,Appart,12.782688818818986,4.927253685157205
333000.0,122.0,3,Ariana,Appart,12.715900771961074,4.812184355372417
1320000.0,420.0,5,Ariana,Appart,14.093143052138025,6.042632833682381
550000.0,141.0,3,Tunis,Appart,13.217675375388819,4.955827057601261
609000.0,182.0,4,Tunis,Appart,13.31957518872681,5.209486152841421
1200000.0,620.0,5,Ariana,House,13.997832948091215,6.431331081933479
300000.0,107.0,3,Ariana,Appart,12.611541086966115,4.68213122712422
200000.0,60.0,2,Ariana,Appart,12.206077645517674,4.110873864173311
260000.0,100.0,4,Tunis,Appart,12.468440756144114,4.61512051684126
265000.0,113.0,4,Tunis,Appart,12.487488878546145,4.736198448394496
1600000.0,350.0,5,Tunis,House,14.285514812209815,5.860786223465865
320000.0,125.0,5,Tunis,Appart,12.676079399771027,4.836281906951478
710000.0,284.0,5,Tunis,Appart,13.47302165746721,5.652489180268651
850000.0,304.0,5,Ariana,House,13.652992804936396,5.720311776607412
229000.0,77.0,3,Ariana,Appart,12.34148164933907,4.356708826689592
1500000.0,610.0,5,Ariana,Appart,14.220976332738882,6.415096959171596
410000.0,115.0,3,Tunis,Appart,12.923914877701906,4.7535901911063645
320000.0,119.0,4,Tunis,Appart,12.676079399771027,4.787491742782046
360000.0,115.0,3,Tunis,Appart,12.793862088206213,4.7535901911063645
3700000.0,550.0,5,Tunis,House,15.123843647884687,6.311734809152915
390000.0,141.0,3,Ariana,Appart,12.873904582205107,4.955827057601261
3400000.0,617.0,5,Tunis,House,15.039286283703994,6.42648845745769
611000.0,221.0,4,Ariana,Appart,13.322853874813605,5.402677381872279
1027000.0,334.0,5,Ariana,House,13.842153462620056,5.814130531825066
1500000.0,270.0,5,Tunis,Appart,14.220976332738882,5.602118820879701
1250000.0,373.0,5,Ariana,Appart,14.038654909278163,5.924255797414532
750000.0,206.0,4,Tunis,Appart,13.527829818844937,5.332718793265369
1700000.0,525.0,5,Tunis,Appart,14.346139397261565,6.26530121273771
1200000.0,200.0,4,Tunis,Appart,13.997832948091215,5.303304908059076
17000.0,800.0,5,Tunis,House,9.741027444837728,6.68586094706836
375000.0,165.0,4,Ariana,Appart,12.834683971615659,5.111987788356544
1300000.0,260.0,3,Tunis,Appart,14.077875591662238,5.564520407322694
390000.0,100.0,3,Tunis,Appart,12.873904582205107,4.61512051684126
1800000.0,600.0,5,Tunis,House,14.403297778421795,6.398594934535208
2500000.0,400.0,5,Tunis,House,14.731801689838349,5.993961427306569
2500000.0,620.0,5,Tunis,House,14.731801689838349,6.431331081933479
780000.0,180.0,4,Tunis,Appart,13.567050480716235,5.198497031265826
840000.0,450.0,5,Tunis,Appart,13.641158361294979,6.111467339502679
700000.0,130.0,3,Tunis,Appart,13.45883704259595,4.875197323201151
500000.0,181.0,4,Tunis,Appart,13.122365377402328,5.204006687076795
800000.0,225.0,5,Tunis,Appart,13.592368256649284,5.420534999272286
1400000.0,530.0,5,Tunis,House,14.151983508870947,6.274762021241939
450000.0,147.0,3,Tunis,Appart,13.017005083966255,4.997212273764115
500000.0,190.0,5,Tunis,Appart,13.122365377402328,5.25227342804663
650000.0,280.0,5,Tunis,House,13.384729180332174,5.638354669333745
465000.0,166.0,4,Tunis,Appart,13.049794835104816,5.117993812416755
240000.0,61.0,3,Ariana,Appart,12.388398368982115,4.127134385045092
435000.0,140.0,4,Ariana,Appart,12.983103608918753,4.948759890378168
420000.0,240.0,4,Ariana,House,12.948012371209098,5.484796933490655
610000.0,160.0,4,Tunis,Appart,13.321215875492413,5.081404364984463
590000.0,255.0,5,Ariana,Appart,13.28787951079572,5.545177444479562
330000.0,70.0,2,Tunis,Appart,12.706850963741102,4.2626798770413155
215000.0,67.0,2,Tunis,Appart,12.278397958261774,4.219507705176107
1650000.0,467.0,4,Tunis,House,14.316286451937186,6.148468295917647
775000.0,250.0,5,Tunis,Appart,13.560619598657233,5.5254529391317835
2800000.0,489.0,5,Tunis,Appart,14.845130332288226,6.194405391104672
1100000.0,410.0,5,Tunis,House,13.910821646859095,6.018593214496234
550000.0,178.0,4,Tunis,Appart,13.217675375388819,5.187385805840755
512000.0,183.0,4,Tunis,Appart,13.146081857144738,5.214935757608986
512000.0,173.0,4,Tunis,Appart,13.146081857144738,5.159055299214529
475000.0,158.0,4,Tunis,Appart,13.07107218827772,5.0689042022202315
1200000.0,447.0,5,Tunis,House,13.997832948091215,6.104793232414985
438000.0,156.0,4,Tunis,Appart,12.989976472461,5.056245805348308
520000.0,185.0,5,Tunis,House,13.161586013632684,5.225746673713202
399000.0,94.0,3,Tunis,Appart,12.896719202134523,4.553876891600541
1770720.0,278.0,5,Tunis,Appart,14.386897366240479,5.631211781821365
810000.0,318.0,4,Tunis,Appart,13.60479076121576,5.765191102784844
750000.0,150.0,4,Tunis,Appart,13.527829818844937,5.017279836814924
680000.0,260.0,4,Tunis,Appart,13.429849547739444,5.564520407322694
12000.0,800.0,5,Tunis,House,9.392745258631441,6.68586094706836
325000.0,130.0,4,Tunis,Appart,12.691583538230217,4.875197323201151
370000.0,143.0,4,Ariana,Appart,12.821260987319457,4.969813299576001
2100000.0,800.0,5,Tunis,House,14.557448378884015,6.68586094706836
1100000.0,341.0,5,Tunis,House,13.910821646859095,5.834810737062605
340000.0,180.0,5,Tunis,Appart,12.73670383776449,5.198497031265826
1500000.0,409.0,5,Tunis,House,14.220976332738882,6.016157159698354
195000.0,60.0,2,Tunis,Appart,12.180759965737863,4.110873864173311
390000.0,132.0,4,Tunis,Appart,12.873904582205107,4.890349128221754
195000.0,97.0,3,Ariana,Appart,12.180759965737863,4.584967478670572
1200000.0,300.0,4,Ariana,House,13.997832948091215,5.707110264748875
480000.0,175.0,4,Tunis,Appart,13.081543466215237,5.170483995038151
1100000.0,200.0,5,Tunis,House,13.910821646859095,5.303304908059076
700000.0,180.0,4,Tunis,Appart,13.45883704259595,5.198497031265826
870000.0,200.0,4,Tunis,House,13.676249640055394,5.303304908059076
250000.0,128.0,3,Ariana,Appart,12.429220196836383,4.859812404361672
1700000.0,600.0,5,Tunis,House,14.346139397261565,6.398594934535208
1250000.0,360.0,5,Tunis,Appart,14.038654909278163,5.8888779583328805
550000.0,204.0,4,Tunis,Appart,13.217675375388819,5.3230099791384085
750000.0,135.0,3,Tunis,House,13.527829818844937,4.912654885736052
350000.0,89.0,3,Tunis,Appart,12.765691290604371,4.499809670330265
550000.0,195.0,4,Tunis,Appart,13.217675375388819,5.278114659230517
200000.0,67.0,2,Tunis,Appart,12.206077645517674,4.219507705176107
470000.0,146.0,4,Tunis,Appart,13.060490101343552,4.990432586778736
460000.0,131.0,3,Tunis,Appart,13.038983942375959,4.882801922586371
720000.0,175.0,5,Tunis,Appart,13.487007879880162,5.170483995038151
720000.0,261.0,5,Tunis,Appart,13.487007879880162,5.568344503761097
1900000.0,942.0,5,Tunis,House,14.45736497045232,6.849066282633458
733000.0,270.0,5,Tunis,Appart,13.504902345124338,5.602118820879701
680000.0,193.0,4,Tunis,Appart,13.429849547739444,5.267858159063328
804000.0,267.0,5,Ariana,Appart,13.597355791941425,5.5909869805108565
550000.0,270.0,5,Tunis,Appart,13.217675375388819,5.602118820879701
450000.0,150.0,3,Ariana,Appart,13.017005083966255,5.017279836814924
472500.0,225.0,5,Ariana,Appart,13.065795142315812,5.420534999272286
1600000.0,600.0,5,Ariana,House,14.285514812209815,6.398594934535208
980000.0,300.0,5,Ariana,House,13.795308871054397,5.707110264748875
1350000.0,375.0,5,Ariana,House,14.115615891155079,5.929589143389895
350000.0,110.0,2,Tunis,Appart,12.765691290604371,4.709530201312334
270000.0,60.0,2,Tunis,Appart,12.506180941677357,4.110873864173311
2100000.0,520.0,4,Tunis,Appart,14.557448378884015,6.255750041753367
520000.0,160.0,3,Tunis,Appart,13.161586013632684,5.081404364984463
140000.0,70.0,2,Ariana,Appart,11.849404844423074,4.2626798770413155
580000.0,262.0,4,Tunis,Appart,13.270785106659046,5.572154032177765
1050000.0,400.0,5,Tunis,House,13.864301674514206,5.993961427306569
190000.0,90.0,3,Tunis,Appart,12.154784614286667,4.51085950651685
1140000.0,420.0,5,Ariana,House,13.946539697563276,6.042632833682381
1200000.0,420.0,5,Ariana,House,13.997832948091215,6.042632833682381
425000.0,173.0,4,Ariana,Appart,12.959846800844963,5.159055299214529
780000.0,283.0,4,Ariana,House,13.567050480716235,5.648974238161206
270000.0,120.0,3,Ariana,Appart,12.506180941677357,4.795790545596741
700000.0,180.0,3,Tunis,House,13.45883704259595,5.198497031265826
450000.0,190.0,4,Tunis,Appart,13.017005083966255,5.25227342804663
495000.0,220.0,5,Ariana,Appart,13.112315061750808,5.3981627015177525
393750.0,175.0,4,Ariana,Appart,12.883474008801295,5.170483995038151
270000.0,120.0,2,Ariana,Appart,12.506180941677357,4.795790545596741
600000.0,180.0,3,Tunis,Appart,13.304686600863562,5.198497031265826
560000.0,158.0,4,Tunis,Appart,13.235693848424024,5.0689042022202315
693000.0,207.0,5,Tunis,Appart,13.448786721172443,5.337538079701318
693000.0,207.0,5,Tunis,Appart,13.448786721172443,5.337538079701318
300000.0,100.0,4,Tunis,Appart,12.611541086966115,4.61512051684126
654000.0,198.0,5,Tunis,Appart,13.390864159490155,5.293304824724492
2000000.0,500.0,5,Tunis,House,14.508658238524095,6.2166061010848646
270000.0,87.0,2,Tunis,Appart,12.506180941677357,4.477336814478207
650000.0,190.0,5,Tunis,Appart,13.384729180332174,5.25227342804663
650000.0,130.0,4,Tunis,Appart,13.384729180332174,4.875197323201151
740000.0,240.0,5,Ariana,House,13.51440681653079,5.484796933490655
1500000.0,350.0,4,Tunis,Appart,14.220976332738882,5.860786223465865
1150000.0,400.0,5,Tunis,House,13.955273369904273,5.993961427306569
305000.0,135.0,4,Tunis,Appart,12.628070334272698,4.912654885736052
625000.0,230.0,4,Tunis,Appart,13.345508528717259,5.442417710521793
155000.0,70.0,2,Ariana,Appart,11.951186847493476,4.2626798770413155
600000.0,243.0,4,Tunis,House,13.304686600863562,5.497168225293202
440000.0,127.0,3,Tunis,Appart,12.994532278619134,4.852030263919617
1200000.0,155.0,4,Tunis,House,13.997832948091215,5.049856007249537
700000.0,240.0,5,Tunis,Appart,13.45883704259595,5.484796933490655
1490000.0,600.0,5,Ariana,House,14.214287349062356,6.398594934535208
1600000.0,850.0,5,Ariana,House,14.285514812209815,6.7464121285733745
1050000.0,370.0,5,Ariana,House,13.864301674514206,5.916202062607435
900000.0,419.0,3,Tunis,House,13.710151153416941,6.040254711277414
285000.0,122.0,3,Ariana,Appart,12.560247968016562,4.812184355372417
406000.0,145.0,3,Tunis,Appart,12.914110901635024,4.983606621708336
290000.0,80.0,3,Tunis,Appart,12.577639650232573,4.394449154672439
1400000.0,450.0,5,Tunis,House,14.151983508870947,6.111467339502679
1331000.0,317.0,5,Ariana,House,14.101441848691767,5.762051382780177
530000.0,174.0,4,Tunis,Appart,13.180634172318978,5.1647859739235145
395500.0,128.0,3,Tunis,Appart,12.887908594631655,4.859812404361672
380000.0,90.0,2,Tunis,Appart,12.847929163278053,4.51085950651685
420000.0,131.0,3,Tunis,Appart,12.948012371209098,4.882801922586371
3468367.0,700.0,5,Ariana,House,15.059194724286428,6.55250788703459
980000.0,250.0,5,Tunis,Appart,13.795308871054397,5.5254529391317835
410000.0,156.0,3,Tunis,Appart,12.923914877701906,5.056245805348308
265000.0,100.0,4,Ariana,Appart,12.487488878546145,4.61512051684126
450000.0,232.0,5,Ariana,House,13.017005083966255,5.4510384535657
514500.0,245.0,5,Ariana,Appart,13.15095277788895,5.5053315359323625
500000.0,139.0,5,Tunis,Appart,13.122365377402328,4.941642422609304
165000.0,74.0,2,Ariana,Appart,12.013706813470414,4.31748811353631
650000.0,227.0,5,Tunis,Appart,13.384729180332174,5.429345628954441
460000.0,172.0,4,Tunis,Appart,13.038983942375959,5.153291594497779
580000.0,190.0,5,Ariana,Appart,13.270785106659046,5.25227342804663
480000.0,151.0,4,Ariana,Appart,13.081543466215237,5.0238805208462765
460000.0,166.0,4,Tunis,Appart,13.038983942375959,5.117993812416755
1400000.0,276.0,5,Tunis,House,14.151983508870947,5.6240175061873385
1200000.0,270.0,4,Tunis,House,13.997832948091215,5.602118820879701
390000.0,157.0,4,Tunis,Appart,12.873904582205107,5.062595033026967
235000.0,156.0,4,Ariana,Appart,12.367345048436391,5.056245805348308
2000000.0,400.0,4,Ariana,House,14.508658238524095,5.993961427306569
670000.0,234.0,5,Tunis,Appart,13.415034483903348,5.459585514144159
323000.0,150.0,4,Tunis,Appart,12.685410698175234,5.017279836814924
395000.0,146.0,3,Tunis,Appart,12.886643575525625,4.990432586778736
1600000.0,500.0,5,Ariana,House,14.285514812209815,6.2166061010848646
680000.0,242.0,4,Tunis,Appart,13.429849547739444,5.493061443340548
340000.0,170.0,4,Tunis,Appart,12.73670383776449,5.14166355650266
480000.0,300.0,5,Ariana,Appart,13.081543466215237,5.707110264748875
240000.0,140.0,4,Tunis,Appart,12.388398368982115,4.948759890378168
510000.0,182.0,4,Tunis,Appart,13.1421679654829,5.209486152841421
750000.0,300.0,5,Tunis,Appart,13.527829818844937,5.707110264748875
411000.0,120.0,3,Tunis,Appart,12.926350926565435,4.795790545596741
649000.0,180.0,4,Tunis,Appart,13.38318953651709,5.198497031265826
850000.0,420.0,5,Tunis,House,13.652992804936396,6.042632833682381
2000000.0,670.0,5,Tunis,House,14.508658238524095,6.508769136971682
1522248.0,312.0,4,Tunis,Appart,14.235699404548285,5.746203190540153
600000.0,540.0,5,Tunis,House,13.304686600863562,6.293419278846481
2900000.0,660.0,5,Tunis,House,14.88022163978423,6.493753839851686
2300000.0,250.0,5,Ariana,House,14.648420115681892,5.5254529391317835
650000.0,175.0,3,Tunis,Appart,13.384729180332174,5.170483995038151
800000.0,260.0,5,Tunis,House,13.592368256649284,5.564520407322694
5300000.0,600.0,5,Ariana,House,15.483217567201578,6.398594934535208
320000.0,170.0,4,Tunis,Appart,12.676079399771027,5.14166355650266
1050000.0,170.0,5,Tunis,House,13.864301674514206,5.14166355650266
780000.0,236.0,5,Tunis,Appart,13.567050480716235,5.4680601411351315
625000.0,125.0,3,Tunis,Appart,13.345508528717259,4.836281906951478
1300000.0,220.0,5,Ariana,House,14.077875591662238,5.3981627015177525
330000.0,120.0,2,Tunis,Appart,12.706850963741102,4.795790545596741
1500000.0,300.0,5,Tunis,House,14.220976332738882,5.707110264748875
320000.0,107.0,3,Tunis,Appart,12.676079399771027,4.68213122712422
1200000.0,522.0,5,Ariana,House,13.997832948091215,6.259581464064923
485000.0,192.0,3,Tunis,Appart,13.091906231773164,5.262690188904886
650000.0,199.0,5,Tunis,Appart,13.384729180332174,5.298317366548036
620000.0,170.0,4,Tunis,Appart,13.3374763699232,5.14166355650266
2000000.0,400.0,5,Ariana,House,14.508658238524095,5.993961427306569
640000.0,240.0,5,Tunis,Appart,13.369225017834633,5.484796933490655
996000.0,322.0,4,Tunis,House,13.811503540582295,5.777652323222656
1800000.0,500.0,5,Tunis,House,14.403297778421795,6.2166061010848646
1600000.0,580.0,5,Ariana,House,14.285514812209815,6.364750756851911
320000.0,150.0,4,Ariana,Appart,12.676079399771027,5.017279836814924
450000.0,156.0,3,Tunis,Appart,13.017005083966255,5.056245805348308
3700000.0,620.0,5,Tunis,House,15.123843647884687,6.431331081933479
1250000.0,516.0,5,Tunis,House,14.038654909278163,6.248042874508429
170000.0,80.0,2,Tunis,Appart,12.04355959836804,4.394449154672439
2150000.0,630.0,5,Tunis,House,14.580978865220017,6.447305862541213
220000.0,95.0,4,Ariana,Appart,12.301387370778713,4.564348191467836
330000.0,186.0,5,Ariana,Appart,12.706850963741102,5.231108616854587
280000.0,160.0,4,Ariana,Appart,12.54254845357358,5.081404364984463
1950000.0,800.0,5,Tunis,House,14.48334044336031,6.68586094706836
450000.0,196.0,4,Tunis,Appart,13.017005083966255,5.2832037287379885
2700000.0,600.0,5,Tunis,House,14.80876270134486,6.398594934535208
1640000.0,580.0,5,Tunis,House,14.310207409556293,6.364750756851911
850000.0,200.0,5,Tunis,House,13.652992804936396,5.303304908059076
340000.0,130.0,4,Ariana,Appart,12.73670383776449,4.875197323201151
309580.0,118.0,3,Ariana,Appart,12.64297504930548,4.77912349311153
570150.0,222.0,4,Ariana,House,13.253656517008372,5.407171771460119
1270000.0,400.0,5,Ariana,House,14.054528245836039,5.993961427306569
365000.0,133.0,4,Ariana,Appart,12.807655372286902,4.897839799950911
390000.0,156.0,4,Tunis,Appart,12.873904582205107,5.056245805348308
1100000.0,300.0,5,Ariana,House,13.910821646859095,5.707110264748875
350000.0,150.0,4,Ariana,Appart,12.765691290604371,5.017279836814924
450000.0,206.0,5,Tunis,Appart,13.017005083966255,5.332718793265369
230000.0,94.0,2,Tunis,Appart,12.345838935721968,4.553876891600541
740000.0,281.0,5,Ariana,Appart,13.51440681653079,5.641907070938114
240000.0,124.0,3,Ariana,House,12.388398368982115,4.8283137373023015
820000.0,380.0,5,Ariana,House,13.617060838751888,5.942799375126701
1000000.0,480.0,5,Tunis,House,13.815511557963774,6.175867270105761
2280000.0,850.0,5,Ariana,House,14.639686439527019,6.7464121285733745
690000.0,247.0,5,Ariana,Appart,13.444448325847754,5.5134287461649825
2200000.0,562.0,5,Tunis,House,14.603968372873895,6.333279628139691
950000.0,400.0,5,Tunis,Appart,13.76421831620775,5.993961427306569
1500000.0,400.0,5,Ariana,House,14.220976332738882,5.993961427306569
720000.0,330.0,5,Tunis,House,13.487007879880162,5.802118375377063
295000.0,110.0,3,Ariana,Appart,12.59473402514672,4.709530201312334
790000.0,246.0,4,Tunis,Appart,13.579789490265188,5.5093883366279774
1700000.0,265.0,5,Tunis,Appart,14.346139397261565,5.583496308781699
790000.0,220.0,4,Tunis,House,13.579789490265188,5.3981627015177525
2800000.0,600.0,5,Tunis,House,14.845130332288226,6.398594934535208
